{
    "interlude_p": {
        "Create": {
            "StaticMesh": [
                {
                    "Prop_Fences.Meshes.CorrugatedFenceSmall": {
                        "Rename": "",
                        "Tags": [],
                        "Metadata": "",
                        "Location": [
                            7651.080078125,
                            5474.99609375,
                            2497.218017578125
                        ],
                        "Rotation": [
                            -700,
                            -16800,
                            0
                        ],
                        "Scale": 1.8899999856948853,
                        "Scale3D": [
                            0.9700000286102295,
                            1,
                            1
                        ],
                        "Materials": []
                    }
                },
                {
                    "Prop_Garbage.Meshes.GarbageMound": {
                        "Rename": "",
                        "Tags": [],
                        "Metadata": "",
                        "Location": [
                            6880.23876953125,
                            6180.92578125,
                            2038.0009765625
                        ],
                        "Rotation": [
                            0,
                            -7500,
                            0
                        ],
                        "Scale": 0.27000001072883606,
                        "Scale3D": [
                            1,
                            1,
                            1.340000033378601
                        ],
                        "Materials": []
                    }
                },
                {
                    "prop_gates.Meshes.CorrugatedGate": {
                        "Rename": "",
                        "Tags": [],
                        "Metadata": "",
                        "Location": [
                            5807.1201171875,
                            3764.610107421875,
                            2114.5859375
                        ],
                        "Rotation": [
                            -2000,
                            -22000,
                            0
                        ],
                        "Scale": 1,
                        "Scale3D": [
                            1,
                            1,
                            1
                        ],
                        "Materials": []
                    }
                },
                {
                    "prop_gates.Meshes.CorrugatedGate": {
                        "Rename": "",
                        "Tags": [],
                        "Metadata": "",
                        "Location": [
                            4897.1201171875,
                            2434.610107421875,
                            1714.5860595703125
                        ],
                        "Rotation": [
                            -3000,
                            -23000,
                            0
                        ],
                        "Scale": 1,
                        "Scale3D": [
                            1.2999999523162842,
                            1,
                            1
                        ],
                        "Materials": []
                    }
                },
                {
                    "Prop_Fences.Meshes.BanditCover_03": {
                        "Rename": "",
                        "Tags": [],
                        "Metadata": "",
                        "Location": [
                            2238.98388671875,
                            2976.947021484375,
                            1482.8470458984375
                        ],
                        "Rotation": [
                            0,
                            -2000,
                            0
                        ],
                        "Scale": 3,
                        "Scale3D": [
                            1.5,
                            1,
                            1
                        ],
                        "Materials": []
                    }
                },
                {
                    "Common_Meshes.Blocking.Blocking_Cube": {
                        "Rename": "Invisible Wall 1",
                        "Tags": [],
                        "Metadata": "",
                        "Location": [
                            991.85302734375,
                            3216.794921875,
                            1770.4940185546875
                        ],
                        "Rotation": [
                            0,
                            -18500,
                            0
                        ],
                        "Scale": 3,
                        "Scale3D": [
                            0.009999999776482582,
                            4.340000152587891,
                            1.1699999570846558
                        ],
                        "Materials": [
                            "FX_ENV_VOG.Materials.Angel_Echo_INST"
                        ]
                    }
                },
                {
                    "Prop_Fences.Meshes.BanditCover_01": {
                        "Rename": "",
                        "Tags": [],
                        "Metadata": "",
                        "Location": [
                            -934.3040161132812,
                            5514.0439453125,
                            1572.593017578125
                        ],
                        "Rotation": [
                            0,
                            -3000,
                            0
                        ],
                        "Scale": 2,
                        "Scale3D": [
                            1,
                            1,
                            1.399999976158142
                        ],
                        "Materials": []
                    }
                },
                {
                    "Common_Meshes.Blocking.Blocking_Cube": {
                        "Rename": "Invisible Wall 2",
                        "Tags": [],
                        "Metadata": "",
                        "Location": [
                            991.85302734375,
                            3216.794921875,
                            1770.4940185546875
                        ],
                        "Rotation": [
                            0,
                            -3700,
                            0
                        ],
                        "Scale": 3,
                        "Scale3D": [
                            0.009999999776482582,
                            0.5199999809265137,
                            1.1699999570846558
                        ],
                        "Materials": [
                            "FX_ENV_VOG.Materials.Angel_Echo_INST"
                        ]
                    }
                },
                {
                    "Common_Meshes.Blocking.Blocking_Cube": {
                        "Rename": "Invisible Wall 3",
                        "Tags": [],
                        "Metadata": "",
                        "Location": [
                            1132.85302734375,
                            3583.794921875,
                            1770.4940185546875
                        ],
                        "Rotation": [
                            0,
                            13300,
                            0
                        ],
                        "Scale": 3,
                        "Scale3D": [
                            0.009999999776482582,
                            2.259999990463257,
                            1.1699999570846558
                        ],
                        "Materials": [
                            "FX_ENV_VOG.Materials.Angel_Echo_INST"
                        ]
                    }
                },
                {
                    "Common_Meshes.Blocking.Blocking_Cube": {
                        "Rename": "Invisible Wall 4",
                        "Tags": [],
                        "Metadata": "",
                        "Location": [
                            -521.14697265625,
                            4087.794921875,
                            1770.4940185546875
                        ],
                        "Rotation": [
                            0,
                            -3600,
                            0
                        ],
                        "Scale": 3,
                        "Scale3D": [
                            0.009999999776482582,
                            1,
                            1.1699999570846558
                        ],
                        "Materials": [
                            "FX_ENV_VOG.Materials.Angel_Echo_INST"
                        ]
                    }
                },
                {
                    "Prop_Fences.Meshes.BanditCover_02": {
                        "Rename": "",
                        "Tags": [],
                        "Metadata": "",
                        "Location": [
                            -2918.18505859375,
                            6227.708984375,
                            1550.137939453125
                        ],
                        "Rotation": [
                            0,
                            -5500,
                            0
                        ],
                        "Scale": 2.2799999713897705,
                        "Scale3D": [
                            1.100000023841858,
                            1,
                            1.1699999570846558
                        ],
                        "Materials": []
                    }
                },
                {
                    "Prop_Fences.Meshes.BanditCover_02": {
                        "Rename": "",
                        "Tags": [],
                        "Metadata": "",
                        "Location": [
                            -3282.06005859375,
                            7110.5439453125,
                            1649.47998046875
                        ],
                        "Rotation": [
                            -1500,
                            -11300,
                            0
                        ],
                        "Scale": 2.299999952316284,
                        "Scale3D": [
                            0.8999999761581421,
                            1,
                            1.159999966621399
                        ],
                        "Materials": []
                    }
                },
                {
                    "prop_gates.Meshes.CorrugatedGate": {
                        "Rename": "",
                        "Tags": [],
                        "Metadata": "",
                        "Location": [
                            -3288.576904296875,
                            8506.3017578125,
                            1800.9320068359375
                        ],
                        "Rotation": [
                            -1000,
                            15300,
                            0
                        ],
                        "Scale": 1,
                        "Scale3D": [
                            0.9300000071525574,
                            1,
                            1
                        ],
                        "Materials": []
                    }
                },
                {
                    "prop_gates.Meshes.CorrugatedGate": {
                        "Rename": "",
                        "Tags": [],
                        "Metadata": "",
                        "Location": [
                            -2546.576904296875,
                            9363.3017578125,
                            1519.9320068359375
                        ],
                        "Rotation": [
                            -3300,
                            4300,
                            0
                        ],
                        "Scale": 1,
                        "Scale3D": [
                            1,
                            1,
                            1
                        ],
                        "Materials": []
                    }
                },
                {
                    "prop_gates.Meshes.CorrugatedGate": {
                        "Rename": "",
                        "Tags": [],
                        "Metadata": "",
                        "Location": [
                            -1427.5770263671875,
                            9625.3017578125,
                            1492.9320068359375
                        ],
                        "Rotation": [
                            3500,
                            2000,
                            0
                        ],
                        "Scale": 1,
                        "Scale3D": [
                            1,
                            1,
                            1
                        ],
                        "Materials": []
                    }
                },
                {
                    "prop_gates.Meshes.CorrugatedGate": {
                        "Rename": "",
                        "Tags": [],
                        "Metadata": "",
                        "Location": [
                            -193.57699584960938,
                            10035.3017578125,
                            1661.9320068359375
                        ],
                        "Rotation": [
                            0,
                            5700,
                            0
                        ],
                        "Scale": 1,
                        "Scale3D": [
                            1,
                            1,
                            1
                        ],
                        "Materials": []
                    }
                },
                {
                    "prop_gates.Meshes.CorrugatedGate": {
                        "Rename": "",
                        "Tags": [],
                        "Metadata": "",
                        "Location": [
                            1020.4229736328125,
                            10778.3017578125,
                            1695.9320068359375
                        ],
                        "Rotation": [
                            0,
                            5700,
                            0
                        ],
                        "Scale": 1,
                        "Scale3D": [
                            1,
                            1,
                            1
                        ],
                        "Materials": []
                    }
                },
                {
                    "Prop_Rocks_03.Meshes.BarrensRoundRock": {
                        "Rename": "",
                        "Tags": [],
                        "Metadata": "",
                        "Location": [
                            2462.1689453125,
                            11481.1953125,
                            935.1329956054688
                        ],
                        "Rotation": [
                            0,
                            400,
                            0
                        ],
                        "Scale": 0.8199999928474426,
                        "Scale3D": [
                            1.3799999952316284,
                            1,
                            1.2300000190734863
                        ],
                        "Materials": []
                    }
                },
                {
                    "Prop_Rocks_03.Meshes.BarrensRoundRock": {
                        "Rename": "",
                        "Tags": [],
                        "Metadata": "",
                        "Location": [
                            3436.1689453125,
                            11086.1953125,
                            1138.133056640625
                        ],
                        "Rotation": [
                            0,
                            -4800,
                            0
                        ],
                        "Scale": 0.550000011920929,
                        "Scale3D": [
                            1.3799999952316284,
                            1,
                            0.8899999856948853
                        ],
                        "Materials": []
                    }
                },
                {
                    "Common_Meshes.Blocking.Blocking_Cube": {
                        "Rename": "Invisible Wall 5",
                        "Tags": [],
                        "Metadata": "",
                        "Location": [
                            1606.842041015625,
                            11132.7548828125,
                            1878.9449462890625
                        ],
                        "Rotation": [
                            0,
                            22150,
                            0
                        ],
                        "Scale": 3,
                        "Scale3D": [
                            0.009999999776482582,
                            3.6700000762939453,
                            1
                        ],
                        "Materials": [
                            "FX_ENV_VOG.Materials.Angel_Echo_INST"
                        ]
                    }
                },
                {
                    "Common_Meshes.Blocking.Blocking_Cube": {
                        "Rename": "Invisible Wall 6",
                        "Tags": [],
                        "Metadata": "",
                        "Location": [
                            -780.5460205078125,
                            9720.1396484375,
                            902.3389892578125
                        ],
                        "Rotation": [
                            0,
                            17200,
                            0
                        ],
                        "Scale": 3,
                        "Scale3D": [
                            0.009999999776482582,
                            1.690000057220459,
                            2.2699999809265137
                        ],
                        "Materials": [
                            "FX_ENV_VOG.Materials.Angel_Echo_INST"
                        ]
                    }
                },
                {
                    "Common_Meshes.Blocking.Blocking_Cube": {
                        "Rename": "Invisible Wall 7",
                        "Tags": [],
                        "Metadata": "",
                        "Location": [
                            -2082.5458984375,
                            9578.1396484375,
                            801.3389892578125
                        ],
                        "Rotation": [
                            0,
                            19700,
                            0
                        ],
                        "Scale": 3,
                        "Scale3D": [
                            0.009999999776482582,
                            1.690000057220459,
                            2.4100000858306885
                        ],
                        "Materials": [
                            "FX_ENV_VOG.Materials.Angel_Echo_INST"
                        ]
                    }
                },
                {
                    "Prop_Walkways.CatwalkSingle": {
                        "Rename": "",
                        "Tags": [],
                        "Metadata": "",
                        "Location": [
                            -1736.8380126953125,
                            9283.08984375,
                            1287.614013671875
                        ],
                        "Rotation": [
                            -800,
                            3700,
                            0
                        ],
                        "Scale": 1.75,
                        "Scale3D": [
                            1.399999976158142,
                            1,
                            0.27000001072883606
                        ],
                        "Materials": []
                    }
                },
                {
                    "Common_Meshes.Blocking.Blocking_Cube": {
                        "Rename": "Invisible Wall 8",
                        "Tags": [],
                        "Metadata": "",
                        "Location": [
                            -2515.572998046875,
                            8760.177734375,
                            1263.6080322265625
                        ],
                        "Rotation": [
                            -16400,
                            0,
                            0
                        ],
                        "Scale": 2.2200000286102295,
                        "Scale3D": [
                            0.009999999776482582,
                            1.690000057220459,
                            2.4100000858306885
                        ],
                        "Materials": [
                            "FX_ENV_VOG.Materials.Angel_Echo_INST"
                        ]
                    }
                },
                {
                    "Common_Meshes.Blocking.Blocking_Cube": {
                        "Rename": "Invisible Wall 9",
                        "Tags": [],
                        "Metadata": "",
                        "Location": [
                            -2501.66796875,
                            5653.43896484375,
                            1256.43505859375
                        ],
                        "Rotation": [
                            0,
                            5500,
                            0
                        ],
                        "Scale": 3,
                        "Scale3D": [
                            0.009999999776482582,
                            2.2100000381469727,
                            1.3700000047683716
                        ],
                        "Materials": [
                            "FX_ENV_VOG.Materials.Angel_Echo_INST"
                        ]
                    }
                },
                {
                    "Prop_Panels.MetalPanel": {
                        "Rename": "",
                        "Tags": [],
                        "Metadata": "",
                        "Location": [
                            471.3420104980469,
                            4282.55712890625,
                            1552.68798828125
                        ],
                        "Rotation": [
                            -200,
                            -2400,
                            -9000
                        ],
                        "Scale": 0.5299999713897705,
                        "Scale3D": [
                            1,
                            0.009999999776482582,
                            1
                        ],
                        "Materials": []
                    }
                },
                {
                    "Prop_Crate.Meshes.BanditCrate01": {
                        "Rename": "",
                        "Tags": [],
                        "Metadata": "",
                        "Location": [
                            458.3659973144531,
                            4215.2451171875,
                            1481.4425048828125
                        ],
                        "Rotation": [
                            0,
                            -3000,
                            0
                        ],
                        "Scale": 0.800000011920929,
                        "Scale3D": [
                            1,
                            1,
                            1
                        ],
                        "Materials": []
                    }
                },
                {
                    "EngineMeshes.Sphere": {
                        "Rename": "Pressure Plate",
                        "Tags": [
                            "Pressure Plate"
                        ],
                        "Metadata": "",
                        "Location": [
                            398.4540100097656,
                            4035.43310546875,
                            1489
                        ],
                        "Rotation": [
                            0,
                            0,
                            0
                        ],
                        "Scale": 0.5,
                        "Scale3D": [
                            1,
                            1,
                            0.0010000000474974513
                        ],
                        "Materials": [
                            "Anemone_GunMaterials.Materials.SMG.Mati_Tediore_6_Infection_Cleaner"
                        ]
                    }
                },
                {
                    "Char_Anem_ButtStallion.Mesh.ButtStallion": {
                        "Rename": "",
                        "Tags": [],
                        "Metadata": "",
                        "Location": [
                            403.6910095214844,
                            4079.5400390625,
                            1490
                        ],
                        "Rotation": [
                            0,
                            -34000,
                            16400
                        ],
                        "Scale": 0.5,
                        "Scale3D": [
                            1,
                            0.0010000000474974513,
                            1
                        ],
                        "Materials": []
                    }
                }
            ],
            "InteractiveObjectDefinition": [
                {
                    "GD_Balance_Treasure.ChestGrades.ObjectGrade_DahlEpic": {
                        "Rename": "",
                        "Location": [
                            6364.78125,
                            4898.5087890625,
                            1951.75
                        ],
                        "Rotation": [
                            2700,
                            0,
                            1200
                        ],
                        "Scale": 1,
                        "Scale3D": [
                            1,
                            1,
                            1
                        ],
                        "Materials": [
                            "Interlude_P.TheWorld:PersistentLevel.WillowInteractiveObject_176.SkeletalMeshComponent_680.MaterialInstanceConstant_684"
                        ]
                    }
                },
                {
                    "GD_Balance_Treasure.ChestGrades.ObjectGrade_DahlEpic": {
                        "Rename": "",
                        "Location": [
                            3984.10107421875,
                            2916.157958984375,
                            1486.427001953125
                        ],
                        "Rotation": [
                            0,
                            14000,
                            0
                        ],
                        "Scale": 1,
                        "Scale3D": [
                            1,
                            1,
                            1
                        ],
                        "Materials": [
                            "Interlude_P.TheWorld:PersistentLevel.WillowInteractiveObject_177.SkeletalMeshComponent_681.MaterialInstanceConstant_685"
                        ]
                    }
                },
                {
                    "GD_Balance_Treasure.ChestGrades.ObjectGrade_DahlEpic": {
                        "Rename": "",
                        "Location": [
                            3067.964111328125,
                            6845.1201171875,
                            1450.9150390625
                        ],
                        "Rotation": [
                            -1300,
                            24900,
                            0
                        ],
                        "Scale": 1,
                        "Scale3D": [
                            1,
                            1,
                            1
                        ],
                        "Materials": [
                            "Interlude_P.TheWorld:PersistentLevel.WillowInteractiveObject_178.SkeletalMeshComponent_682.MaterialInstanceConstant_686"
                        ]
                    }
                },
                {
                    "GD_Balance_Treasure.ChestGrades.ObjectGrade_DahlEpic": {
                        "Rename": "",
                        "Location": [
                            633.7520141601562,
                            6288.53076171875,
                            2136
                        ],
                        "Rotation": [
                            0,
                            900,
                            -100
                        ],
                        "Scale": 1,
                        "Scale3D": [
                            1,
                            1,
                            1
                        ],
                        "Materials": [
                            "Interlude_P.TheWorld:PersistentLevel.WillowInteractiveObject_179.SkeletalMeshComponent_683.MaterialInstanceConstant_687"
                        ]
                    }
                },
                {
                    "GD_Balance_Treasure.ChestGrades.ObjectGrade_DahlEpic": {
                        "Rename": "",
                        "Location": [
                            -1746.3179931640625,
                            9280.1337890625,
                            1288.1800537109375
                        ],
                        "Rotation": [
                            0,
                            -13700,
                            800
                        ],
                        "Scale": 1,
                        "Scale3D": [
                            1,
                            1,
                            1
                        ],
                        "Materials": [
                            "Interlude_P.TheWorld:PersistentLevel.WillowInteractiveObject_180.SkeletalMeshComponent_684.MaterialInstanceConstant_688"
                        ]
                    }
                },
                {
                    "GD_Balance_Treasure.ChestGrades.ObjectGrade_DahlEpic": {
                        "Rename": "",
                        "Location": [
                            2827.64111328125,
                            10382.8916015625,
                            1468.8609619140625
                        ],
                        "Rotation": [
                            0,
                            -10600,
                            0
                        ],
                        "Scale": 1,
                        "Scale3D": [
                            1,
                            1,
                            1
                        ],
                        "Materials": [
                            "Interlude_P.TheWorld:PersistentLevel.WillowInteractiveObject_181.SkeletalMeshComponent_685.MaterialInstanceConstant_689"
                        ]
                    }
                },
                {
                    "GD_LevelChallenges.InteractiveObjects.IO_VaultRoy": {
                        "Rename": "Vault Symbol Reward",
                        "Tags": [
                            "Vault Symbol Reward"
                        ],
                        "Location": [
                            3868.97802734375,
                            8788.03125,
                            2277.6640625
                        ],
                        "Rotation": [
                            -3300,
                            -29000,
                            0
                        ],
                        "Scale": 0.5699999928474426,
                        "Scale3D": [
                            1,
                            1,
                            1
                        ],
                        "Materials": []
                    }
                }
            ]
        }
    }
}