{
    "dam_p": {
        "Create": {
            "StaticMesh": [
                {
                    "Prop_Panels.DiamondPlate": {
                        "Rename": "",
                        "Tags": [],
                        "Metadata": "",
                        "Location": [
                            -12995.5341796875,
                            7982.916015625,
                            -1021.3140258789062
                        ],
                        "Rotation": [
                            16400,
                            0,
                            0
                        ],
                        "Scale": 1.4800000190734863,
                        "Scale3D": [
                            1,
                            1.1699999570846558,
                            1
                        ],
                        "Materials": []
                    }
                },
                {
                    "Prop_Panels.DiamondPlate": {
                        "Rename": "",
                        "Tags": [],
                        "Metadata": "",
                        "Location": [
                            -6898.0751953125,
                            7472.3427734375,
                            -1037.425048828125
                        ],
                        "Rotation": [
                            16400,
                            0,
                            0
                        ],
                        "Scale": 1.2100000381469727,
                        "Scale3D": [
                            0.9100000262260437,
                            1.4700000286102295,
                            1
                        ],
                        "Materials": []
                    }
                },
                {
                    "EngineMeshes.Sphere": {
                        "Rename": "Pressure Plate",
                        "Tags": [
                            "Pressure Plate"
                        ],
                        "Metadata": "",
                        "Location": [
                            -7000,
                            5804.18212890625,
                            -504
                        ],
                        "Rotation": [
                            0,
                            0,
                            0
                        ],
                        "Scale": 0.30000001192092896,
                        "Scale3D": [
                            1,
                            1,
                            0.0010000000474974513
                        ],
                        "Materials": [
                            "Anemone_GunMaterials.Materials.SMG.Mati_Tediore_6_Infection_Cleaner"
                        ]
                    }
                },
                {
                    "Char_Anem_ButtStallion.Mesh.ButtStallion": {
                        "Rename": "",
                        "Tags": [],
                        "Metadata": "",
                        "Location": [
                            -7000.705078125,
                            5827.4521484375,
                            -503
                        ],
                        "Rotation": [
                            0,
                            0,
                            -16400
                        ],
                        "Scale": 0.30000001192092896,
                        "Scale3D": [
                            1,
                            0.0010000000474974513,
                            1
                        ],
                        "Materials": []
                    }
                }
            ],
            "InteractiveObjectDefinition": [
                {
                    "GD_Balance_Treasure.ChestGrades.ObjectGrade_DahlEpic": {
                        "Rename": "",
                        "Location": [
                            -12287.1923828125,
                            7451.34130859375,
                            -1022.2999877929688
                        ],
                        "Rotation": [
                            0,
                            32800,
                            0
                        ],
                        "Scale": 1,
                        "Scale3D": [
                            1,
                            1,
                            1
                        ],
                        "Materials": [
                            "dam_p.TheWorld:PersistentLevel.WillowInteractiveObject_31.SkeletalMeshComponent_203.MaterialInstanceConstant_235"
                        ]
                    }
                },
                {
                    "GD_Balance_Treasure.ChestGrades.ObjectGrade_DahlEpic": {
                        "Rename": "",
                        "Location": [
                            -10270.494140625,
                            8809.32421875,
                            -963
                        ],
                        "Rotation": [
                            0,
                            -16400,
                            0
                        ],
                        "Scale": 1,
                        "Scale3D": [
                            1,
                            1,
                            1
                        ],
                        "Materials": [
                            "dam_p.TheWorld:PersistentLevel.WillowInteractiveObject_32.SkeletalMeshComponent_204.MaterialInstanceConstant_236"
                        ]
                    }
                },
                {
                    "GD_Balance_Treasure.ChestGrades.ObjectGrade_DahlEpic": {
                        "Rename": "",
                        "Location": [
                            -10010,
                            6590.66015625,
                            -1162
                        ],
                        "Rotation": [
                            0,
                            16400,
                            0
                        ],
                        "Scale": 0.9900000095367432,
                        "Scale3D": [
                            1,
                            1,
                            1
                        ],
                        "Materials": [
                            "dam_p.TheWorld:PersistentLevel.WillowInteractiveObject_33.SkeletalMeshComponent_205.MaterialInstanceConstant_237"
                        ]
                    }
                },
                {
                    "GD_Balance_Treasure.ChestGrades.ObjectGrade_DahlEpic": {
                        "Rename": "",
                        "Location": [
                            -7026,
                            7212.8369140625,
                            -1023
                        ],
                        "Rotation": [
                            0,
                            32800,
                            0
                        ],
                        "Scale": 1,
                        "Scale3D": [
                            1,
                            1,
                            1
                        ],
                        "Materials": [
                            "dam_p.TheWorld:PersistentLevel.WillowInteractiveObject_34.SkeletalMeshComponent_206.MaterialInstanceConstant_238"
                        ]
                    }
                },
                {
                    "GD_Balance_Treasure.ChestGrades.ObjectGrade_DahlEpic": {
                        "Rename": "",
                        "Location": [
                            -8569.73828125,
                            5853.73681640625,
                            -851
                        ],
                        "Rotation": [
                            0,
                            16400,
                            0
                        ],
                        "Scale": 1,
                        "Scale3D": [
                            1,
                            1,
                            1
                        ],
                        "Materials": [
                            "dam_p.TheWorld:PersistentLevel.WillowInteractiveObject_35.SkeletalMeshComponent_207.MaterialInstanceConstant_239"
                        ]
                    }
                },
                {
                    "GD_LevelChallenges.InteractiveObjects.IO_VaultRoy": {
                        "Rename": "Vault Symbol Reward",
                        "Tags": [
                            "Vault Symbol Reward"
                        ],
                        "Location": [
                            -7670.955078125,
                            8059.97998046875,
                            -807.656005859375
                        ],
                        "Rotation": [
                            -3000,
                            -16400,
                            0
                        ],
                        "Scale": 0.6899999976158142,
                        "Scale3D": [
                            1,
                            1,
                            1
                        ],
                        "Materials": []
                    }
                }
            ]
        }
    }
}