{
    "fridge_p": {
        "Create": {
            "StaticMesh": [
                {
                    "Prop_LynchWood.Mesh.LynchWoodTechWallDoor": {
                        "Rename": "",
                        "Tags": [],
                        "Metadata": "",
                        "Location": [
                            10730.0234375,
                            15002.2822265625,
                            10641.921875
                        ],
                        "Rotation": [
                            32800,
                            -4000,
                            -4000
                        ],
                        "Scale": 3,
                        "Scale3D": [
                            1,
                            1,
                            1
                        ],
                        "Materials": []
                    }
                },
                {
                    "Prop_LynchWood.Mesh.LynchWoodTechWallDoor": {
                        "Rename": "",
                        "Tags": [],
                        "Metadata": "",
                        "Location": [
                            10730.0234375,
                            15002.2822265625,
                            10641.921875
                        ],
                        "Rotation": [
                            32800,
                            -4000,
                            -4000
                        ],
                        "Scale": 3,
                        "Scale3D": [
                            -1,
                            1,
                            1
                        ],
                        "Materials": []
                    }
                },
                {
                    "Prop_Barrels.Meshes.MetalBarrel": {
                        "Rename": "",
                        "Tags": [],
                        "Metadata": "",
                        "Location": [
                            11326.2724609375,
                            18960.84375,
                            9839.84375
                        ],
                        "Rotation": [
                            16400,
                            4500,
                            0
                        ],
                        "Scale": 9.819999694824219,
                        "Scale3D": [
                            1,
                            1,
                            0.009999999776482582
                        ],
                        "Materials": []
                    }
                },
                {
                    "Env_Caverns.Meshes.Dahl_ConcWalk": {
                        "Rename": "",
                        "Tags": [],
                        "Metadata": "",
                        "Location": [
                            6668.865234375,
                            17198.53125,
                            11321.07421875
                        ],
                        "Rotation": [
                            0,
                            -4100,
                            16400
                        ],
                        "Scale": 1,
                        "Scale3D": [
                            1,
                            1,
                            0.009999999776482582
                        ],
                        "Materials": []
                    }
                },
                {
                    "Prop_Stairs.Meshes.Sanc_Stairs": {
                        "Rename": "",
                        "Tags": [],
                        "Metadata": "",
                        "Location": [
                            7872.4580078125,
                            14656.47265625,
                            10961.4072265625
                        ],
                        "Rotation": [
                            0,
                            -4100,
                            0
                        ],
                        "Scale": 2,
                        "Scale3D": [
                            0.00009999999747378752,
                            1.7000000476837158,
                            1
                        ],
                        "Materials": []
                    }
                },
                {
                    "Prop_Stairs.Meshes.Sanc_Stairs": {
                        "Rename": "",
                        "Tags": [],
                        "Metadata": "",
                        "Location": [
                            9082.4580078125,
                            14246.47265625,
                            10961.4072265625
                        ],
                        "Rotation": [
                            0,
                            28670,
                            0
                        ],
                        "Scale": 2,
                        "Scale3D": [
                            0.00009999999747378752,
                            1.7000000476837158,
                            1
                        ],
                        "Materials": []
                    }
                },
                {
                    "Prop_Stairs.Meshes.Sanc_Stairs": {
                        "Rename": "",
                        "Tags": [],
                        "Metadata": "",
                        "Location": [
                            8112.4580078125,
                            13486.47265625,
                            10951.4072265625
                        ],
                        "Rotation": [
                            0,
                            12300,
                            0
                        ],
                        "Scale": 2,
                        "Scale3D": [
                            0.00009999999747378752,
                            1.2999999523162842,
                            1
                        ],
                        "Materials": []
                    }
                },
                {
                    "Prop_Stairs.Meshes.Sanc_Stairs": {
                        "Rename": "",
                        "Tags": [],
                        "Metadata": "",
                        "Location": [
                            8112.4580078125,
                            13486.47265625,
                            11201.4072265625
                        ],
                        "Rotation": [
                            -9000,
                            12300,
                            0
                        ],
                        "Scale": 2,
                        "Scale3D": [
                            0.00009999999747378752,
                            1.2999999523162842,
                            0.699999988079071
                        ],
                        "Materials": []
                    }
                },
                {
                    "EngineMeshes.Sphere": {
                        "Rename": "Pressure Plate",
                        "Tags": [
                            "Pressure Plate"
                        ],
                        "Metadata": "",
                        "Location": [
                            9254.25,
                            15235.90234375,
                            10999
                        ],
                        "Rotation": [
                            0,
                            0,
                            0
                        ],
                        "Scale": 0.5,
                        "Scale3D": [
                            1,
                            1,
                            0.0010000000474974513
                        ],
                        "Materials": [
                            "Anemone_GunMaterials.Materials.SMG.Mati_Tediore_6_Infection_Cleaner"
                        ]
                    }
                },
                {
                    "Char_Anem_ButtStallion.Mesh.ButtStallion": {
                        "Rename": "",
                        "Tags": [],
                        "Metadata": "",
                        "Location": [
                            9264.705078125,
                            15279.7197265625,
                            11000
                        ],
                        "Rotation": [
                            0,
                            -3600,
                            -16400
                        ],
                        "Scale": 0.5,
                        "Scale3D": [
                            1,
                            0.0010000000474974513,
                            1
                        ],
                        "Materials": []
                    }
                }
            ],
            "InteractiveObjectDefinition": [
                {
                    "GD_Balance_Treasure.ChestGrades.ObjectGrade_DahlEpic": {
                        "Rename": "",
                        "Location": [
                            11221.107421875,
                            15690.908203125,
                            9973.751953125
                        ],
                        "Rotation": [
                            0,
                            -26900,
                            0
                        ],
                        "Scale": 1,
                        "Scale3D": [
                            1,
                            1,
                            1
                        ],
                        "Materials": [
                            "Fridge_P.TheWorld:PersistentLevel.WillowInteractiveObject_1173.SkeletalMeshComponent_4144.MaterialInstanceConstant_4561"
                        ]
                    }
                },
                {
                    "GD_Balance_Treasure.ChestGrades.ObjectGrade_DahlEpic": {
                        "Rename": "",
                        "Location": [
                            11137.4697265625,
                            18879.017578125,
                            9658
                        ],
                        "Rotation": [
                            0,
                            -28000,
                            0
                        ],
                        "Scale": 1,
                        "Scale3D": [
                            1,
                            1,
                            1
                        ],
                        "Materials": [
                            "Fridge_P.TheWorld:PersistentLevel.WillowInteractiveObject_1174.SkeletalMeshComponent_4145.MaterialInstanceConstant_4562"
                        ]
                    }
                },
                {
                    "GD_Balance_Treasure.ChestGrades.ObjectGrade_DahlEpic": {
                        "Rename": "",
                        "Location": [
                            5171.3837890625,
                            18777.783203125,
                            10343.2001953125
                        ],
                        "Rotation": [
                            0,
                            5000,
                            0
                        ],
                        "Scale": 1,
                        "Scale3D": [
                            1,
                            1,
                            1
                        ],
                        "Materials": [
                            "Fridge_P.TheWorld:PersistentLevel.WillowInteractiveObject_1175.SkeletalMeshComponent_4146.MaterialInstanceConstant_4563"
                        ]
                    }
                },
                {
                    "GD_Balance_Treasure.ChestGrades.ObjectGrade_DahlEpic": {
                        "Rename": "",
                        "Location": [
                            7933.4580078125,
                            18301.447265625,
                            10950.37109375
                        ],
                        "Rotation": [
                            0,
                            -34100,
                            0
                        ],
                        "Scale": 1,
                        "Scale3D": [
                            1,
                            1,
                            1
                        ],
                        "Materials": [
                            "Fridge_P.TheWorld:PersistentLevel.WillowInteractiveObject_1176.SkeletalMeshComponent_4147.MaterialInstanceConstant_4564"
                        ]
                    }
                },
                {
                    "GD_Balance_Treasure.ChestGrades.ObjectGrade_DahlEpic": {
                        "Rename": "",
                        "Location": [
                            8238.48046875,
                            13883.28515625,
                            10938.236328125
                        ],
                        "Rotation": [
                            0,
                            12400,
                            0
                        ],
                        "Scale": 1,
                        "Scale3D": [
                            1,
                            1,
                            1
                        ],
                        "Materials": [
                            "Fridge_P.TheWorld:PersistentLevel.WillowInteractiveObject_1177.SkeletalMeshComponent_4148.MaterialInstanceConstant_4565"
                        ]
                    }
                },
                {
                    "GD_LevelChallenges.InteractiveObjects.IO_VaultRoy": {
                        "Rename": "Vault Symbol Reward",
                        "Tags": [
                            "Vault Symbol Reward"
                        ],
                        "Location": [
                            11804.6552734375,
                            15849.6318359375,
                            10153
                        ],
                        "Rotation": [
                            -3000,
                            -15000,
                            0
                        ],
                        "Scale": 0.5,
                        "Scale3D": [
                            1,
                            1,
                            1
                        ],
                        "Materials": []
                    }
                }
            ]
        }
    }
}