{"pandorapark_p": {"Create": {"StaticMesh": [{"Common_Meshes.Blocking.Blocking_Cube": {"Rename": "Invisible Wall 1", "Tags": [], "Metadata": "", "Location": [-34585.78125, 36608.9609375, -171.67100524902344], "Rotation": [0, -16400, 0], "Scale": 3.0, "Scale3D": [0.009999999776482582, 4.179999828338623, 1.4199999570846558], "Materials": ["FX_ENV_VOG.Materials.Angel_Echo_INST"]}}, {"Common_Meshes.Blocking.Blocking_Cube": {"Rename": "Invisible Wall 2", "Tags": [], "Metadata": "", "Location": [-28213.73046875, 44506.5234375, 204.1009979248047], "Rotation": [0, 0, 0], "Scale": 2.0, "Scale3D": [0.009999999776482582, 1.0, 1.0], "Materials": ["FX_ENV_VOG.Materials.Angel_Echo_INST"]}}, {"Prop_HyperionArchitecture.Mesh.HyperionDoor": {"Rename": "", "Tags": [], "Metadata": "", "Location": [-26444.4921875, 44247.91015625, -601.9630126953125], "Rotation": [0, -16400, 0], "Scale": 1.0, "Scale3D": [1.0, 1.0, 1.0], "Materials": []}}, {"Prop_HyperionArchitecture.Mesh.HyperionDoor": {"Rename": "", "Tags": [], "Metadata": "", "Location": [-26444.4921875, 44247.91015625, -601.9630126953125], "Rotation": [0, -16400, 0], "Scale": 1.0, "Scale3D": [-1.0, 1.0, 1.0], "Materials": []}}, {"Prop_Crate.Meshes.HyperionCrate": {"Rename": "", "Tags": [], "Metadata": "", "Location": [-32729.22265625, 36713.6171875, 52.3650016784668], "Rotation": [0, -3100, 0], "Scale": 2.0, "Scale3D": [1.0, 1.0, 1.0], "Materials": []}}, {"Prop_Crate.Meshes.HyperionCrate": {"Rename": "", "Tags": [], "Metadata": "", "Location": [-32642.22265625, 36757.6171875, 46.3650016784668], "Rotation": [0, 34600, 0], "Scale": 2.0, "Scale3D": [1.0, 1.0, 1.0], "Materials": []}}, {"Prop_Crate.Meshes.HyperionCrate": {"Rename": "", "Tags": [], "Metadata": "", "Location": [-32790.22265625, 36724.6171875, 270.364990234375], "Rotation": [0, 31200, 0], "Scale": 2.0, "Scale3D": [1.0, 1.0, 1.0], "Materials": []}}, {"EngineMeshes.Sphere": {"Rename": "Pressure Plate", "Tags": ["Pressure Plate"], "Metadata": "", "Location": [-36622.51953125, 38907.16796875, -786.2360229492188], "Rotation": [-1300, 0, 200], "Scale": 0.5, "Scale3D": [1.0, 1.0, 0.0010000000474974513], "Materials": ["Anemone_GunMaterials.Materials.SMG.Mati_Tediore_6_Infection_Cleaner"]}}, {"Char_Anem_ButtStallion.Mesh.ButtStallion": {"Rename": "", "Tags": [], "Metadata": "", "Location": [-36660.3046875, 38886.09765625, -780.5609741210938], "Rotation": [-600, -9400, 17300], "Scale": 0.5, "Scale3D": [1.0, 0.0010000000474974513, 1.0], "Materials": []}}], "InteractiveObjectDefinition": [{"GD_Balance_Treasure.ChestGrades.ObjectGrade_HyperionChest": {"Rename": "", "Tags": [], "Metadata": "", "Location": [-32284.23828125, 40339.09375, -702.6599731445312], "Rotation": [-600, -17200, 500], "Scale": 1.0, "Scale3D": [1.0, 1.0, 1.0], "Materials": ["PandoraPark_P.TheWorld:PersistentLevel.WillowInteractiveObject_68.SkeletalMeshComponent_642.MaterialInstanceConstant_822"]}}, {"GD_Balance_Treasure.ChestGrades.ObjectGrade_HyperionChest": {"Rename": "", "Tags": [], "Metadata": "", "Location": [-36636.171875, 42776.79296875, -812.4860229492188], "Rotation": [-1000, 2000, 1000], "Scale": 1.0, "Scale3D": [1.0, 1.0, 1.0], "Materials": ["PandoraPark_P.TheWorld:PersistentLevel.WillowInteractiveObject_69.SkeletalMeshComponent_643.MaterialInstanceConstant_823"]}}, {"GD_Balance_Treasure.ChestGrades.ObjectGrade_HyperionChest": {"Rename": "", "Tags": [], "Metadata": "", "Location": [-31966.478515625, 46971.84765625, -455.0], "Rotation": [0, -19000, 800], "Scale": 1.0, "Scale3D": [1.0, 1.0, 1.0], "Materials": ["PandoraPark_P.TheWorld:PersistentLevel.WillowInteractiveObject_70.SkeletalMeshComponent_644.MaterialInstanceConstant_824"]}}, {"GD_Balance_Treasure.ChestGrades.ObjectGrade_HyperionChest": {"Rename": "", "Tags": [], "Metadata": "", "Location": [-26594.046875, 44253.8515625, -600.9530029296875], "Rotation": [0, 32800, 0], "Scale": 1.0, "Scale3D": [1.0, 1.0, 1.0], "Materials": ["PandoraPark_P.TheWorld:PersistentLevel.WillowInteractiveObject_71.SkeletalMeshComponent_645.MaterialInstanceConstant_825"]}}, {"GD_Balance_Treasure.ChestGrades.ObjectGrade_HyperionChest": {"Rename": "", "Tags": [], "Metadata": "", "Location": [-28587.267578125, 42512.87890625, -608.9140014648438], "Rotation": [-2000, 32800, 800], "Scale": 1.0, "Scale3D": [1.0, 1.0, 1.0], "Materials": ["PandoraPark_P.TheWorld:PersistentLevel.WillowInteractiveObject_72.SkeletalMeshComponent_646.MaterialInstanceConstant_826"]}}, {"GD_Balance_Treasure.ChestGrades.ObjectGrade_HyperionChest": {"Rename": "", "Tags": [], "Metadata": "", "Location": [-33368.06640625, 42647.44921875, -1.6890000104904175], "Rotation": [900, 0, 0], "Scale": 1.0, "Scale3D": [1.0, 1.0, 1.0], "Materials": ["PandoraPark_P.TheWorld:PersistentLevel.WillowInteractiveObject_73.SkeletalMeshComponent_647.MaterialInstanceConstant_827"]}}, {"GD_LevelChallenges.InteractiveObjects.IO_VaultRoy": {"Rename": "Vault Symbol Reward", "Tags": ["Vault Symbol Reward"], "Metadata": "", "Location": [-32701.109375, 36646.73828125, -577.5549926757812], "Rotation": [-2700, 0, 0], "Scale": 0.7200000286102295, "Scale3D": [1.0, 1.0, 1.0], "Materials": []}}]}}}