{"grass_lynchwood_p": {"Create": {"StaticMesh": [{"Prop_Carnival.BurlesqueStage": {"Rename": "", "Tags": [], "Metadata": "", "Location": [5861.81982421875, 4615.48779296875, 1050.8370361328125], "Rotation": [0, 900, -16400], "Scale": 1.2100000381469727, "Scale3D": [1.0, 1.0, 1.0], "Materials": []}}, {"Prop_Carnival.BurlesqueStage": {"Rename": "", "Tags": [], "Metadata": "", "Location": [7097.81982421875, 4442.48779296875, 1050.8370361328125], "Rotation": [0, -3700, -16400], "Scale": 1.2100000381469727, "Scale3D": [1.100000023841858, 1.0, 1.0], "Materials": []}}, {"Prop_Carnival.BurlesqueStage": {"Rename": "", "Tags": [], "Metadata": "", "Location": [4912.81982421875, 4017.488037109375, 1050.8370361328125], "Rotation": [0, 10700, -16400], "Scale": 1.2100000381469727, "Scale3D": [1.0, 1.0, 1.0], "Materials": []}}, {"Prop_Carnival.BurlesqueStage": {"Rename": "", "Tags": [], "Metadata": "", "Location": [4224.81982421875, 3054.488037109375, 1050.8370361328125], "Rotation": [0, 9200, -16400], "Scale": 1.2100000381469727, "Scale3D": [1.0, 1.0, 1.0], "Materials": []}}, {"Prop_Walls.TransitionGate": {"Rename": "", "Tags": [], "Metadata": "", "Location": [3670.884033203125, 10502.353515625, 770.8419799804688], "Rotation": [0, 2700, 0], "Scale": 1.2999999523162842, "Scale3D": [1.6500000953674316, 1.5, 1.5], "Materials": []}}, {"Prop_Walls.TransitionGate": {"Rename": "", "Tags": [], "Metadata": "", "Location": [524.3599853515625, 6310.2412109375, 513.6900024414062], "Rotation": [0, -12900, 0], "Scale": 1.2999999523162842, "Scale3D": [2.0899999141693115, 1.5, 1.5], "Materials": []}}, {"EngineMeshes.Sphere": {"Rename": "Pressure Plate", "Tags": ["Pressure Plate"], "Metadata": "", "Location": [3428.0, 4230.0, 1489.0], "Rotation": [0, 0, 0], "Scale": 0.4000000059604645, "Scale3D": [1.0, 1.0, 0.0010000000474974513], "Materials": ["Anemone_GunMaterials.Materials.SMG.Mati_Tediore_6_Infection_Cleaner"]}}, {"Char_Anem_ButtStallion.Mesh.ButtStallion": {"Rename": "", "Tags": [], "Metadata": "", "Location": [3407.844970703125, 4206.75390625, 1490.0], "Rotation": [0, 24800, -16400], "Scale": 0.4000000059604645, "Scale3D": [1.0, 0.0010000000474974513, 1.0], "Materials": []}}], "InteractiveObjectDefinition": [{"GD_Balance_Treasure.ChestGrades.ObjectGrade_BanditChest": {"Rename": "", "Tags": [], "Metadata": "", "Location": [6852.42822265625, 6342.77099609375, 695.7000122070312], "Rotation": [0, -35300, 0], "Scale": 1.0, "Scale3D": [1.0, 1.0, 1.0], "Materials": ["Grass_Lynchwood_P.TheWorld:PersistentLevel.WillowInteractiveObject_758.SkeletalMeshComponent_3613.MaterialInstanceConstant_4390"]}}, {"GD_Balance_Treasure.ChestGrades.ObjectGrade_BanditChest": {"Rename": "", "Tags": [], "Metadata": "", "Location": [6042.91015625, 9536.9501953125, 690.760009765625], "Rotation": [0, -15000, 0], "Scale": 1.0, "Scale3D": [1.0, 1.0, 1.0], "Materials": ["Grass_Lynchwood_P.TheWorld:PersistentLevel.WillowInteractiveObject_759.SkeletalMeshComponent_3614.MaterialInstanceConstant_4391"]}}, {"GD_Balance_Treasure.ChestGrades.ObjectGrade_BanditChest": {"Rename": "", "Tags": [], "Metadata": "", "Location": [612.39599609375, 6858.205078125, 1359.5179443359375], "Rotation": [0, 5000, 0], "Scale": 1.0, "Scale3D": [1.0, 1.0, 1.0], "Materials": ["Grass_Lynchwood_P.TheWorld:PersistentLevel.WillowInteractiveObject_760.SkeletalMeshComponent_3615.MaterialInstanceConstant_4392"]}}, {"GD_Balance_Treasure.ChestGrades.ObjectGrade_BanditChest": {"Rename": "", "Tags": [], "Metadata": "", "Location": [3384.197998046875, 3257.989013671875, 1044.990966796875], "Rotation": [0, 7900, 0], "Scale": 1.0, "Scale3D": [1.0, 1.0, 1.0], "Materials": ["Grass_Lynchwood_P.TheWorld:PersistentLevel.WillowInteractiveObject_761.SkeletalMeshComponent_3616.MaterialInstanceConstant_4393"]}}, {"GD_Balance_Treasure.ChestGrades.ObjectGrade_BanditChest": {"Rename": "", "Tags": [], "Metadata": "", "Location": [3962.514892578125, 6897.01513671875, 686.8660278320312], "Rotation": [0, -30700, 0], "Scale": 1.0, "Scale3D": [1.0, 1.0, 1.0], "Materials": ["Grass_Lynchwood_P.TheWorld:PersistentLevel.WillowInteractiveObject_762.SkeletalMeshComponent_3617.MaterialInstanceConstant_4394"]}}, {"GD_LevelChallenges.InteractiveObjects.IO_VaultRoy": {"Rename": "Vault Symbol Reward", "Tags": ["Vault Symbol Reward"], "Metadata": "", "Location": [792.0767822265625, 6977.177734375, 682.0], "Rotation": [1000, 21000, -15200], "Scale": 1.0, "Scale3D": [1.0, 1.0, 1.0], "Materials": []}}]}}}