{"grass_lynchwood_p": {"Create": {"StaticMesh": [{"Prop_Fences.Meshes.BanditCover_01": {"Rename": "", "Tags": [], "Metadata": "", "Location": [10531.1494140625, -19880.30859375, -3168.902099609375], "Rotation": [0, 16400, 0], "Scale": 4.019999980926514, "Scale3D": [1.0299999713897705, 1.0, 1.0], "Materials": []}}, {"Prop_Carnival.BurlesqueStage": {"Rename": "", "Tags": [], "Metadata": "", "Location": [12386.833984375, -19020.44921875, -3222.2890625], "Rotation": [0, 16400, 16400], "Scale": 0.699999988079071, "Scale3D": [1.0, 1.0, 1.0], "Materials": []}}, {"Prop_Carnival.BurlesqueStage": {"Rename": "", "Tags": [], "Metadata": "", "Location": [12686.833984375, -18710.44921875, -3222.2890625], "Rotation": [0, 0, 16400], "Scale": 0.699999988079071, "Scale3D": [1.0, 1.0, 1.0], "Materials": []}}, {"Prop_Carnival.BurlesqueStage": {"Rename": "", "Tags": [], "Metadata": "", "Location": [13358.65234375, -17164.19921875, -3172.095947265625], "Rotation": [0, 16400, 16400], "Scale": 1.0, "Scale3D": [1.2000000476837158, 1.0, 1.0], "Materials": []}}, {"Prop_Carnival.BurlesqueStage": {"Rename": "", "Tags": [], "Metadata": "", "Location": [13493.6572265625, -14200.2177734375, -3302.0791015625], "Rotation": [0, 16400, 16400], "Scale": 1.0, "Scale3D": [1.0, 1.0, 1.0], "Materials": []}}, {"Prop_Carnival.BurlesqueStage": {"Rename": "", "Tags": [], "Metadata": "", "Location": [13573.6572265625, -12260.2177734375, -3302.0791015625], "Rotation": [0, 14400, 16400], "Scale": 1.0, "Scale3D": [1.2999999523162842, 1.0, 1.0], "Materials": []}}, {"Prop_Carnival.BurlesqueStage": {"Rename": "", "Tags": [], "Metadata": "", "Location": [10094.982421875, -10118.021484375, -3033.52294921875], "Rotation": [0, 32800, 16400], "Scale": 1.7000000476837158, "Scale3D": [1.2000000476837158, 1.0, 1.0], "Materials": []}}, {"Prop_Carnival.BurlesqueStage": {"Rename": "", "Tags": [], "Metadata": "", "Location": [12748.982421875, -10118.021484375, -3033.52294921875], "Rotation": [0, 32800, 16400], "Scale": 1.7000000476837158, "Scale3D": [1.2000000476837158, 1.0, 1.0], "Materials": []}}, {"Prop_Carnival.BurlesqueStage": {"Rename": "", "Tags": [], "Metadata": "", "Location": [13660.982421875, -10548.021484375, -3033.52294921875], "Rotation": [0, 17500, 16400], "Scale": 1.7000000476837158, "Scale3D": [1.2000000476837158, 1.0, 1.0], "Materials": []}}, {"Common_Meshes.Blocking.Blocking_Cube": {"Rename": "Invisible Wall 1", "Tags": [], "Metadata": "", "Location": [11788.4423828125, -10215.4716796875, -3703.44091796875], "Rotation": [0, 16400, 0], "Scale": 3.0, "Scale3D": [0.009999999776482582, 1.0, 1.559999942779541], "Materials": ["FX_ENV_VOG.Materials.Angel_Echo_INST"]}}, {"Prop_Crate.Meshes.AmmoCrate": {"Rename": "", "Tags": [], "Metadata": "", "Location": [12762.8779296875, -13634.78125, -3118.0], "Rotation": [0, 0, 0], "Scale": 1.0, "Scale3D": [1.0, 1.0, 1.0], "Materials": []}}, {"Prop_Crate.Meshes.AmmoCrate": {"Rename": "", "Tags": [], "Metadata": "", "Location": [12752.8779296875, -13494.78125, -3118.0], "Rotation": [0, 2000, 0], "Scale": 1.0, "Scale3D": [1.0, 1.0, 1.0], "Materials": []}}, {"Prop_Crate.Meshes.AmmoCrate": {"Rename": "", "Tags": [], "Metadata": "", "Location": [12846.0, -13554.78125, -3017.0], "Rotation": [-8000, 0, 0], "Scale": 1.0, "Scale3D": [1.0, 1.0, 1.0], "Materials": []}}, {"Common_Meshes.Blocking.Blocking_Cube": {"Rename": "Invisible Wall 2", "Tags": [], "Metadata": "", "Location": [12913.95703125, -13855.1826171875, -3164.638916015625], "Rotation": [0, 0, 0], "Scale": 1.5, "Scale3D": [0.009999999776482582, 2.9000000953674316, 2.0399999618530273], "Materials": ["FX_ENV_VOG.Materials.Angel_Echo_INST"]}}, {"Common_Meshes.Blocking.Blocking_Cube": {"Rename": "Invisible Wall 3", "Tags": [], "Metadata": "", "Location": [13304.921875, -18121.71484375, -2723.964111328125], "Rotation": [0, 0, 0], "Scale": 2.0, "Scale3D": [0.009999999776482582, 7.139999866485596, 1.6100000143051147], "Materials": ["FX_ENV_VOG.Materials.Angel_Echo_INST"]}}, {"Common_Meshes.Blocking.Blocking_Cube": {"Rename": "Invisible Wall 4", "Tags": [], "Metadata": "", "Location": [13304.921875, -18125.71484375, -2822.964111328125], "Rotation": [0, 16400, 0], "Scale": 2.0, "Scale3D": [0.009999999776482582, 1.600000023841858, 1.7999999523162842], "Materials": ["FX_ENV_VOG.Materials.Angel_Echo_INST"]}}, {"Common_Meshes.Blocking.Blocking_Cube": {"Rename": "Invisible Wall 5", "Tags": [], "Metadata": "", "Location": [12946.921875, -18677.71484375, -3085.964111328125], "Rotation": [0, 16400, 0], "Scale": 2.0, "Scale3D": [0.009999999776482582, 1.1799999475479126, 1.409999966621399], "Materials": ["FX_ENV_VOG.Materials.Angel_Echo_INST"]}}, {"Common_Meshes.Blocking.Blocking_Cube": {"Rename": "Invisible Wall 6", "Tags": [], "Metadata": "", "Location": [12349.921875, -19275.71484375, -3085.964111328125], "Rotation": [0, 0, 0], "Scale": 2.0, "Scale3D": [0.009999999776482582, 1.1799999475479126, 1.409999966621399], "Materials": ["FX_ENV_VOG.Materials.Angel_Echo_INST"]}}, {"Common_Meshes.Blocking.Blocking_Cube": {"Rename": "Invisible Wall 7", "Tags": [], "Metadata": "", "Location": [12632.921875, -18677.71484375, -2791.964111328125], "Rotation": [0, 0, 0], "Scale": 2.0, "Scale3D": [0.009999999776482582, 1.1799999475479126, 1.0], "Materials": ["FX_ENV_VOG.Materials.Angel_Echo_INST"]}}, {"EngineMeshes.Sphere": {"Rename": "Pressure Plate", "Tags": ["Pressure Plate"], "Metadata": "", "Location": [10046.001953125, -12704.1904296875, -2255.001953125], "Rotation": [0, 0, 0], "Scale": 0.5, "Scale3D": [1.0, 1.0, 0.0010000000474974513], "Materials": ["Anemone_GunMaterials.Materials.SMG.Mati_Tediore_6_Infection_Cleaner"]}}, {"Char_Anem_ButtStallion.Mesh.ButtStallion": {"Rename": "", "Tags": [], "Metadata": "", "Location": [10009.4873046875, -12710.025390625, -2254.0], "Rotation": [0, 16400, -16400], "Scale": 0.5, "Scale3D": [1.0, 0.0010000000474974513, 1.0], "Materials": []}}], "InteractiveObjectDefinition": [{"GD_Balance_Treasure.ChestGrades.ObjectGrade_BanditChest": {"Rename": "", "Tags": [], "Metadata": "", "Location": [12156.1591796875, -18560.05078125, -3432.4541015625], "Rotation": [0, 34900, 0], "Scale": 1.0, "Scale3D": [1.0, 1.0, 1.0], "Materials": ["Grass_Lynchwood_P.TheWorld:PersistentLevel.WillowInteractiveObject_68.SkeletalMeshComponent_302.MaterialInstanceConstant_300"]}}, {"GD_Balance_Treasure.ChestGrades.ObjectGrade_BanditChest": {"Rename": "", "Tags": [], "Metadata": "", "Location": [12859.759765625, -15863.048828125, -2715.551025390625], "Rotation": [0, 21000, 0], "Scale": 1.0, "Scale3D": [1.0, 1.0, 1.0], "Materials": ["Grass_Lynchwood_P.TheWorld:PersistentLevel.WillowInteractiveObject_69.SkeletalMeshComponent_303.MaterialInstanceConstant_301"]}}, {"GD_Balance_Treasure.ChestGrades.ObjectGrade_BanditChest": {"Rename": "", "Tags": [], "Metadata": "", "Location": [9790.00390625, -13237.3662109375, -3439.0869140625], "Rotation": [0, -7300, 0], "Scale": 1.0, "Scale3D": [1.0, 1.0, 1.0], "Materials": ["Grass_Lynchwood_P.TheWorld:PersistentLevel.WillowInteractiveObject_70.SkeletalMeshComponent_304.MaterialInstanceConstant_302"]}}, {"GD_Balance_Treasure.ChestGrades.ObjectGrade_BanditChest": {"Rename": "", "Tags": [], "Metadata": "", "Location": [13187.28125, -12482.0849609375, -3435.887939453125], "Rotation": [0, 32800, 800], "Scale": 1.0, "Scale3D": [1.0, 1.0, 1.0], "Materials": ["Grass_Lynchwood_P.TheWorld:PersistentLevel.WillowInteractiveObject_71.SkeletalMeshComponent_305.MaterialInstanceConstant_303"]}}, {"GD_Balance_Treasure.ChestGrades.ObjectGrade_BanditChest": {"Rename": "", "Tags": [], "Metadata": "", "Location": [11934.509765625, -15928.9912109375, -3433.616943359375], "Rotation": [0, 15700, 0], "Scale": 1.0, "Scale3D": [1.0, 1.0, 1.0], "Materials": ["Grass_Lynchwood_P.TheWorld:PersistentLevel.WillowInteractiveObject_72.SkeletalMeshComponent_306.MaterialInstanceConstant_304"]}}, {"GD_LevelChallenges.InteractiveObjects.IO_VaultRoy": {"Rename": "Vault Symbol Reward", "Tags": ["Vault Symbol Reward"], "Metadata": "", "Location": [10458.00390625, -17721.80078125, -3183.26611328125], "Rotation": [-2600, 0, 0], "Scale": 0.7699999809265137, "Scale3D": [1.0, 1.0, 1.0], "Materials": []}}]}}}