{"grass_lynchwood_p": {"Create": {"StaticMesh": [{"Prop_Carnival.BurlesqueStage": {"Rename": "", "Tags": [], "Metadata": "", "Location": [14421.8134765625, -13764.0341796875, -3075.302978515625], "Rotation": [0, -16400, 16400], "Scale": 1.2000000476837158, "Scale3D": [1.0, 1.0, 1.0], "Materials": []}}, {"Prop_Carnival.BurlesqueStage": {"Rename": "", "Tags": [], "Metadata": "", "Location": [14421.8134765625, -13089.0341796875, -3075.302978515625], "Rotation": [0, -32800, 16400], "Scale": 1.2000000476837158, "Scale3D": [1.0, 1.0, 1.0], "Materials": []}}, {"Prop_Carnival.BurlesqueStage": {"Rename": "", "Tags": [], "Metadata": "", "Location": [14508.5810546875, -14886.724609375, -2944.992919921875], "Rotation": [0, -12600, 16400], "Scale": 1.2000000476837158, "Scale3D": [1.0, 1.0, 1.0], "Materials": []}}, {"Prop_Carnival.BurlesqueStage": {"Rename": "", "Tags": [], "Metadata": "", "Location": [15460.08984375, -16368.24609375, -2824.507080078125], "Rotation": [0, -16400, 16400], "Scale": 1.2000000476837158, "Scale3D": [1.0, 1.0, 1.0], "Materials": []}}, {"Prop_Carnival.BurlesqueStage": {"Rename": "", "Tags": [], "Metadata": "", "Location": [14871.279296875, -17203.400390625, -3342.73779296875], "Rotation": [0, -16400, 16400], "Scale": 1.2000000476837158, "Scale3D": [1.0, 1.0, 1.0], "Materials": []}}, {"Prop_Carnival.BurlesqueStage": {"Rename": "", "Tags": [], "Metadata": "", "Location": [15147.017578125, -18444.837890625, -2779.51611328125], "Rotation": [0, -15300, 16400], "Scale": 1.2000000476837158, "Scale3D": [1.0499999523162842, 1.0, 1.0], "Materials": []}}, {"Prop_Carnival.BurlesqueStage": {"Rename": "", "Tags": [], "Metadata": "", "Location": [14730.912109375, -19458.302734375, -3273.632568359375], "Rotation": [0, -24500, 16400], "Scale": 1.2000000476837158, "Scale3D": [1.0, 1.0, 1.0], "Materials": []}}, {"Env_Interlude.Mesh.GarageDoor": {"Rename": "", "Tags": [], "Metadata": "", "Location": [17403.076171875, -21607.384765625, -3007.760986328125], "Rotation": [0, 3000, 0], "Scale": 2.0, "Scale3D": [0.8999999761581421, 1.0, 0.800000011920929], "Materials": []}}, {"Prop_Carnival.BurlesqueStage": {"Rename": "", "Tags": [], "Metadata": "", "Location": [16136.9140625, -21406.978515625, -2791.243896484375], "Rotation": [0, -10500, 16400], "Scale": 1.2000000476837158, "Scale3D": [1.2999999523162842, 1.0, 1.0], "Materials": []}}, {"Common_Meshes.Blocking.Blocking_Cube": {"Rename": "Invisible Wall 1", "Tags": [], "Metadata": "", "Location": [15769.541015625, -16732.4921875, -2701.822021484375], "Rotation": [0, 0, 0], "Scale": 1.0, "Scale3D": [0.009999999776482582, 1.0, 1.190000057220459], "Materials": ["FX_ENV_VOG.Materials.Angel_Echo_INST"]}}, {"Common_Meshes.Blocking.Blocking_Cube": {"Rename": "Invisible Wall 2", "Tags": [], "Metadata": "", "Location": [15769.541015625, -16462.4921875, -2701.822021484375], "Rotation": [0, 16400, 0], "Scale": 1.0, "Scale3D": [0.009999999776482582, 1.0, 1.190000057220459], "Materials": ["FX_ENV_VOG.Materials.Angel_Echo_INST"]}}, {"EngineMeshes.Sphere": {"Rename": "Pressure Plate", "Tags": ["Pressure Plate"], "Metadata": "", "Location": [18173.0, -16990.0, -1645.0], "Rotation": [0, 0, 0], "Scale": 0.30000001192092896, "Scale3D": [1.0, 1.0, 0.0010000000474974513], "Materials": ["Anemone_GunMaterials.Materials.SMG.Mati_Tediore_6_Infection_Cleaner"]}}, {"Char_Anem_ButtStallion.Mesh.ButtStallion": {"Rename": "", "Tags": [], "Metadata": "", "Location": [18169.0, -16967.0, -1644.0], "Rotation": [0, 0, -16400], "Scale": 0.30000001192092896, "Scale3D": [1.0, 0.0010000000474974513, 1.0], "Materials": []}}], "InteractiveObjectDefinition": [{"GD_Balance_Treasure.ChestGrades.ObjectGrade_BanditChest": {"Rename": "", "Tags": [], "Metadata": "", "Location": [19021.814453125, -12166.294921875, -2991.2099609375], "Rotation": [1000, 0, -1100], "Scale": 1.0, "Scale3D": [1.0, 1.0, 1.0], "Materials": ["Grass_Lynchwood_P.TheWorld:PersistentLevel.WillowInteractiveObject_196.SkeletalMeshComponent_695.MaterialInstanceConstant_664"]}}, {"GD_Balance_Treasure.ChestGrades.ObjectGrade_BanditChest": {"Rename": "", "Tags": [], "Metadata": "", "Location": [15993.2197265625, -14027.2626953125, -3371.294921875], "Rotation": [0, 0, 1700], "Scale": 1.0, "Scale3D": [1.0, 1.0, 1.0], "Materials": ["Grass_Lynchwood_P.TheWorld:PersistentLevel.WillowInteractiveObject_197.SkeletalMeshComponent_696.MaterialInstanceConstant_665"]}}, {"GD_Balance_Treasure.ChestGrades.ObjectGrade_BanditChest": {"Rename": "", "Tags": [], "Metadata": "", "Location": [15103.365234375, -17237.22265625, -3420.41796875], "Rotation": [0, 0, 0], "Scale": 1.0, "Scale3D": [1.0, 1.0, 1.0], "Materials": ["Grass_Lynchwood_P.TheWorld:PersistentLevel.WillowInteractiveObject_198.SkeletalMeshComponent_697.MaterialInstanceConstant_666"]}}, {"GD_Balance_Treasure.ChestGrades.ObjectGrade_BanditChest": {"Rename": "", "Tags": [], "Metadata": "", "Location": [14976.9990234375, -19574.5703125, -3385.01708984375], "Rotation": [-1700, -8600, -700], "Scale": 1.0, "Scale3D": [1.0, 1.0, 1.0], "Materials": ["Grass_Lynchwood_P.TheWorld:PersistentLevel.WillowInteractiveObject_199.SkeletalMeshComponent_698.MaterialInstanceConstant_667"]}}, {"GD_Balance_Treasure.ChestGrades.ObjectGrade_BanditChest": {"Rename": "", "Tags": [], "Metadata": "", "Location": [18714.947265625, -12012.2880859375, -2324.0], "Rotation": [0, -16400, 0], "Scale": 1.0, "Scale3D": [1.0, 1.0, 1.0], "Materials": ["Grass_Lynchwood_P.TheWorld:PersistentLevel.WillowInteractiveObject_200.SkeletalMeshComponent_699.MaterialInstanceConstant_668"]}}, {"GD_Balance_Treasure.ChestGrades.ObjectGrade_BanditChest": {"Rename": "", "Tags": [], "Metadata": "", "Location": [18034.78515625, -19895.740234375, -3123.47509765625], "Rotation": [-700, -27900, 0], "Scale": 1.0, "Scale3D": [1.0, 1.0, 1.0], "Materials": ["Grass_Lynchwood_P.TheWorld:PersistentLevel.WillowInteractiveObject_201.SkeletalMeshComponent_700.MaterialInstanceConstant_669"]}}, {"GD_LevelChallenges.InteractiveObjects.IO_VaultRoy": {"Rename": "Vault Symbol Reward", "Tags": ["Vault Symbol Reward"], "Metadata": "", "Location": [15458.7890625, -19843.689453125, -2844.837890625], "Rotation": [-2700, -8200, 0], "Scale": 0.800000011920929, "Scale3D": [1.0, 1.0, 1.0], "Materials": []}}]}}}