{"hyperioncity_p": {"Create": {"StaticMesh": [{"Prop_HyperionArchitecture.Mesh.ConcreteStair192": {"Rename": "", "Tags": [], "Metadata": "", "Location": [11433.7861328125, -11033.8408203125, 1153.301025390625], "Rotation": [0, 16400, 0], "Scale": 2.130000114440918, "Scale3D": [1.0, 0.18000000715255737, 1.1299999952316284], "Materials": []}}, {"Prop_HyperionArchitecture.Mesh.ConcreteStair192": {"Rename": "", "Tags": [], "Metadata": "", "Location": [16516.853515625, -9445.6650390625, 1153.3509521484375], "Rotation": [0, -16400, 0], "Scale": 2.130000114440918, "Scale3D": [1.0, 0.18000000715255737, 1.1299999952316284], "Materials": []}}, {"Prop_HyperionArchitecture.Mesh.ConcreteStair192": {"Rename": "", "Tags": [], "Metadata": "", "Location": [11377.9365234375, -3687.71142578125, 1090.27294921875], "Rotation": [0, 0, 0], "Scale": 2.130000114440918, "Scale3D": [1.0, 0.18000000715255737, 1.1299999952316284], "Materials": []}}, {"Prop_HyperionArchitecture.Mesh.ConcreteStair192": {"Rename": "", "Tags": [], "Metadata": "", "Location": [12466.9365234375, -3687.71142578125, 1090.27294921875], "Rotation": [0, 7200, 0], "Scale": 2.130000114440918, "Scale3D": [1.0, 0.18000000715255737, 1.1299999952316284], "Materials": []}}, {"Prop_HyperionArchitecture.Mesh.ConcreteStair192": {"Rename": "", "Tags": [], "Metadata": "", "Location": [14462.9365234375, -2930.7109375, 1090.27294921875], "Rotation": [0, -16400, 0], "Scale": 2.130000114440918, "Scale3D": [1.0, 0.18000000715255737, 1.1299999952316284], "Materials": []}}, {"Prop_Containers_Trash.Mesh.Trash_Compactor": {"Rename": "", "Tags": [], "Metadata": "", "Location": [12861.529296875, -8292.6630859375, 651.6890258789062], "Rotation": [0, 0, 0], "Scale": 1.2799999713897705, "Scale3D": [1.0099999904632568, 1.0, 1.1399999856948853], "Materials": []}}, {"Prop_Cranes.Meshes.ClampGrabberA": {"Rename": "", "Tags": [], "Metadata": "", "Location": [12841.0830078125, -8185.10400390625, 846.4619750976562], "Rotation": [-16400, -32500, 0], "Scale": 1.9800000190734863, "Scale3D": [0.4950000047683716, 0.05999999865889549, 0.2160000056028366], "Materials": []}}, {"prop_containers.Meshes.HyperionContainerPanel": {"Rename": "", "Tags": [], "Metadata": "", "Location": [13606.36328125, -10060.8486328125, 673.0], "Rotation": [0, 2000, 0], "Scale": 1.5, "Scale3D": [1.0, 1.0, 1.0], "Materials": []}}, {"EngineMeshes.Sphere": {"Rename": "Pressure Plate", "Tags": ["Pressure Plate"], "Metadata": "", "Location": [14305.0, -9403.2763671875, 1029.0], "Rotation": [0, 0, 0], "Scale": 0.5, "Scale3D": [1.0, 1.0, 0.0010000000474974513], "Materials": ["Anemone_GunMaterials.Materials.SMG.Mati_Tediore_6_Infection_Cleaner"]}}, {"Char_Anem_ButtStallion.Mesh.ButtStallion": {"Rename": "", "Tags": [], "Metadata": "", "Location": [14266.7587890625, -9416.6279296875, 1029.4090576171875], "Rotation": [0, 18400, -16400], "Scale": 0.5, "Scale3D": [1.0, 0.0010000000474974513, 1.0], "Materials": []}}], "InteractiveObjectDefinition": [{"GD_Balance_Treasure.ChestGrades.ObjectGrade_HyperionChest": {"Rename": "", "Tags": [], "Metadata": "", "Location": [12850.7021484375, -3576.39599609375, 1090.0], "Rotation": [0, -9000, 0], "Scale": 1.0, "Scale3D": [1.0, 1.0, 1.0], "Materials": ["HyperionCity_P.TheWorld:PersistentLevel.WillowInteractiveObject_43.SkeletalMeshComponent_271.MaterialInstanceConstant_279"]}}, {"GD_Balance_Treasure.ChestGrades.ObjectGrade_HyperionChest": {"Rename": "", "Tags": [], "Metadata": "", "Location": [13064.0087890625, -6385.8427734375, 708.0], "Rotation": [0, -16400, 0], "Scale": 1.0, "Scale3D": [1.0, 1.0, 1.0], "Materials": ["HyperionCity_P.TheWorld:PersistentLevel.WillowInteractiveObject_44.SkeletalMeshComponent_272.MaterialInstanceConstant_280"]}}, {"GD_Balance_Treasure.ChestGrades.ObjectGrade_HyperionChest": {"Rename": "", "Tags": [], "Metadata": "", "Location": [15886.4326171875, -5236.30322265625, 708.0], "Rotation": [0, 24000, 0], "Scale": 1.0, "Scale3D": [1.0, 1.0, 1.0], "Materials": ["HyperionCity_P.TheWorld:PersistentLevel.WillowInteractiveObject_45.SkeletalMeshComponent_273.MaterialInstanceConstant_281"]}}, {"GD_Balance_Treasure.ChestGrades.ObjectGrade_HyperionChest": {"Rename": "", "Tags": [], "Metadata": "", "Location": [12517.0966796875, -11286.7451171875, 708.0], "Rotation": [0, 8500, 0], "Scale": 1.0, "Scale3D": [1.0, 1.0, 1.0], "Materials": ["HyperionCity_P.TheWorld:PersistentLevel.WillowInteractiveObject_46.SkeletalMeshComponent_274.MaterialInstanceConstant_282"]}}, {"GD_Balance_Treasure.ChestGrades.ObjectGrade_HyperionChest": {"Rename": "", "Tags": [], "Metadata": "", "Location": [14857.744140625, -9584.4189453125, 708.0], "Rotation": [0, 0, 0], "Scale": 1.0, "Scale3D": [1.0, 1.0, 1.0], "Materials": ["HyperionCity_P.TheWorld:PersistentLevel.WillowInteractiveObject_47.SkeletalMeshComponent_275.MaterialInstanceConstant_283"]}}, {"GD_LevelChallenges.InteractiveObjects.IO_VaultRoy": {"Rename": "Vault Symbol Reward", "Tags": ["Vault Symbol Reward"], "Metadata": "", "Location": [14681.0732421875, -3879.81396484375, 854.7360229492188], "Rotation": [-2700, -16400, 0], "Scale": 0.8500000238418579, "Scale3D": [1.0, 1.0, 1.0], "Materials": []}}]}}}