{"hyperioncity_p": {"Create": {"StaticMesh": [{"prop_dams.Mesh.HyperionDamWall": {"Rename": "", "Tags": [], "Metadata": "", "Location": [3314.89306640625, 14803.9736328125, -400.16400146484375], "Rotation": [0, -16400, 0], "Scale": 0.4300000071525574, "Scale3D": [1.0, 1.2799999713897705, 0.699999988079071], "Materials": []}}, {"Prop_HyperionArchitecture.Mesh.DropzoneWall": {"Rename": "", "Tags": [], "Metadata": "", "Location": [4268.8359375, 15744.9873046875, -699.8759765625], "Rotation": [0, 16400, 0], "Scale": 0.41999998688697815, "Scale3D": [1.0, 1.0, 1.0], "Materials": []}}, {"Prop_HyperionArchitecture.Mesh.HyperionWall03": {"Rename": "", "Tags": [], "Metadata": "", "Location": [507.84100341796875, 18591.990234375, 379.05499267578125], "Rotation": [0, 0, 0], "Scale": 1.0, "Scale3D": [1.5, 1.0, 1.0], "Materials": []}}, {"Prop_Walkways.CatwalkSingle": {"Rename": "", "Tags": [], "Metadata": "", "Location": [-580.2440185546875, 13411.2744140625, -45.209999084472656], "Rotation": [0, -8200, 16400], "Scale": 1.1399999856948853, "Scale3D": [1.0, 1.0, 1.0], "Materials": []}}, {"Prop_HyperionArchitecture.Mesh.HyperionWall03": {"Rename": "", "Tags": [], "Metadata": "", "Location": [-1811.0970458984375, 11271.2392578125, -200.9709930419922], "Rotation": [0, 16400, 0], "Scale": 0.8199999928474426, "Scale3D": [1.649999976158142, 1.0, 1.0], "Materials": []}}, {"Prop_HyperionArchitecture.Mesh.HyperionWall03": {"Rename": "", "Tags": [], "Metadata": "", "Location": [-2944.343994140625, 11988.759765625, -575.8359985351562], "Rotation": [0, 0, 0], "Scale": 1.6699999570846558, "Scale3D": [1.350000023841858, 1.0, 1.0499999523162842], "Materials": []}}, {"Prop_HyperionArchitecture.Mesh.HyperionWall03": {"Rename": "", "Tags": [], "Metadata": "", "Location": [-1811.0970458984375, 11271.2392578125, -585.9710083007812], "Rotation": [0, 16400, 0], "Scale": 0.8199999928474426, "Scale3D": [1.649999976158142, 1.0, 1.0], "Materials": []}}, {"Common_Meshes.Blocking.Blocking_Cube": {"Rename": "Invisible Wall 1", "Tags": [], "Metadata": "", "Location": [-0.15199999511241913, 14583.20703125, -80.86599731445312], "Rotation": [0, 16400, 0], "Scale": 1.0, "Scale3D": [0.009999999776482582, 2.640000104904175, 1.0], "Materials": ["FX_ENV_VOG.Materials.Angel_Echo_INST"]}}, {"Common_Meshes.Blocking.Blocking_Cube": {"Rename": "Invisible Wall 2", "Tags": [], "Metadata": "", "Location": [-704.8920288085938, 13492.0302734375, -190.0709991455078], "Rotation": [0, 24600, 0], "Scale": 1.0, "Scale3D": [0.009999999776482582, 1.840000033378601, 1.2000000476837158], "Materials": ["FX_ENV_VOG.Materials.Angel_Echo_INST"]}}, {"EngineMeshes.Sphere": {"Rename": "Pressure Plate", "Tags": ["Pressure Plate"], "Metadata": "", "Location": [-3216.2470703125, 14441.7392578125, -640.0], "Rotation": [0, 0, 0], "Scale": 0.5, "Scale3D": [1.0, 1.0, 0.0010000000474974513], "Materials": ["Anemone_GunMaterials.Materials.SMG.Mati_Tediore_6_Infection_Cleaner"]}}, {"Char_Anem_ButtStallion.Mesh.ButtStallion": {"Rename": "", "Tags": [], "Metadata": "", "Location": [-3220.154052734375, 14400.3564453125, -639.0], "Rotation": [0, 0, 16400], "Scale": 0.5, "Scale3D": [1.0, 0.0010000000474974513, 1.0], "Materials": []}}], "InteractiveObjectDefinition": [{"GD_Balance_Treasure.ChestGrades.ObjectGrade_HyperionChest": {"Rename": "", "Tags": [], "Metadata": "", "Location": [3722.35302734375, 15436.4677734375, -384.0], "Rotation": [0, 32800, 0], "Scale": 1.0, "Scale3D": [1.0, 1.0, 1.0], "Materials": ["HyperionCity_P.TheWorld:PersistentLevel.WillowInteractiveObject_392.SkeletalMeshComponent_1563.MaterialInstanceConstant_1674"]}}, {"GD_Balance_Treasure.ChestGrades.ObjectGrade_HyperionChest": {"Rename": "", "Tags": [], "Metadata": "", "Location": [1827.3759765625, 17687.669921875, -974.0], "Rotation": [0, -16000, 0], "Scale": 1.0, "Scale3D": [1.0, 1.0, 1.0], "Materials": ["HyperionCity_P.TheWorld:PersistentLevel.WillowInteractiveObject_393.SkeletalMeshComponent_1564.MaterialInstanceConstant_1675"]}}, {"GD_Balance_Treasure.ChestGrades.ObjectGrade_HyperionChest": {"Rename": "", "Tags": [], "Metadata": "", "Location": [870.1840209960938, 18702.419921875, 382.1520080566406], "Rotation": [0, 16400, 0], "Scale": 1.0, "Scale3D": [1.0, 1.0, 1.0], "Materials": ["HyperionCity_P.TheWorld:PersistentLevel.WillowInteractiveObject_394.SkeletalMeshComponent_1565.MaterialInstanceConstant_1676"]}}, {"GD_Balance_Treasure.ChestGrades.ObjectGrade_HyperionChest": {"Rename": "", "Tags": [], "Metadata": "", "Location": [748.0689697265625, 15326.2197265625, -576.2529907226562], "Rotation": [0, 8200, 0], "Scale": 1.0, "Scale3D": [1.0, 1.0, 1.0], "Materials": ["HyperionCity_P.TheWorld:PersistentLevel.WillowInteractiveObject_395.SkeletalMeshComponent_1566.MaterialInstanceConstant_1677"]}}, {"GD_Balance_Treasure.ChestGrades.ObjectGrade_HyperionChest": {"Rename": "", "Tags": [], "Metadata": "", "Location": [-386.760009765625, 14104.33203125, -960.47802734375], "Rotation": [0, 0, 0], "Scale": 1.0, "Scale3D": [1.0, 1.0, 1.0], "Materials": ["HyperionCity_P.TheWorld:PersistentLevel.WillowInteractiveObject_396.SkeletalMeshComponent_1567.MaterialInstanceConstant_1678"]}}, {"GD_Balance_Treasure.ChestGrades.ObjectGrade_HyperionChest": {"Rename": "", "Tags": [], "Metadata": "", "Location": [-662.2449951171875, 11542.388671875, -576.0369873046875], "Rotation": [0, 18800, 0], "Scale": 1.0, "Scale3D": [1.0, 1.0, 1.0], "Materials": ["HyperionCity_P.TheWorld:PersistentLevel.WillowInteractiveObject_397.SkeletalMeshComponent_1568.MaterialInstanceConstant_1679"]}}, {"GD_Balance_Treasure.ChestGrades.ObjectGrade_HyperionChest": {"Rename": "", "Tags": [], "Metadata": "", "Location": [-2774.9541015625, 14079.9921875, -1153.0], "Rotation": [0, 0, 0], "Scale": 1.0, "Scale3D": [1.0, 1.0, 1.0], "Materials": ["HyperionCity_P.TheWorld:PersistentLevel.WillowInteractiveObject_398.SkeletalMeshComponent_1569.MaterialInstanceConstant_1680"]}}, {"GD_LevelChallenges.InteractiveObjects.IO_VaultRoy": {"Rename": "Vault Symbol Reward", "Tags": ["Vault Symbol Reward"], "Metadata": "", "Location": [512.8099975585938, 18625.44921875, 149.39500427246094], "Rotation": [-2300, -16400, 0], "Scale": 1.0, "Scale3D": [1.0, 1.0, 1.0], "Materials": []}}]}}}