{"hyperioncity_p": {"Create": {"StaticMesh": [{"prop_dams.Mesh.HyperionDamWallDouble": {"Rename": "", "Tags": [], "Metadata": "", "Location": [11021.025390625, -1235.133056640625, 1666.0250244140625], "Rotation": [0, 16400, 0], "Scale": 0.7200000286102295, "Scale3D": [1.0, 1.0, 1.0], "Materials": []}}, {"prop_dams.Mesh.HyperionDamWallDouble": {"Rename": "", "Tags": [], "Metadata": "", "Location": [9470.025390625, -1231.133056640625, 1666.0250244140625], "Rotation": [0, 7200, 0], "Scale": 0.7200000286102295, "Scale3D": [1.0, 1.440000057220459, 1.0], "Materials": []}}, {"prop_dams.Mesh.HyperionDamWallDouble": {"Rename": "", "Tags": [], "Metadata": "", "Location": [12530.025390625, 299.86700439453125, 1666.0250244140625], "Rotation": [0, 25000, 0], "Scale": 0.7200000286102295, "Scale3D": [1.0, 1.440000057220459, 1.0], "Materials": []}}, {"Prop_HyperionArchitecture.Mesh.HyperionWall03": {"Rename": "", "Tags": [], "Metadata": "", "Location": [9546.7490234375, 7122.1162109375, 1146.3790283203125], "Rotation": [0, 0, -7700], "Scale": 3.0, "Scale3D": [1.940000057220459, 1.0, 2.25], "Materials": []}}, {"prop_dams.Mesh.HyperionDamEridiumSign": {"Rename": "", "Tags": [], "Metadata": "", "Location": [9774.3173828125, 5983.6748046875, 2256.049072265625], "Rotation": [0, 0, -7000], "Scale": 1.0, "Scale3D": [1.0, 1.0, 1.0], "Materials": []}}, {"Prop_HyperionArchitecture.Mesh.HyperionConcreteBarrierEnd": {"Rename": "", "Tags": [], "Metadata": "", "Location": [9148.4306640625, 280.8550109863281, 1338.35302734375], "Rotation": [0, 16400, 0], "Scale": 1.0, "Scale3D": [1.0, 1.4700000286102295, 0.800000011920929], "Materials": []}}, {"Prop_HyperionArchitecture.Mesh.HyperionConcreteBarrierEnd": {"Rename": "", "Tags": [], "Metadata": "", "Location": [9368.4306640625, 280.8550109863281, 1338.35302734375], "Rotation": [0, 16400, 0], "Scale": 1.0, "Scale3D": [1.0, 1.3700000047683716, 0.800000011920929], "Materials": []}}, {"EngineMeshes.Sphere": {"Rename": "Pressure Plate", "Tags": ["Pressure Plate"], "Metadata": "", "Location": [9491.1708984375, -52.494998931884766, 1339.7359619140625], "Rotation": [0, 0, 0], "Scale": 0.5, "Scale3D": [1.0, 1.0, 0.0010000000474974513], "Materials": ["Anemone_GunMaterials.Materials.SMG.Mati_Tediore_6_Infection_Cleaner"]}}, {"Char_Anem_ButtStallion.Mesh.ButtStallion": {"Rename": "", "Tags": [], "Metadata": "", "Location": [9489.33984375, -9.82800006866455, 1340.3509521484375], "Rotation": [0, 0, -16400], "Scale": 0.5, "Scale3D": [1.0, 0.0010000000474974513, 1.0], "Materials": []}}], "InteractiveObjectDefinition": [{"GD_Balance_Treasure.ChestGrades.ObjectGrade_HyperionChest": {"Rename": "", "Tags": [], "Metadata": "", "Location": [10283.7763671875, -634.031982421875, 1665.135986328125], "Rotation": [0, -16400, 0], "Scale": 1.0, "Scale3D": [1.0, 1.0, 1.0], "Materials": ["HyperionCity_P.TheWorld:PersistentLevel.WillowInteractiveObject_455.SkeletalMeshComponent_1895.MaterialInstanceConstant_2034"]}}, {"GD_Balance_Treasure.ChestGrades.ObjectGrade_HyperionChest": {"Rename": "", "Tags": [], "Metadata": "", "Location": [8697.2177734375, 1711.843017578125, 1665.0], "Rotation": [0, 2500, 0], "Scale": 1.0, "Scale3D": [1.0, 1.0, 1.0], "Materials": ["HyperionCity_P.TheWorld:PersistentLevel.WillowInteractiveObject_456.SkeletalMeshComponent_1896.MaterialInstanceConstant_2035"]}}, {"GD_Balance_Treasure.ChestGrades.ObjectGrade_HyperionChest": {"Rename": "", "Tags": [], "Metadata": "", "Location": [11304.099609375, 3535.615966796875, 1277.7340087890625], "Rotation": [0, -16400, 0], "Scale": 1.0, "Scale3D": [1.0, 1.0, 1.0], "Materials": ["HyperionCity_P.TheWorld:PersistentLevel.WillowInteractiveObject_457.SkeletalMeshComponent_1897.MaterialInstanceConstant_2036"]}}, {"GD_Balance_Treasure.ChestGrades.ObjectGrade_HyperionChest": {"Rename": "", "Tags": [], "Metadata": "", "Location": [11530.0380859375, 1177.7540283203125, 1665.8580322265625], "Rotation": [0, 8200, 0], "Scale": 1.0, "Scale3D": [1.0, 1.0, 1.0], "Materials": ["HyperionCity_P.TheWorld:PersistentLevel.WillowInteractiveObject_458.SkeletalMeshComponent_1898.MaterialInstanceConstant_2037"]}}, {"GD_Balance_Treasure.ChestGrades.ObjectGrade_HyperionChest": {"Rename": "", "Tags": [], "Metadata": "", "Location": [10598.6767578125, 6665.14111328125, 1151.4830322265625], "Rotation": [0, -20400, 0], "Scale": 1.0, "Scale3D": [1.0, 1.0, 1.0], "Materials": ["HyperionCity_P.TheWorld:PersistentLevel.WillowInteractiveObject_459.SkeletalMeshComponent_1899.MaterialInstanceConstant_2038"]}}, {"GD_LevelChallenges.InteractiveObjects.IO_VaultRoy": {"Rename": "Vault Symbol Reward", "Tags": ["Vault Symbol Reward"], "Metadata": "", "Location": [12149.7158203125, 2328.72705078125, 1861.19091796875], "Rotation": [2800, 19200, 2600], "Scale": 0.7099999785423279, "Scale3D": [1.0, 1.0, 1.0], "Materials": []}}]}}}