{"ash_p": {"Create": {"StaticMesh": [{"Prop_Fences.Meshes.CorrugatedFenceSmall": {"Rename": "", "Tags": [], "Metadata": "", "Location": [23983.44140625, -48117.64453125, 1702.58203125], "Rotation": [0, -11200, 0], "Scale": 0.9300000071525574, "Scale3D": [1.0, 1.0, 1.0], "Materials": []}}, {"prop_containers.Meshes.HyperionContainer": {"Rename": "", "Tags": [], "Metadata": "", "Location": [24277.916015625, -50177.0703125, 1730.0], "Rotation": [-600, 2200, -4900], "Scale": 1.0, "Scale3D": [1.0, 1.0, 1.0], "Materials": []}}, {"Prop_Fences.Meshes.MetalPanelFence_04": {"Rename": "", "Tags": [], "Metadata": "", "Location": [19211.181640625, -46684.41015625, 1383.4849853515625], "Rotation": [0, -14600, 0], "Scale": 1.0, "Scale3D": [1.0, 1.0, 1.0], "Materials": []}}, {"Prop_Panels.MetalPanel_03": {"Rename": "", "Tags": [], "Metadata": "", "Location": [19158.814453125, -46773.55078125, 1643.5760498046875], "Rotation": [1700, 18500, 0], "Scale": 1.0, "Scale3D": [1.0, 1.0, 1.1799999475479126], "Materials": []}}, {"EngineMeshes.Sphere": {"Rename": "Pressure Plate", "Tags": ["Pressure Plate"], "Metadata": "", "Location": [19079.765625, -46835.41796875, 1521.6280517578125], "Rotation": [-1000, -7600, 0], "Scale": 0.5, "Scale3D": [1.0, 1.0, 0.0010000000474974513], "Materials": ["Anemone_GunMaterials.Materials.SMG.Mati_Tediore_6_Infection_Cleaner"]}}, {"Char_Anem_ButtStallion.Mesh.ButtStallion": {"Rename": "", "Tags": [], "Metadata": "", "Location": [19047.078125, -46848.72265625, 1523.5169677734375], "Rotation": [700, 19000, -16700], "Scale": 0.5, "Scale3D": [1.0, 0.0010000000474974513, 1.0], "Materials": []}}], "InteractiveObjectDefinition": [{"GD_Balance_Treasure.ChestGrades.ObjectGrade_HyperionChest": {"Rename": "", "Tags": [], "Metadata": "", "Location": [23393.76171875, -48649.4375, 1533.0], "Rotation": [0, 22000, 0], "Scale": 1.0, "Scale3D": [1.0, 1.0, 1.0], "Materials": ["Ash_P.TheWorld:PersistentLevel.WillowInteractiveObject_8.SkeletalMeshComponent_196.MaterialInstanceConstant_205"]}}, {"GD_Balance_Treasure.ChestGrades.ObjectGrade_HyperionChest": {"Rename": "", "Tags": [], "Metadata": "", "Location": [21508.62109375, -49487.1875, 1609.7489013671875], "Rotation": [0, -2800, 500], "Scale": 1.0, "Scale3D": [1.0, 1.0, 1.0], "Materials": ["Ash_P.TheWorld:PersistentLevel.WillowInteractiveObject_9.SkeletalMeshComponent_197.MaterialInstanceConstant_206"]}}, {"GD_Balance_Treasure.ChestGrades.ObjectGrade_HyperionChest": {"Rename": "", "Tags": [], "Metadata": "", "Location": [19657.693359375, -51583.66015625, 1602.56201171875], "Rotation": [0, 5200, -1300], "Scale": 1.0, "Scale3D": [1.0, 1.0, 1.0], "Materials": ["Ash_P.TheWorld:PersistentLevel.WillowInteractiveObject_10.SkeletalMeshComponent_198.MaterialInstanceConstant_207"]}}, {"GD_Balance_Treasure.ChestGrades.ObjectGrade_HyperionChest": {"Rename": "", "Tags": [], "Metadata": "", "Location": [23087.5078125, -52783.87890625, 1576.0], "Rotation": [0, 7600, 0], "Scale": 1.0, "Scale3D": [1.0, 1.0, 1.0], "Materials": ["Ash_P.TheWorld:PersistentLevel.WillowInteractiveObject_11.SkeletalMeshComponent_199.MaterialInstanceConstant_208"]}}, {"GD_Balance_Treasure.ChestGrades.ObjectGrade_HyperionChest": {"Rename": "", "Tags": [], "Metadata": "", "Location": [19667.478515625, -48399.19921875, 1562.8590087890625], "Rotation": [0, -10800, 0], "Scale": 1.0, "Scale3D": [1.0, 1.0, 1.0], "Materials": ["Ash_P.TheWorld:PersistentLevel.WillowInteractiveObject_12.SkeletalMeshComponent_200.MaterialInstanceConstant_209"]}}, {"GD_LevelChallenges.InteractiveObjects.IO_VaultRoy": {"Rename": "Vault Symbol Reward", "Tags": ["Vault Symbol Reward"], "Metadata": "", "Location": [21778.263671875, -52725.95703125, 1723.990966796875], "Rotation": [-1900, -34800, 0], "Scale": 1.0, "Scale3D": [1.0, 1.0, 1.0], "Materials": []}}]}}}