{"craterlake_p": {"Create": {"StaticMesh": [{"Prop_Fences.Meshes.BanditCover_01": {"Rename": "", "Tags": [], "Metadata": "", "Location": [7456.9072265625, 29664.615234375, 1251.43603515625], "Rotation": [800, 1500, 0], "Scale": 2.0, "Scale3D": [2.0, 2.0, 2.0], "Materials": []}}, {"Prop_Fences.Meshes.BanditCover_01": {"Rename": "", "Tags": [], "Metadata": "", "Location": [8184.9072265625, 29846.615234375, 1303.43603515625], "Rotation": [3700, 3000, 0], "Scale": 2.0, "Scale3D": [2.0, 2.0, 2.0], "Materials": []}}, {"Prop_Fences.Meshes.BanditCover_01": {"Rename": "", "Tags": [], "Metadata": "", "Location": [8812.9072265625, 30040.615234375, 1580.43603515625], "Rotation": [1300, 4800, 0], "Scale": 2.0, "Scale3D": [2.2100000381469727, 2.0, 2.0], "Materials": []}}, {"Prop_Fences.Meshes.BanditCover_01": {"Rename": "", "Tags": [], "Metadata": "", "Location": [6695.9072265625, 29635.615234375, 1205.43603515625], "Rotation": [400, 300, 0], "Scale": 2.0, "Scale3D": [2.0, 2.0, 2.0], "Materials": []}}, {"Prop_Fences.Meshes.BanditCover_01": {"Rename": "", "Tags": [], "Metadata": "", "Location": [6119.9072265625, 30141.615234375, 1197.43603515625], "Rotation": [0, -7500, 0], "Scale": 2.0, "Scale3D": [2.0, 2.0, 2.0], "Materials": []}}, {"Prop_Fences.Meshes.BanditCover_01": {"Rename": "", "Tags": [], "Metadata": "", "Location": [6133.9072265625, 30191.615234375, 1161.43603515625], "Rotation": [0, 36800, 0], "Scale": 2.0, "Scale3D": [2.0, 2.0, 2.0], "Materials": []}}, {"Prop_Fences.Meshes.BanditCover_01": {"Rename": "", "Tags": [], "Metadata": "", "Location": [5372.9072265625, 29874.615234375, 1161.43603515625], "Rotation": [1900, 36800, 0], "Scale": 2.0, "Scale3D": [2.0, 2.0, 2.0], "Materials": []}}, {"Prop_Supports.SupportStrutTruss": {"Rename": "", "Tags": [], "Metadata": "", "Location": [5631.56103515625, 28595.458984375, 436.29901123046875], "Rotation": [-1300, -15400, 0], "Scale": 2.0199999809265137, "Scale3D": [0.75, 0.75, 0.75], "Materials": []}}, {"Prop_Fences.Meshes.BanditCover_01": {"Rename": "", "Tags": [], "Metadata": "", "Location": [10765.7265625, 27474.41015625, 1834.5009765625], "Rotation": [1200, -4600, 0], "Scale": 2.0, "Scale3D": [2.0, 2.0, 2.0], "Materials": []}}, {"Prop_Fences.Meshes.BanditCover_01": {"Rename": "", "Tags": [], "Metadata": "", "Location": [11402.7265625, 27129.41015625, 1948.5009765625], "Rotation": [0, -12500, 0], "Scale": 2.0, "Scale3D": [2.0, 2.0, 2.0], "Materials": []}}, {"Prop_Fences.Meshes.BanditCover_01": {"Rename": "", "Tags": [], "Metadata": "", "Location": [11669.7265625, 26433.41015625, 1948.5009765625], "Rotation": [0, -18000, 0], "Scale": 2.0, "Scale3D": [2.0, 2.0, 2.0], "Materials": []}}, {"Prop_Fences.Meshes.BanditCover_01": {"Rename": "", "Tags": [], "Metadata": "", "Location": [11601.7265625, 25714.41015625, 1948.5009765625], "Rotation": [0, -15500, 0], "Scale": 2.0, "Scale3D": [2.0, 2.0, 2.0], "Materials": []}}, {"Prop_Fences.Meshes.BanditCover_01": {"Rename": "", "Tags": [], "Metadata": "", "Location": [11703.7265625, 24983.41015625, 1948.5009765625], "Rotation": [2100, -16600, 0], "Scale": 2.0, "Scale3D": [2.0, 2.0, 2.0], "Materials": []}}, {"Prop_Fences.Meshes.BanditCover_01": {"Rename": "", "Tags": [], "Metadata": "", "Location": [11689.7265625, 24266.41015625, 2110.5009765625], "Rotation": [0, -16600, 0], "Scale": 2.0, "Scale3D": [2.0, 2.0, 2.0], "Materials": []}}, {"Prop_Fences.Meshes.BanditCover_01": {"Rename": "", "Tags": [], "Metadata": "", "Location": [11711.7265625, 23499.41015625, 2152.5009765625], "Rotation": [1700, -16600, 0], "Scale": 2.0, "Scale3D": [2.0, 2.0, 2.0], "Materials": []}}, {"Prop_Fences.Meshes.BanditCover_01": {"Rename": "", "Tags": [], "Metadata": "", "Location": [11692.7265625, 22777.41015625, 2316.5009765625], "Rotation": [0, -15500, 0], "Scale": 2.0, "Scale3D": [2.0, 2.0, 2.0], "Materials": []}}, {"Prop_Fences.Meshes.BanditCover_01": {"Rename": "", "Tags": [], "Metadata": "", "Location": [11711.7265625, 22777.41015625, 2810.5009765625], "Rotation": [0, -15400, 0], "Scale": 2.0, "Scale3D": [2.380000114440918, 2.0, 2.0], "Materials": []}}, {"Prop_Walkways.Meshes.CatWalkSingle_02": {"Rename": "", "Tags": [], "Metadata": "", "Location": [10018.990234375, 17694.10546875, 2917.9169921875], "Rotation": [0, 6500, 16400], "Scale": 2.5999999046325684, "Scale3D": [1.2699999809265137, 1.0, 0.5], "Materials": []}}, {"Prop_Crate.Meshes.CoveredCrate_01a": {"Rename": "", "Tags": [], "Metadata": "", "Location": [10692.0498046875, 18587.77734375, 3512.7041015625], "Rotation": [0, -17900, 0], "Scale": 1.0, "Scale3D": [1.0, 1.0, 1.0], "Materials": ["Prop_Crate.Materials.Mati_CoveredCrate_01a_Yellow"]}}, {"Prop_Crate.Meshes.BanditCrate01": {"Rename": "", "Tags": [], "Metadata": "", "Location": [10641.849609375, 19355.896484375, 3513.136962890625], "Rotation": [0, -16400, 0], "Scale": 1.0, "Scale3D": [1.0, 1.0, 1.0], "Materials": ["Env_CraterLake.Materials.Mati_BanditCrate_Yellow"]}}, {"Prop_Crate.Meshes.BanditCrate01": {"Rename": "", "Tags": [], "Metadata": "", "Location": [10641.849609375, 19509.896484375, 3329.136962890625], "Rotation": [0, -16400, 0], "Scale": 1.0, "Scale3D": [1.0, 1.0, 1.0], "Materials": ["Env_CraterLake.Materials.Mati_BanditCrate_Yellow"]}}, {"Prop_Crate.Meshes.BanditCrate01": {"Rename": "", "Tags": [], "Metadata": "", "Location": [10629.849609375, 19565.896484375, 3433.136962890625], "Rotation": [0, -18200, 0], "Scale": 1.0, "Scale3D": [1.0, 1.0, 1.0], "Materials": ["Env_CraterLake.Materials.Mati_BanditCrate_Yellow"]}}, {"Prop_Fences.Meshes.BanditCover_01": {"Rename": "", "Tags": [], "Metadata": "", "Location": [10239.31640625, 19439.966796875, 2785.7919921875], "Rotation": [16400, -16400, 0], "Scale": 0.5600000023841858, "Scale3D": [3.440000057220459, 3.25, 3.25], "Materials": []}}, {"Prop_Panels.Meshes.BanditPanel_02": {"Rename": "", "Tags": [], "Metadata": "", "Location": [10607.951171875, 19549.201171875, 3061.7080078125], "Rotation": [-25000, 29000, 5000], "Scale": 0.4000000059604645, "Scale3D": [0.10000000149011612, 2.0999999046325684, 0.8999999761581421], "Materials": []}}, {"EngineMeshes.Sphere": {"Rename": "Pressure Plate", "Tags": ["Pressure Plate"], "Metadata": "", "Location": [10559.19140625, 19517.27734375, 2657.0], "Rotation": [2000, 0, 500], "Scale": 0.4000000059604645, "Scale3D": [1.0, 1.0, 0.0010000000474974513], "Materials": ["Anemone_GunMaterials.Materials.SMG.Mati_Tediore_6_Infection_Cleaner"]}}, {"Char_Anem_ButtStallion.Mesh.ButtStallion": {"Rename": "", "Tags": [], "Metadata": "", "Location": [10525.4560546875, 19509.51953125, 2653.0], "Rotation": [-600, 17000, -14800], "Scale": 0.4000000059604645, "Scale3D": [1.0, 0.0010000000474974513, 1.0], "Materials": []}}, {"Prop_Plants.Meshes.InterludeDeadGrass": {"Rename": "", "Tags": [], "Metadata": "", "Location": [10265.7685546875, 19580.326171875, 2620.33203125], "Rotation": [0, 0, 0], "Scale": 1.0, "Scale3D": [1.0, 1.0, 1.0], "Materials": []}}, {"Prop_Plants.Meshes.InterludeDeadGrass": {"Rename": "", "Tags": [], "Metadata": "", "Location": [10255.7685546875, 19420.326171875, 2620.33203125], "Rotation": [0, 0, 0], "Scale": 1.0, "Scale3D": [1.0, 1.0, 1.0], "Materials": []}}, {"Prop_Plants.Meshes.InterludeDeadGrass": {"Rename": "", "Tags": [], "Metadata": "", "Location": [10265.7685546875, 19500.326171875, 2620.33203125], "Rotation": [0, -20000, 0], "Scale": 1.0, "Scale3D": [1.0, 1.0, 1.0], "Materials": []}}, {"Prop_Plants.GrassThickShort": {"Rename": "", "Tags": [], "Metadata": "", "Location": [10365.646484375, 19498.0234375, 2625.06689453125], "Rotation": [0, 10000, 0], "Scale": 1.0, "Scale3D": [1.0, 1.0, 1.0], "Materials": []}}], "InteractiveObjectDefinition": [{"GD_Balance_Treasure.ChestGrades.ObjectGrade_TreasureChest": {"Rename": "", "Tags": [], "Metadata": "", "Location": [7768.47314453125, 28585.953125, 1411.27001953125], "Rotation": [1800, 7000, 1700], "Scale": 1.0, "Scale3D": [1.0, 1.0, 1.0], "Materials": ["CraterLake_P.TheWorld:PersistentLevel.WillowInteractiveObject_310.SkeletalMeshComponent_1646.MaterialInstanceConstant_1599"]}}, {"GD_Balance_Treasure.ChestGrades.ObjectGrade_TreasureChest": {"Rename": "", "Tags": [], "Metadata": "", "Location": [7617.77880859375, 26264.908203125, 1713.489990234375], "Rotation": [0, -11700, 0], "Scale": 1.0, "Scale3D": [1.0, 1.0, 1.0], "Materials": ["CraterLake_P.TheWorld:PersistentLevel.WillowInteractiveObject_311.SkeletalMeshComponent_1647.MaterialInstanceConstant_1600"]}}, {"GD_Balance_Treasure.ChestGrades.ObjectGrade_TreasureChest": {"Rename": "", "Tags": [], "Metadata": "", "Location": [11557.9833984375, 23748.76953125, 2178.2919921875], "Rotation": [-300, 16400, 200], "Scale": 1.0, "Scale3D": [1.0, 1.0, 1.0], "Materials": ["CraterLake_P.TheWorld:PersistentLevel.WillowInteractiveObject_312.SkeletalMeshComponent_1648.MaterialInstanceConstant_1601"]}}, {"GD_Balance_Treasure.ChestGrades.ObjectGrade_TreasureChest": {"Rename": "", "Tags": [], "Metadata": "", "Location": [8371.6923828125, 20346.630859375, 2389.884033203125], "Rotation": [0, -12900, 0], "Scale": 1.0, "Scale3D": [1.0, 1.0, 1.0], "Materials": ["CraterLake_P.TheWorld:PersistentLevel.WillowInteractiveObject_313.SkeletalMeshComponent_1649.MaterialInstanceConstant_1602"]}}, {"GD_Balance_Treasure.ChestGrades.ObjectGrade_TreasureChest": {"Rename": "", "Tags": [], "Metadata": "", "Location": [9113.3603515625, 18061.181640625, 3141.366943359375], "Rotation": [0, 0, 0], "Scale": 1.0, "Scale3D": [1.0, 1.0, 1.0], "Materials": ["CraterLake_P.TheWorld:PersistentLevel.WillowInteractiveObject_314.SkeletalMeshComponent_1650.MaterialInstanceConstant_1603"]}}, {"GD_LevelChallenges.InteractiveObjects.IO_VaultRoy": {"Rename": "Vault Symbol Reward", "Tags": ["Vault Symbol Reward"], "Metadata": "", "Location": [10482.9404296875, 25870.00390625, 2096.85888671875], "Rotation": [3000, -16400, -5000], "Scale": 0.699999988079071, "Scale3D": [1.0, 1.0, 1.0], "Materials": []}}]}}}