{"craterlake_p": {"Create": {"StaticMesh": [{"Prop_Fences.Meshes.BanditCover_01": {"Rename": "", "Tags": [], "Metadata": "", "Location": [22739.740234375, 35821.05078125, 5251.96923828125], "Rotation": [0, 0, 0], "Scale": 3.0, "Scale3D": [1.0, 1.0, 1.0], "Materials": []}}, {"Prop_Fences.Meshes.BanditCover_01": {"Rename": "", "Tags": [], "Metadata": "", "Location": [22185.740234375, 35821.05078125, 5251.96923828125], "Rotation": [0, 0, 0], "Scale": 3.0, "Scale3D": [1.0, 1.0, 1.0], "Materials": []}}, {"Prop_Fences.Meshes.BanditCover_01": {"Rename": "", "Tags": [], "Metadata": "", "Location": [21622.740234375, 35821.05078125, 5251.96923828125], "Rotation": [0, 0, 0], "Scale": 3.0, "Scale3D": [1.0, 1.0, 1.0], "Materials": []}}, {"Prop_Fences.Meshes.BanditCover_01": {"Rename": "", "Tags": [], "Metadata": "", "Location": [23506.740234375, 35821.05078125, 5251.96923828125], "Rotation": [0, 0, 0], "Scale": 3.0, "Scale3D": [1.0, 1.0, 1.0], "Materials": []}}, {"Common_Meshes.Blocking.Blocking_Cube": {"Rename": "Invisible Wall 1", "Tags": [], "Metadata": "", "Location": [21795.400390625, 35822.88671875, 5203.89599609375], "Rotation": [0, -16400, 0], "Scale": 2.0, "Scale3D": [0.009999999776482582, 5.400000095367432, 1.5399999618530273], "Materials": ["FX_ENV_VOG.Materials.Angel_Echo_INST"]}}, {"Common_Meshes.Blocking.Blocking_Cube": {"Rename": "Invisible Wall 2", "Tags": [], "Metadata": "", "Location": [24554.400390625, 35822.88671875, 5203.89599609375], "Rotation": [0, -32800, 0], "Scale": 2.0, "Scale3D": [0.009999999776482582, 0.7900000214576721, 1.5399999618530273], "Materials": ["FX_ENV_VOG.Materials.Angel_Echo_INST"]}}, {"Common_Meshes.Blocking.Blocking_Cube": {"Rename": "Invisible Wall 3", "Tags": [], "Metadata": "", "Location": [24554.400390625, 35420.88671875, 5203.89599609375], "Rotation": [0, -18100, 0], "Scale": 2.0, "Scale3D": [0.009999999776482582, 1.2899999618530273, 1.5399999618530273], "Materials": ["FX_ENV_VOG.Materials.Angel_Echo_INST"]}}, {"Common_Meshes.Blocking.Blocking_Cube": {"Rename": "Invisible Wall 4", "Tags": [], "Metadata": "", "Location": [25205.400390625, 35315.88671875, 5203.89599609375], "Rotation": [0, -34600, 0], "Scale": 2.0, "Scale3D": [0.009999999776482582, 1.2899999618530273, 1.5399999618530273], "Materials": ["FX_ENV_VOG.Materials.Angel_Echo_INST"]}}, {"Common_Meshes.Blocking.Blocking_Cube": {"Rename": "Invisible Wall 5", "Tags": [], "Metadata": "", "Location": [25088.400390625, 34663.88671875, 5203.89599609375], "Rotation": [0, 13700, 0], "Scale": 2.0, "Scale3D": [0.009999999776482582, 1.5199999809265137, 1.5399999618530273], "Materials": ["FX_ENV_VOG.Materials.Angel_Echo_INST"]}}, {"Prop_Fences.Meshes.BanditCover_03": {"Rename": "", "Tags": [], "Metadata": "", "Location": [24042.052734375, 34637.703125, 5605.0], "Rotation": [0, 35100, 0], "Scale": 2.0, "Scale3D": [1.0, 1.0, 1.0], "Materials": []}}, {"Prop_Fences.Meshes.BanditCover_03": {"Rename": "", "Tags": [], "Metadata": "", "Location": [23707.927734375, 34431.8046875, 5678.14013671875], "Rotation": [0, -4400, 0], "Scale": 2.299999952316284, "Scale3D": [1.0, 1.0, 1.0], "Materials": []}}, {"Prop_Fences.Meshes.BanditCover_03": {"Rename": "", "Tags": [], "Metadata": "", "Location": [24101.927734375, 34267.8046875, 5678.14013671875], "Rotation": [0, -4400, 0], "Scale": 2.299999952316284, "Scale3D": [1.0, 1.0, 1.0], "Materials": []}}, {"Common_Meshes.Blocking.Blocking_Cube": {"Rename": "Invisible Wall 6", "Tags": [], "Metadata": "", "Location": [24503.400390625, 34106.88671875, 5148.89599609375], "Rotation": [0, 33700, 0], "Scale": 2.0, "Scale3D": [0.009999999776482582, 1.5199999809265137, 1.5399999618530273], "Materials": ["FX_ENV_VOG.Materials.Angel_Echo_INST"]}}, {"Common_Meshes.Blocking.Blocking_Cube": {"Rename": "Invisible Wall 7", "Tags": [], "Metadata": "", "Location": [24573.400390625, 33331.88671875, 5148.89599609375], "Rotation": [0, 36700, 0], "Scale": 2.0, "Scale3D": [0.009999999776482582, 1.7100000381469727, 1.5399999618530273], "Materials": ["FX_ENV_VOG.Materials.Angel_Echo_INST"]}}, {"Common_Meshes.Blocking.Blocking_Cube": {"Rename": "Invisible Wall 8", "Tags": [], "Metadata": "", "Location": [24903.400390625, 32521.88671875, 5148.89599609375], "Rotation": [0, 32800, 0], "Scale": 2.0, "Scale3D": [0.009999999776482582, 2.630000114440918, 1.5399999618530273], "Materials": ["FX_ENV_VOG.Materials.Angel_Echo_INST"]}}, {"Common_Meshes.Blocking.Blocking_Cube": {"Rename": "Invisible Wall 9", "Tags": [], "Metadata": "", "Location": [24907.400390625, 31185.88671875, 4958.89599609375], "Rotation": [0, 22500, 0], "Scale": 2.0, "Scale3D": [0.009999999776482582, 1.3899999856948853, 1.909999966621399], "Materials": ["FX_ENV_VOG.Materials.Angel_Echo_INST"]}}, {"Prop_Fences.Meshes.BanditCover_02": {"Rename": "", "Tags": [], "Metadata": "", "Location": [20797.068359375, 32010.376953125, 5324.6669921875], "Rotation": [0, -18100, 0], "Scale": 3.0, "Scale3D": [1.0199999809265137, 1.0, 1.190000057220459], "Materials": []}}, {"Prop_Fences.Meshes.BanditCover_01": {"Rename": "", "Tags": [], "Metadata": "", "Location": [23814.427734375, 27624.841796875, 5616.83203125], "Rotation": [-1400, 11000, 0], "Scale": 4.0, "Scale3D": [1.0, 1.0, 1.0], "Materials": []}}, {"Prop_Fences.Meshes.BanditCover_01": {"Rename": "", "Tags": [], "Metadata": "", "Location": [24160.427734375, 28252.841796875, 5554.83203125], "Rotation": [-3000, 13800, 0], "Scale": 4.0, "Scale3D": [1.0, 1.0, 1.0], "Materials": []}}, {"Prop_Fences.Meshes.BanditCover_01": {"Rename": "", "Tags": [], "Metadata": "", "Location": [24419.427734375, 28934.841796875, 5383.83203125], "Rotation": [-1400, 17900, 0], "Scale": 4.0, "Scale3D": [1.0, 1.0, 1.0], "Materials": []}}, {"Prop_Fences.Meshes.BanditCover_01": {"Rename": "", "Tags": [], "Metadata": "", "Location": [24231.427734375, 29648.841796875, 5383.83203125], "Rotation": [900, 15900, 0], "Scale": 4.0, "Scale3D": [1.0, 1.0, 1.0], "Materials": []}}, {"Common_Meshes.Blocking.Blocking_Cube": {"Rename": "Invisible Wall 10", "Tags": [], "Metadata": "", "Location": [23672.947265625, 27369.2734375, 5980.2041015625], "Rotation": [0, -5400, 0], "Scale": 2.0, "Scale3D": [0.009999999776482582, 2.200000047683716, 1.4900000095367432], "Materials": ["FX_ENV_VOG.Materials.Angel_Echo_INST"]}}, {"Common_Meshes.Blocking.Blocking_Cube": {"Rename": "Invisible Wall 11", "Tags": [], "Metadata": "", "Location": [24218.947265625, 28339.2734375, 5698.2041015625], "Rotation": [0, -2000, 0], "Scale": 2.0, "Scale3D": [0.009999999776482582, 2.200000047683716, 2.0399999618530273], "Materials": ["FX_ENV_VOG.Materials.Angel_Echo_INST"]}}, {"Common_Meshes.Blocking.Blocking_Cube": {"Rename": "Invisible Wall 12", "Tags": [], "Metadata": "", "Location": [24411.947265625, 29449.2734375, 5535.2041015625], "Rotation": [0, 1800, 0], "Scale": 2.0, "Scale3D": [0.009999999776482582, 2.509999990463257, 2.359999895095825], "Materials": ["FX_ENV_VOG.Materials.Angel_Echo_INST"]}}, {"EngineMeshes.Sphere": {"Rename": "Pressure Plate", "Tags": ["Pressure Plate"], "Metadata": "", "Location": [24016.9921875, 31067.396484375, 5975.865234375], "Rotation": [0, 0, 0], "Scale": 0.5, "Scale3D": [1.0, 1.0, 0.0010000000474974513], "Materials": ["Anemone_GunMaterials.Materials.SMG.Mati_Tediore_6_Infection_Cleaner"]}}, {"Char_Anem_ButtStallion.Mesh.ButtStallion": {"Rename": "", "Tags": [], "Metadata": "", "Location": [24017.50390625, 31103.931640625, 5976.35888671875], "Rotation": [0, 0, -16400], "Scale": 0.5, "Scale3D": [1.0, 0.0010000000474974513, 1.0], "Materials": []}}], "InteractiveObjectDefinition": [{"GD_Balance_Treasure.ChestGrades.ObjectGrade_TreasureChest": {"Rename": "", "Tags": [], "Metadata": "", "Location": [24945.634765625, 35013.91796875, 5308.0], "Rotation": [-200, 14000, 0], "Scale": 1.0, "Scale3D": [1.0, 1.0, 1.0], "Materials": ["CraterLake_P.TheWorld:PersistentLevel.WillowInteractiveObject_330.SkeletalMeshComponent_1608.MaterialInstanceConstant_2478"]}}, {"GD_Balance_Treasure.ChestGrades.ObjectGrade_TreasureChest": {"Rename": "", "Tags": [], "Metadata": "", "Location": [22662.138671875, 33773.5703125, 5158.751953125], "Rotation": [0, -4000, 0], "Scale": 1.0, "Scale3D": [1.0, 1.0, 1.0], "Materials": ["CraterLake_P.TheWorld:PersistentLevel.WillowInteractiveObject_331.SkeletalMeshComponent_1609.MaterialInstanceConstant_2479"]}}, {"GD_Balance_Treasure.ChestGrades.ObjectGrade_TreasureChest": {"Rename": "", "Tags": [], "Metadata": "", "Location": [22825.71875, 30944.7421875, 5611.0], "Rotation": [0, 4000, 0], "Scale": 1.0, "Scale3D": [1.0, 1.0, 1.0], "Materials": ["CraterLake_P.TheWorld:PersistentLevel.WillowInteractiveObject_332.SkeletalMeshComponent_1610.MaterialInstanceConstant_2480"]}}, {"GD_Balance_Treasure.ChestGrades.ObjectGrade_TreasureChest": {"Rename": "", "Tags": [], "Metadata": "", "Location": [19933.3203125, 29254.43359375, 5554.0], "Rotation": [0, -8000, 0], "Scale": 1.0, "Scale3D": [1.0, 1.0, 1.0], "Materials": ["CraterLake_P.TheWorld:PersistentLevel.WillowInteractiveObject_333.SkeletalMeshComponent_1611.MaterialInstanceConstant_2481"]}}, {"GD_Balance_Treasure.ChestGrades.ObjectGrade_TreasureChest": {"Rename": "", "Tags": [], "Metadata": "", "Location": [22385.353515625, 28189.765625, 5868.0], "Rotation": [0, 3000, 0], "Scale": 1.0, "Scale3D": [1.0, 1.0, 1.0], "Materials": ["CraterLake_P.TheWorld:PersistentLevel.WillowInteractiveObject_334.SkeletalMeshComponent_1612.MaterialInstanceConstant_2482"]}}, {"GD_Balance_Treasure.ChestGrades.ObjectGrade_TreasureChest": {"Rename": "", "Tags": [], "Metadata": "", "Location": [24184.138671875, 29169.66796875, 5340.0], "Rotation": [-100, 16000, -1000], "Scale": 1.0, "Scale3D": [1.0, 1.0, 1.0], "Materials": ["CraterLake_P.TheWorld:PersistentLevel.WillowInteractiveObject_335.SkeletalMeshComponent_1613.MaterialInstanceConstant_2483"]}}, {"GD_LevelChallenges.InteractiveObjects.IO_VaultRoy": {"Rename": "Vault Symbol Reward", "Tags": ["Vault Symbol Reward"], "Metadata": "", "Location": [24155.91015625, 31437.080078125, 5300.384765625], "Rotation": [2000, -12500, 0], "Scale": 1.0, "Scale3D": [1.0, 1.0, 1.0], "Materials": []}}]}}}