{"craterlake_p": {"Create": {"StaticMesh": [{"Prop_Gyrocopter.Meshes.GyrocopterLaunchSiloDoor": {"Rename": "", "Tags": [], "Metadata": "", "Location": [24610.287109375, 33965.57421875, 1977.8790283203125], "Rotation": [0, 16000, -16400], "Scale": 1.3700000047683716, "Scale3D": [1.0, 1.0, 1.0], "Materials": []}}, {"Prop_Gyrocopter.Meshes.GyrocopterLaunchSiloDoor": {"Rename": "", "Tags": [], "Metadata": "", "Location": [18924.171875, 34039.0625, 2447.556884765625], "Rotation": [0, 16400, -16400], "Scale": 1.3700000047683716, "Scale3D": [1.0, 1.0, 1.0], "Materials": []}}, {"Prop_Panels.DiamondPlate": {"Rename": "", "Tags": [], "Metadata": "", "Location": [18955.16015625, 29909.560546875, 1199.9730224609375], "Rotation": [0, 0, 16400], "Scale": 3.0, "Scale3D": [1.0, 1.0, 1.0], "Materials": []}}, {"Prop_Panels.DiamondPlate": {"Rename": "", "Tags": [], "Metadata": "", "Location": [19975.16015625, 29909.560546875, 1199.9730224609375], "Rotation": [0, 0, 16400], "Scale": 3.0, "Scale3D": [1.0, 1.0, 1.0], "Materials": []}}, {"Prop_Panels.DiamondPlate": {"Rename": "", "Tags": [], "Metadata": "", "Location": [20995.16015625, 29909.560546875, 1199.9730224609375], "Rotation": [0, 0, 16400], "Scale": 3.0, "Scale3D": [1.0, 1.0, 1.0], "Materials": []}}, {"Prop_Panels.DiamondPlate": {"Rename": "", "Tags": [], "Metadata": "", "Location": [22015.16015625, 29909.560546875, 1199.9730224609375], "Rotation": [0, 0, 16400], "Scale": 3.0, "Scale3D": [1.0, 1.0, 1.0], "Materials": []}}, {"Prop_Panels.DiamondPlate": {"Rename": "", "Tags": [], "Metadata": "", "Location": [23035.16015625, 29909.560546875, 1199.9730224609375], "Rotation": [0, 0, 16400], "Scale": 3.0, "Scale3D": [1.0, 1.0, 1.0], "Materials": []}}, {"Prop_Panels.DiamondPlate": {"Rename": "", "Tags": [], "Metadata": "", "Location": [24055.16015625, 29909.560546875, 1199.9730224609375], "Rotation": [0, 0, 16400], "Scale": 3.0, "Scale3D": [1.0, 1.0, 1.0], "Materials": []}}, {"Prop_Panels.DiamondPlate": {"Rename": "", "Tags": [], "Metadata": "", "Location": [20995.16015625, 29909.560546875, 349.9729919433594], "Rotation": [0, 0, 16400], "Scale": 3.0, "Scale3D": [1.0, 1.0, 1.0], "Materials": []}}, {"Prop_Panels.DiamondPlate": {"Rename": "", "Tags": [], "Metadata": "", "Location": [22015.16015625, 29909.560546875, 349.9729919433594], "Rotation": [0, 0, 16400], "Scale": 3.0, "Scale3D": [1.0, 1.0, 1.0], "Materials": []}}, {"EngineMeshes.Sphere": {"Rename": "Pressure Plate", "Tags": ["Pressure Plate"], "Metadata": "", "Location": [20479.341796875, 30910.8671875, 1917.0], "Rotation": [0, 0, 0], "Scale": 0.5, "Scale3D": [1.0, 1.0, 0.0010000000474974513], "Materials": ["Anemone_GunMaterials.Materials.SMG.Mati_Tediore_6_Infection_Cleaner"]}}, {"Char_Anem_ButtStallion.Mesh.ButtStallion": {"Rename": "", "Tags": [], "Metadata": "", "Location": [20516.0625, 30913.23046875, 1918.614013671875], "Rotation": [0, -16400, -16400], "Scale": 0.5, "Scale3D": [1.0, 0.0010000000474974513, 1.0], "Materials": []}}], "InteractiveObjectDefinition": [{"GD_Balance_Treasure.ChestGrades.ObjectGrade_TreasureChest": {"Rename": "", "Tags": [], "Metadata": "", "Location": [23767.68359375, 33880.359375, 1352.9539794921875], "Rotation": [0, -16400, 0], "Scale": 1.0, "Scale3D": [1.0, 1.0, 1.0], "Materials": ["CraterLake_P.TheWorld:PersistentLevel.WillowInteractiveObject_46.SkeletalMeshComponent_288.MaterialInstanceConstant_251"]}}, {"GD_Balance_Treasure.ChestGrades.ObjectGrade_TreasureChest": {"Rename": "", "Tags": [], "Metadata": "", "Location": [21320.859375, 34270.69140625, 1200.0], "Rotation": [0, -8200, 0], "Scale": 1.0, "Scale3D": [1.0, 1.0, 1.0], "Materials": ["CraterLake_P.TheWorld:PersistentLevel.WillowInteractiveObject_47.SkeletalMeshComponent_289.MaterialInstanceConstant_252"]}}, {"GD_Balance_Treasure.ChestGrades.ObjectGrade_TreasureChest": {"Rename": "", "Tags": [], "Metadata": "", "Location": [22048.81640625, 32056.15625, 1056.093994140625], "Rotation": [0, 0, 0], "Scale": 1.0, "Scale3D": [1.0, 1.0, 1.0], "Materials": ["CraterLake_P.TheWorld:PersistentLevel.WillowInteractiveObject_48.SkeletalMeshComponent_290.MaterialInstanceConstant_253"]}}, {"GD_Balance_Treasure.ChestGrades.ObjectGrade_TreasureChest": {"Rename": "", "Tags": [], "Metadata": "", "Location": [21088.71875, 30173.75390625, 1200.8389892578125], "Rotation": [0, -2700, 0], "Scale": 1.0, "Scale3D": [1.0, 1.0, 1.0], "Materials": ["CraterLake_P.TheWorld:PersistentLevel.WillowInteractiveObject_49.SkeletalMeshComponent_291.MaterialInstanceConstant_254"]}}, {"GD_Balance_Treasure.ChestGrades.ObjectGrade_TreasureChest": {"Rename": "", "Tags": [], "Metadata": "", "Location": [23906.451171875, 31274.97265625, 1670.0360107421875], "Rotation": [0, -16400, 0], "Scale": 1.0, "Scale3D": [1.0, 1.0, 1.0], "Materials": ["CraterLake_P.TheWorld:PersistentLevel.WillowInteractiveObject_50.SkeletalMeshComponent_292.MaterialInstanceConstant_255"]}}, {"GD_Balance_Treasure.ChestGrades.ObjectGrade_TreasureChest": {"Rename": "", "Tags": [], "Metadata": "", "Location": [21960.1953125, 34821.76953125, 422.27099609375], "Rotation": [0, -24300, 0], "Scale": 1.0, "Scale3D": [1.0, 1.0, 1.0], "Materials": ["CraterLake_P.TheWorld:PersistentLevel.WillowInteractiveObject_51.SkeletalMeshComponent_293.MaterialInstanceConstant_256"]}}, {"GD_LevelChallenges.InteractiveObjects.IO_VaultRoy": {"Rename": "Vault Symbol Reward", "Tags": ["Vault Symbol Reward"], "Metadata": "", "Location": [19138.419921875, 34031.12890625, 2006.1629638671875], "Rotation": [0, -21000, -16400], "Scale": 1.0, "Scale3D": [1.0, 1.0, 1.0], "Materials": []}}]}}}