{"craterlake_p": {"Create": {"StaticMesh": [{"Prop_Panels.MetalPanel_06": {"Rename": "", "Tags": [], "Metadata": "", "Location": [11657.12109375, 12402.3427734375, 4048.30810546875], "Rotation": [0, -8200, 0], "Scale": 2.069999933242798, "Scale3D": [1.0, 1.0, 1.309999942779541], "Materials": []}}, {"Prop_Barricades.CementBlockCover": {"Rename": "", "Tags": [], "Metadata": "", "Location": [10871.044921875, 12649.078125, 3775.156982421875], "Rotation": [0, 8200, 0], "Scale": 2.0, "Scale3D": [1.0, 1.0, 1.0], "Materials": []}}, {"Prop_Barricades.CementBlockCover": {"Rename": "", "Tags": [], "Metadata": "", "Location": [11959.2587890625, 11591.8134765625, 3775.097900390625], "Rotation": [0, 8200, 0], "Scale": 2.0, "Scale3D": [1.0, 1.0, 1.0], "Materials": []}}, {"Common_Meshes.Blocking.Blocking_Cube": {"Rename": "Invisible Wall 1", "Tags": [], "Metadata": "", "Location": [12374.41015625, 11182.0009765625, 3774.553955078125], "Rotation": [0, 8200, 0], "Scale": 3.0, "Scale3D": [0.009999999776482582, 1.2300000190734863, 0.7200000286102295], "Materials": ["FX_ENV_VOG.Materials.Angel_Echo_INST"]}}, {"Common_Meshes.Blocking.Blocking_Cube": {"Rename": "Invisible Wall 2", "Tags": [], "Metadata": "", "Location": [11135.41015625, 12386.0009765625, 3774.553955078125], "Rotation": [0, 8200, 0], "Scale": 3.0, "Scale3D": [0.009999999776482582, 1.1299999952316284, 0.7200000286102295], "Materials": ["FX_ENV_VOG.Materials.Angel_Echo_INST"]}}, {"Common_Meshes.Blocking.Blocking_Cube": {"Rename": "Invisible Wall 3", "Tags": [], "Metadata": "", "Location": [13175.533203125, 10002.8115234375, 3865.402099609375], "Rotation": [0, 13200, 0], "Scale": 2.0, "Scale3D": [0.009999999776482582, 1.0, 1.0], "Materials": ["FX_ENV_VOG.Materials.Angel_Echo_INST"]}}, {"Prop_Fences.Meshes.BanditCover_03": {"Rename": "", "Tags": [], "Metadata": "", "Location": [13591.30859375, 4750.8271484375, 3501.718017578125], "Rotation": [-700, 19200, 0], "Scale": 5.0, "Scale3D": [1.4299999475479126, 1.0, 1.0], "Materials": []}}, {"Prop_Fences.Meshes.BanditCover_01": {"Rename": "", "Tags": [], "Metadata": "", "Location": [7479.8662109375, 5107.86279296875, 3666.431884765625], "Rotation": [0, 16400, 0], "Scale": 3.0, "Scale3D": [1.0, 1.0, 1.0], "Materials": []}}, {"Prop_Fences.Meshes.BanditCover_01": {"Rename": "", "Tags": [], "Metadata": "", "Location": [7477.8662109375, 5667.86279296875, 3678.431884765625], "Rotation": [0, 16400, 0], "Scale": 3.0, "Scale3D": [1.0, 1.0, 1.0], "Materials": []}}, {"EngineMeshes.Sphere": {"Rename": "Pressure Plate", "Tags": ["Pressure Plate"], "Metadata": "", "Location": [7595.63818359375, 4001.947998046875, 4808.0], "Rotation": [0, 0, 0], "Scale": 0.5, "Scale3D": [1.0, 1.0, 0.0010000000474974513], "Materials": ["Anemone_GunMaterials.Materials.SMG.Mati_Tediore_6_Infection_Cleaner"]}}, {"Char_Anem_ButtStallion.Mesh.ButtStallion": {"Rename": "", "Tags": [], "Metadata": "", "Location": [7635.89599609375, 3996.51708984375, 4809.0], "Rotation": [0, -18000, -16400], "Scale": 0.5, "Scale3D": [1.0, 0.0010000000474974513, 1.0], "Materials": []}}], "InteractiveObjectDefinition": [{"GD_Balance_Treasure.ChestGrades.ObjectGrade_TreasureChest": {"Rename": "", "Tags": [], "Metadata": "", "Location": [11140.6162109375, 12026.9677734375, 3797.76806640625], "Rotation": [0, -20300, 0], "Scale": 1.0, "Scale3D": [1.0, 1.0, 1.0], "Materials": ["CraterLake_P.TheWorld:PersistentLevel.WillowInteractiveObject_243.SkeletalMeshComponent_772.MaterialInstanceConstant_904"]}}, {"GD_Balance_Treasure.ChestGrades.ObjectGrade_TreasureChest": {"Rename": "", "Tags": [], "Metadata": "", "Location": [7733.466796875, 12950.912109375, 3669.673095703125], "Rotation": [0, -6200, 0], "Scale": 1.0, "Scale3D": [1.0, 1.0, 1.0], "Materials": ["CraterLake_P.TheWorld:PersistentLevel.WillowInteractiveObject_244.SkeletalMeshComponent_773.MaterialInstanceConstant_905"]}}, {"GD_Balance_Treasure.ChestGrades.ObjectGrade_TreasureChest": {"Rename": "", "Tags": [], "Metadata": "", "Location": [10860.5732421875, 9624.1328125, 3672.669921875], "Rotation": [0, 30800, 0], "Scale": 1.0, "Scale3D": [1.0, 1.0, 1.0], "Materials": ["CraterLake_P.TheWorld:PersistentLevel.WillowInteractiveObject_245.SkeletalMeshComponent_774.MaterialInstanceConstant_906"]}}, {"GD_Balance_Treasure.ChestGrades.ObjectGrade_TreasureChest": {"Rename": "", "Tags": [], "Metadata": "", "Location": [10205.009765625, 6678.89794921875, 3679.0], "Rotation": [0, 16400, 0], "Scale": 1.0, "Scale3D": [1.0, 1.0, 1.0], "Materials": ["CraterLake_P.TheWorld:PersistentLevel.WillowInteractiveObject_246.SkeletalMeshComponent_775.MaterialInstanceConstant_907"]}}, {"GD_Balance_Treasure.ChestGrades.ObjectGrade_TreasureChest": {"Rename": "", "Tags": [], "Metadata": "", "Location": [12646.4833984375, 4698.7900390625, 4182.80908203125], "Rotation": [0, 16400, 0], "Scale": 1.0, "Scale3D": [1.0, 1.0, 1.0], "Materials": ["CraterLake_P.TheWorld:PersistentLevel.WillowInteractiveObject_247.SkeletalMeshComponent_776.MaterialInstanceConstant_908"]}}, {"GD_Balance_Treasure.ChestGrades.ObjectGrade_TreasureChest": {"Rename": "", "Tags": [], "Metadata": "", "Location": [8333.869140625, 9967.1748046875, 3785.0], "Rotation": [0, -9000, 0], "Scale": 1.0, "Scale3D": [1.0, 1.0, 1.0], "Materials": ["CraterLake_P.TheWorld:PersistentLevel.WillowInteractiveObject_248.SkeletalMeshComponent_777.MaterialInstanceConstant_909"]}}, {"GD_LevelChallenges.InteractiveObjects.IO_VaultRoy": {"Rename": "Vault Symbol Reward", "Tags": ["Vault Symbol Reward"], "Metadata": "", "Location": [6654.5029296875, 13875.3984375, 3834.0], "Rotation": [-3000, 22600, 0], "Scale": 0.44999998807907104, "Scale3D": [1.0, 1.0, 1.0], "Materials": []}}]}}}