{"fyrestone_p": {"Create": {"StaticMesh": [{"Prop_HyperionArchitecture.Mesh.ConcreteStair192": {"Rename": "", "Tags": [], "Metadata": "", "Location": [-49012.24609375, 45577.5625, -5593.14794921875], "Rotation": [0, -16400, 0], "Scale": 1.0, "Scale3D": [1.1299999952316284, 0.029999999329447746, 4.239999771118164], "Materials": []}}, {"Prop_Crate.Meshes.BanditCrate01": {"Rename": "", "Tags": [], "Metadata": "", "Location": [-49279.03125, 45210.53125, -5567.16796875], "Rotation": [0, -14300, 0], "Scale": 1.2599999904632568, "Scale3D": [1.0, 1.0, 1.0], "Materials": ["Env_CraterLake.Materials.Mati_BanditCrate_Green"]}}, {"Prop_Crate.Meshes.HyperionCrate": {"Rename": "", "Tags": [], "Metadata": "", "Location": [-49552.3828125, 46196.8046875, -5184.0], "Rotation": [0, 42000, 0], "Scale": 1.100000023841858, "Scale3D": [1.0, 1.0, 1.0], "Materials": []}}, {"EngineMeshes.Sphere": {"Rename": "Pressure Plate", "Tags": ["Pressure Plate"], "Metadata": "", "Location": [-49518.54296875, 46072.32421875, -5184.0], "Rotation": [0, 0, 0], "Scale": 0.5, "Scale3D": [1.0, 1.0, 0.0010000000474974513], "Materials": ["Anemone_GunMaterials.Materials.SMG.Mati_Tediore_6_Infection_Cleaner"]}}, {"Char_Anem_ButtStallion.Mesh.ButtStallion": {"Rename": "", "Tags": [], "Metadata": "", "Location": [-49523.28515625, 46108.0390625, -5183.0], "Rotation": [0, 0, -16400], "Scale": 0.5, "Scale3D": [1.0, 0.0010000000474974513, 1.0], "Materials": []}}], "InteractiveObjectDefinition": [{"GD_Balance_Treasure.ChestGrades.ObjectGrade_TreasureChest": {"Rename": "", "Tags": [], "Metadata": "", "Location": [-50338.375, 45739.1015625, -5546.64111328125], "Rotation": [0, -16400, 0], "Scale": 1.0, "Scale3D": [1.0, 1.0, 1.0], "Materials": ["Fyrestone_P.TheWorld:PersistentLevel.WillowInteractiveObject_390.SkeletalMeshComponent_1405.MaterialInstanceConstant_2185"]}}, {"GD_Balance_Treasure.ChestGrades.ObjectGrade_TreasureChest": {"Rename": "", "Tags": [], "Metadata": "", "Location": [-52641.37890625, 45028.875, -5184.23291015625], "Rotation": [0, -15300, 0], "Scale": 1.0, "Scale3D": [1.0, 1.0, 1.0], "Materials": ["Fyrestone_P.TheWorld:PersistentLevel.WillowInteractiveObject_391.SkeletalMeshComponent_1406.MaterialInstanceConstant_2186"]}}, {"GD_Balance_Treasure.ChestGrades.ObjectGrade_TreasureChest": {"Rename": "", "Tags": [], "Metadata": "", "Location": [-50504.0859375, 42894.5859375, -5184.1220703125], "Rotation": [0, 3300, 0], "Scale": 1.0, "Scale3D": [1.0, 1.0, 1.0], "Materials": ["Fyrestone_P.TheWorld:PersistentLevel.WillowInteractiveObject_392.SkeletalMeshComponent_1407.MaterialInstanceConstant_2187"]}}, {"GD_Balance_Treasure.ChestGrades.ObjectGrade_TreasureChest": {"Rename": "", "Tags": [], "Metadata": "", "Location": [-51760.83203125, 39588.9296875, -5122.876953125], "Rotation": [0, -7600, 0], "Scale": 1.0, "Scale3D": [1.0, 1.0, 1.0], "Materials": ["Fyrestone_P.TheWorld:PersistentLevel.WillowInteractiveObject_393.SkeletalMeshComponent_1408.MaterialInstanceConstant_2188"]}}, {"GD_LevelChallenges.InteractiveObjects.IO_VaultRoy": {"Rename": "Vault Symbol Reward", "Tags": ["Vault Symbol Reward"], "Metadata": "", "Location": [-52230.75, 44743.859375, -5041.52099609375], "Rotation": [-3200, 16400, 0], "Scale": 0.8700000047683716, "Scale3D": [1.0, 1.0, 1.0], "Materials": []}}]}}}