{"fyrestone_p": {"Create": {"StaticMesh": [{"prop_gates.Meshes.CorrugatedGate": {"Rename": "", "Tags": [], "Metadata": "", "Location": [-58013.98828125, 45897.93359375, -1643.97998046875], "Rotation": [0, 0, 0], "Scale": 2.0, "Scale3D": [1.0, 1.0, 1.0], "Materials": []}}, {"prop_gates.Meshes.CorrugatedGate": {"Rename": "", "Tags": [], "Metadata": "", "Location": [-55549.98828125, 44881.93359375, -1659.97998046875], "Rotation": [-300, -8200, 0], "Scale": 2.0, "Scale3D": [1.0, 1.0, 1.0], "Materials": []}}, {"prop_gates.Meshes.CorrugatedGate": {"Rename": "", "Tags": [], "Metadata": "", "Location": [-54578.98828125, 42400.93359375, -1666.97998046875], "Rotation": [400, -16400, 0], "Scale": 2.0, "Scale3D": [1.0, 1.0, 1.0], "Materials": []}}, {"prop_gates.Meshes.CorrugatedGate": {"Rename": "", "Tags": [], "Metadata": "", "Location": [-55587.98828125, 39933.93359375, -1509.97998046875], "Rotation": [0, -24600, 0], "Scale": 2.0, "Scale3D": [1.0, 1.0, 1.0], "Materials": []}}, {"prop_gates.Meshes.CorrugatedGate": {"Rename": "", "Tags": [], "Metadata": "", "Location": [-58057.98828125, 38933.93359375, -1471.97998046875], "Rotation": [100, -32800, 0], "Scale": 2.0, "Scale3D": [1.0, 1.0, 1.0], "Materials": []}}, {"prop_gates.Meshes.CorrugatedGate": {"Rename": "", "Tags": [], "Metadata": "", "Location": [-60511.98828125, 39972.93359375, -1496.97998046875], "Rotation": [0, 24600, 0], "Scale": 2.0, "Scale3D": [1.0, 1.0, 1.0], "Materials": []}}, {"prop_gates.Meshes.CorrugatedGate": {"Rename": "", "Tags": [], "Metadata": "", "Location": [-61537.98828125, 42444.93359375, -1496.97998046875], "Rotation": [0, 16400, 0], "Scale": 2.0, "Scale3D": [1.0, 1.0, 1.0], "Materials": []}}, {"prop_gates.Meshes.CorrugatedGate": {"Rename": "", "Tags": [], "Metadata": "", "Location": [-60494.98828125, 44917.93359375, -1496.97998046875], "Rotation": [-300, 8200, 0], "Scale": 2.0, "Scale3D": [1.0, 1.0, 1.0], "Materials": []}}, {"EngineMeshes.Sphere": {"Rename": "Pressure Plate", "Tags": ["Pressure Plate"], "Metadata": "", "Location": [-57920.0, 41436.0, -488.0], "Rotation": [0, 0, 0], "Scale": 0.5, "Scale3D": [1.0, 1.0, 0.0010000000474974513], "Materials": ["Anemone_GunMaterials.Materials.SMG.Mati_Tediore_6_Infection_Cleaner"]}}, {"Char_Anem_ButtStallion.Mesh.ButtStallion": {"Rename": "", "Tags": [], "Metadata": "", "Location": [-57926.6015625, 41471.609375, -487.14898681640625], "Rotation": [0, 0, -16400], "Scale": 0.5, "Scale3D": [1.0, 0.0010000000474974513, 1.0], "Materials": []}}], "InteractiveObjectDefinition": [{"GD_Balance_Treasure.ChestGrades.ObjectGrade_HyperionChest": {"Rename": "", "Tags": [], "Metadata": "", "Location": [-57238.86328125, 44046.05078125, -1842.532958984375], "Rotation": [0, 16600, 0], "Scale": 1.0, "Scale3D": [1.0, 1.0, 1.0], "Materials": ["Fyrestone_P.TheWorld:PersistentLevel.WillowInteractiveObject_458.SkeletalMeshComponent_1767.MaterialInstanceConstant_2697"]}}, {"GD_Balance_Treasure.ChestGrades.ObjectGrade_HyperionChest": {"Rename": "", "Tags": [], "Metadata": "", "Location": [-54814.7578125, 41338.9375, -2016.47705078125], "Rotation": [1200, 32800, -600], "Scale": 1.0, "Scale3D": [1.0, 1.0, 1.0], "Materials": ["Fyrestone_P.TheWorld:PersistentLevel.WillowInteractiveObject_459.SkeletalMeshComponent_1768.MaterialInstanceConstant_2698"]}}, {"GD_Balance_Treasure.ChestGrades.ObjectGrade_HyperionChest": {"Rename": "", "Tags": [], "Metadata": "", "Location": [-58142.12109375, 39874.2265625, -1910.2950439453125], "Rotation": [-700, -4300, -200], "Scale": 1.0, "Scale3D": [1.0, 1.0, 1.0], "Materials": ["Fyrestone_P.TheWorld:PersistentLevel.WillowInteractiveObject_460.SkeletalMeshComponent_1769.MaterialInstanceConstant_2699"]}}, {"GD_Balance_Treasure.ChestGrades.ObjectGrade_HyperionChest": {"Rename": "", "Tags": [], "Metadata": "", "Location": [-60390.265625, 42844.08203125, -1869.8909912109375], "Rotation": [0, -29000, 0], "Scale": 1.0, "Scale3D": [1.0, 1.0, 1.0], "Materials": ["Fyrestone_P.TheWorld:PersistentLevel.WillowInteractiveObject_461.SkeletalMeshComponent_1770.MaterialInstanceConstant_2700"]}}, {"GD_Balance_Treasure.ChestGrades.ObjectGrade_HyperionChest": {"Rename": "", "Tags": [], "Metadata": "", "Location": [-57926.06640625, 43798.28515625, -992.7470092773438], "Rotation": [0, -16400, 0], "Scale": 1.0, "Scale3D": [1.0, 1.0, 1.0], "Materials": ["Fyrestone_P.TheWorld:PersistentLevel.WillowInteractiveObject_462.SkeletalMeshComponent_1771.MaterialInstanceConstant_2701"]}}, {"GD_LevelChallenges.InteractiveObjects.IO_VaultRoy": {"Rename": "Vault Symbol Reward", "Tags": ["Vault Symbol Reward"], "Metadata": "", "Location": [-57118.90625, 41640.3671875, -1707.8690185546875], "Rotation": [-2500, -16400, 0], "Scale": 0.6800000071525574, "Scale3D": [1.0, 1.0, 1.0], "Materials": []}}]}}}