{"fyrestone_p": {"Create": {"StaticMesh": [{"Prop_Rocks_03.Meshes.AridRockCliff_05a": {"Rename": "", "Tags": [], "Metadata": "", "Location": [-46829.921875, 28384.412109375, -2772.154052734375], "Rotation": [-500, 12100, 0], "Scale": 1.2599999904632568, "Scale3D": [1.0, 1.0, 1.0], "Materials": []}}, {"Prop_Rocks_03.Meshes.AridRockCliff_05a": {"Rename": "", "Tags": [], "Metadata": "", "Location": [-48089.921875, 25624.412109375, -2672.154052734375], "Rotation": [1000, 5100, 2000], "Scale": 1.2599999904632568, "Scale3D": [1.2000000476837158, 1.0, 1.0], "Materials": []}}, {"Prop_Rocks_03.Meshes.AridRockCliff_05a": {"Rename": "", "Tags": [], "Metadata": "", "Location": [-53621.7265625, 27204.74609375, -3035.287109375], "Rotation": [300, -18400, 1900], "Scale": 1.2599999904632568, "Scale3D": [1.2999999523162842, 1.2100000381469727, 1.0], "Materials": []}}, {"Prop_Rocks_03.Meshes.AridRockCliff_05a": {"Rename": "", "Tags": [], "Metadata": "", "Location": [-51944.7265625, 30734.74609375, -3055.287109375], "Rotation": [0, -23200, 0], "Scale": 1.2599999904632568, "Scale3D": [1.1100000143051147, 1.3200000524520874, 0.9300000071525574], "Materials": []}}, {"Prop_Rocks_03.Meshes.AridRockCliff_05a": {"Rename": "", "Tags": [], "Metadata": "", "Location": [-47943.3125, 35210.4921875, -3054.25390625], "Rotation": [1200, -32400, 0], "Scale": 1.2599999904632568, "Scale3D": [0.7699999809265137, 1.0, 1.0], "Materials": []}}, {"Prop_Rocks_03.Meshes.AridRockCliff_05a": {"Rename": "", "Tags": [], "Metadata": "", "Location": [-45206.3125, 34151.4921875, -2807.25390625], "Rotation": [0, -39600, 0], "Scale": 1.2599999904632568, "Scale3D": [1.0, 1.0, 1.0], "Materials": []}}, {"Prop_Rocks_03.Meshes.AridRockCliff_05a": {"Rename": "", "Tags": [], "Metadata": "", "Location": [-44598.3125, 32343.4921875, -2807.25390625], "Rotation": [0, -47600, 0], "Scale": 1.1200000047683716, "Scale3D": [1.1399999856948853, 1.440000057220459, 1.1100000143051147], "Materials": []}}, {"Prop_Rocks_03.Meshes.AridRockCliff_05a": {"Rename": "", "Tags": [], "Metadata": "", "Location": [-52531.7265625, 23394.74609375, -3035.287109375], "Rotation": [0, -5400, 0], "Scale": 1.2599999904632568, "Scale3D": [1.0, 1.0, 1.0], "Materials": []}}, {"Prop_Rocks_03.Meshes.AridRockCliff_05a": {"Rename": "", "Tags": [], "Metadata": "", "Location": [-50621.7265625, 23394.74609375, -3105.287109375], "Rotation": [3000, 9600, -1000], "Scale": 1.2599999904632568, "Scale3D": [1.0, 1.0, 1.0], "Materials": []}}, {"Prop_Rocks_03.Meshes.BarrensRoundRock": {"Rename": "", "Tags": [], "Metadata": "", "Location": [-52493.46484375, 24514.75, -2630.2890625], "Rotation": [0, 35000, 0], "Scale": 0.3700000047683716, "Scale3D": [1.1699999570846558, 1.899999976158142, 1.0], "Materials": []}}, {"prop_containers.Meshes.HyperionContainer": {"Rename": "", "Tags": [], "Metadata": "", "Location": [-52923.29296875, 25678.998046875, -2392.797119140625], "Rotation": [0, 2700, -1400], "Scale": 1.0, "Scale3D": [1.0, 1.0, 1.0], "Materials": []}}, {"EngineMeshes.Sphere": {"Rename": "Pressure Plate", "Tags": ["Pressure Plate"], "Metadata": "", "Location": [-53286.2421875, 24523.373046875, -2493.89990234375], "Rotation": [-1700, -8600, -100], "Scale": 0.5, "Scale3D": [1.0, 1.0, 0.0010000000474974513], "Materials": ["Anemone_GunMaterials.Materials.SMG.Mati_Tediore_6_Infection_Cleaner"]}}, {"Char_Anem_ButtStallion.Mesh.ButtStallion": {"Rename": "", "Tags": [], "Metadata": "", "Location": [-53286.71875, 24564.75, -2488.027099609375], "Rotation": [-1200, -1100, -17600], "Scale": 0.5, "Scale3D": [1.0, 0.0010000000474974513, 1.0], "Materials": []}}], "InteractiveObjectDefinition": [{"GD_Balance_Treasure.ChestGrades.ObjectGrade_TreasureChest": {"Rename": "", "Tags": [], "Metadata": "", "Location": [-48518.9296875, 27396.69921875, -2503.56201171875], "Rotation": [-400, 27300, 600], "Scale": 1.0, "Scale3D": [1.0, 1.0, 1.0], "Materials": ["Fyrestone_P.TheWorld:PersistentLevel.WillowInteractiveObject_572.SkeletalMeshComponent_7118.MaterialInstanceConstant_6546"]}}, {"GD_Balance_Treasure.ChestGrades.ObjectGrade_TreasureChest": {"Rename": "", "Tags": [], "Metadata": "", "Location": [-50150.2890625, 29598.77734375, -2438.868896484375], "Rotation": [300, -14000, 0], "Scale": 1.0, "Scale3D": [1.0, 1.0, 1.0], "Materials": ["Fyrestone_P.TheWorld:PersistentLevel.WillowInteractiveObject_573.SkeletalMeshComponent_7119.MaterialInstanceConstant_6547"]}}, {"GD_Balance_Treasure.ChestGrades.ObjectGrade_TreasureChest": {"Rename": "", "Tags": [], "Metadata": "", "Location": [-47571.72265625, 32027.697265625, -2456.93798828125], "Rotation": [-300, 6700, -400], "Scale": 1.0, "Scale3D": [1.0, 1.0, 1.0], "Materials": ["Fyrestone_P.TheWorld:PersistentLevel.WillowInteractiveObject_574.SkeletalMeshComponent_7120.MaterialInstanceConstant_6548"]}}, {"GD_Balance_Treasure.ChestGrades.ObjectGrade_TreasureChest": {"Rename": "", "Tags": [], "Metadata": "", "Location": [-47578.37890625, 34454.9375, -2445.426025390625], "Rotation": [600, -32000, 0], "Scale": 1.0, "Scale3D": [1.0, 1.0, 1.0], "Materials": ["Fyrestone_P.TheWorld:PersistentLevel.WillowInteractiveObject_575.SkeletalMeshComponent_7121.MaterialInstanceConstant_6549"]}}, {"GD_Balance_Treasure.ChestGrades.ObjectGrade_TreasureChest": {"Rename": "", "Tags": [], "Metadata": "", "Location": [-51271.00390625, 24021.2890625, -2750.0], "Rotation": [700, 9900, -1800], "Scale": 1.0, "Scale3D": [1.0, 1.0, 1.0], "Materials": ["Fyrestone_P.TheWorld:PersistentLevel.WillowInteractiveObject_576.SkeletalMeshComponent_7122.MaterialInstanceConstant_6550"]}}, {"GD_LevelChallenges.InteractiveObjects.IO_VaultRoy": {"Rename": "Vault Symbol Reward", "Tags": ["Vault Symbol Reward"], "Metadata": "", "Location": [-51403.33203125, 29640.640625, -2292.501953125], "Rotation": [-2300, 8200, 0], "Scale": 0.47999998927116394, "Scale3D": [1.0, 1.0, 1.0], "Materials": []}}]}}}