{"stockade_p": {"Create": {"StaticMesh": [{"Prop_Fences.Meshes.MetalPanelFence": {"Rename": "", "Tags": [], "Metadata": "", "Location": [-20247.9453125, 22475.9375, 388.7449951171875], "Rotation": [100, -1700, 0], "Scale": 1.0, "Scale3D": [1.5099999904632568, 1.0, 1.0], "Materials": []}}, {"prop_gates.Meshes.CorrugatedGate": {"Rename": "", "Tags": [], "Metadata": "", "Location": [-19037.43359375, 19992.00390625, 625.3800048828125], "Rotation": [300, 14900, 0], "Scale": 1.0, "Scale3D": [0.9100000262260437, 1.0, 0.800000011920929], "Materials": []}}, {"prop_gates.Meshes.CorrugatedGate": {"Rename": "", "Tags": [], "Metadata": "", "Location": [-19736.43359375, 19016.00390625, 584.3800048828125], "Rotation": [200, 3600, 0], "Scale": 1.0, "Scale3D": [0.9100000262260437, 1.0, 0.800000011920929], "Materials": []}}, {"prop_gates.Meshes.CorrugatedGate": {"Rename": "", "Tags": [], "Metadata": "", "Location": [-20692.43359375, 18228.00390625, 554.3800048828125], "Rotation": [0, 10500, 0], "Scale": 1.0, "Scale3D": [0.9100000262260437, 1.0, 0.800000011920929], "Materials": []}}, {"prop_gates.Meshes.CorrugatedGate": {"Rename": "", "Tags": [], "Metadata": "", "Location": [-21363.43359375, 17071.00390625, 540.3800048828125], "Rotation": [0, 10500, -2700], "Scale": 1.0, "Scale3D": [0.9599999785423279, 1.0, 0.800000011920929], "Materials": []}}, {"prop_gates.Meshes.CorrugatedGate": {"Rename": "", "Tags": [], "Metadata": "", "Location": [-22738.43359375, 15856.00390625, 406.3800048828125], "Rotation": [2100, 5800, 0], "Scale": 1.0, "Scale3D": [0.9599999785423279, 1.0, 0.800000011920929], "Materials": []}}, {"prop_gates.Meshes.CorrugatedGate": {"Rename": "", "Tags": [], "Metadata": "", "Location": [-23894.43359375, 15151.00390625, 234.3800048828125], "Rotation": [-800, 5800, 1400], "Scale": 1.0, "Scale3D": [0.9599999785423279, 1.0, 0.800000011920929], "Materials": []}}, {"prop_gates.Meshes.CorrugatedGate": {"Rename": "", "Tags": [], "Metadata": "", "Location": [-24993.43359375, 14393.00390625, 286.3800048828125], "Rotation": [-900, 5800, 0], "Scale": 1.0, "Scale3D": [0.9599999785423279, 1.0, 0.800000011920929], "Materials": []}}, {"prop_gates.Meshes.CorrugatedGate": {"Rename": "", "Tags": [], "Metadata": "", "Location": [-25827.466796875, 19655.84375, 444.64599609375], "Rotation": [-1400, -26900, 0], "Scale": 1.0, "Scale3D": [0.9599999785423279, 1.0, 0.800000011920929], "Materials": []}}, {"prop_gates.Meshes.CorrugatedGate": {"Rename": "", "Tags": [], "Metadata": "", "Location": [-27054.466796875, 19008.84375, 429.64599609375], "Rotation": [500, -29100, 0], "Scale": 1.0, "Scale3D": [0.9599999785423279, 1.0, 0.800000011920929], "Materials": []}}, {"prop_gates.Meshes.CorrugatedGate": {"Rename": "", "Tags": [], "Metadata": "", "Location": [-28378.466796875, 18700.84375, 447.64599609375], "Rotation": [100, -31500, 0], "Scale": 1.0, "Scale3D": [0.9599999785423279, 1.0, 0.800000011920929], "Materials": []}}, {"prop_gates.Meshes.CorrugatedGate": {"Rename": "", "Tags": [], "Metadata": "", "Location": [-29577.466796875, 18161.84375, 405.64599609375], "Rotation": [-400, -25200, 0], "Scale": 1.0, "Scale3D": [0.9599999785423279, 1.0, 0.800000011920929], "Materials": []}}, {"prop_gates.Meshes.CorrugatedGate": {"Rename": "", "Tags": [], "Metadata": "", "Location": [-30370.466796875, 17117.84375, 355.64599609375], "Rotation": [800, -20400, 0], "Scale": 1.0, "Scale3D": [0.9599999785423279, 1.0, 0.800000011920929], "Materials": []}}, {"EngineMeshes.Sphere": {"Rename": "Pressure Plate", "Tags": ["Pressure Plate"], "Metadata": "", "Location": [-23661.638671875, 18416.466796875, 759.0], "Rotation": [500, -2400, 0], "Scale": 0.5, "Scale3D": [1.0, 1.0, 0.0010000000474974513], "Materials": ["Anemone_GunMaterials.Materials.SMG.Mati_Tediore_6_Infection_Cleaner"]}}, {"Char_Anem_ButtStallion.Mesh.ButtStallion": {"Rename": "", "Tags": [], "Metadata": "", "Location": [-23635.8046875, 18390.296875, 762.0], "Rotation": [-300, -25900, -16900], "Scale": 0.5, "Scale3D": [1.0, 0.0010000000474974513, 1.0], "Materials": []}}], "InteractiveObjectDefinition": [{"GD_Balance_Treasure.ChestGrades.ObjectGrade_TreasureChest": {"Rename": "", "Tags": [], "Metadata": "", "Location": [-21249.603515625, 19102.6015625, 305.4639892578125], "Rotation": [0, -19500, -1100], "Scale": 1.0, "Scale3D": [1.0, 1.0, 1.0], "Materials": ["Stockade_P.TheWorld:PersistentLevel.WillowInteractiveObject_44.SkeletalMeshComponent_255.MaterialInstanceConstant_310"]}}, {"GD_Balance_Treasure.ChestGrades.ObjectGrade_TreasureChest": {"Rename": "", "Tags": [], "Metadata": "", "Location": [-21251.3828125, 20891.900390625, 391.6730041503906], "Rotation": [1000, -4300, -900], "Scale": 1.0, "Scale3D": [1.0, 1.0, 1.0], "Materials": ["Stockade_P.TheWorld:PersistentLevel.WillowInteractiveObject_45.SkeletalMeshComponent_256.MaterialInstanceConstant_311"]}}, {"GD_Balance_Treasure.ChestGrades.ObjectGrade_TreasureChest": {"Rename": "", "Tags": [], "Metadata": "", "Location": [-24578.08984375, 18940.611328125, 215.06300354003906], "Rotation": [-400, -6900, 900], "Scale": 1.0, "Scale3D": [1.0, 1.0, 1.0], "Materials": ["Stockade_P.TheWorld:PersistentLevel.WillowInteractiveObject_46.SkeletalMeshComponent_257.MaterialInstanceConstant_312"]}}, {"GD_Balance_Treasure.ChestGrades.ObjectGrade_TreasureChest": {"Rename": "", "Tags": [], "Metadata": "", "Location": [-25052.01171875, 15378.7080078125, 200.8679962158203], "Rotation": [-700, 400, -1000], "Scale": 1.0, "Scale3D": [1.0, 1.0, 1.0], "Materials": ["Stockade_P.TheWorld:PersistentLevel.WillowInteractiveObject_47.SkeletalMeshComponent_258.MaterialInstanceConstant_313"]}}, {"GD_Balance_Treasure.ChestGrades.ObjectGrade_TreasureChest": {"Rename": "", "Tags": [], "Metadata": "", "Location": [-29625.81640625, 17177.62890625, 270.9440002441406], "Rotation": [500, -15900, 0], "Scale": 1.0, "Scale3D": [1.0, 1.0, 1.0], "Materials": ["Stockade_P.TheWorld:PersistentLevel.WillowInteractiveObject_48.SkeletalMeshComponent_259.MaterialInstanceConstant_314"]}}]}}}