{"finalbossascent_p": {"Create": {"StaticMesh": [{"prop_dams.Mesh.HyperionDamWallDouble": {"Rename": "", "Tags": [], "Metadata": "", "Location": [-4138.60009765625, 18765.720703125, 6116.1669921875], "Rotation": [0, -28700, 0], "Scale": 0.36000001430511475, "Scale3D": [0.1899999976158142, 1.0, 1.0], "Materials": []}}, {"prop_dams.Mesh.HyperionDamWallDouble": {"Rename": "", "Tags": [], "Metadata": "", "Location": [-4417.60009765625, 19445.720703125, 6116.1669921875], "Rotation": [0, -28700, 0], "Scale": 0.36000001430511475, "Scale3D": [0.1899999976158142, 1.0, 1.0], "Materials": []}}, {"Prop_HyperionHelipad.Mesh.Hyperion_Trim": {"Rename": "", "Tags": [], "Metadata": "", "Location": [-4411.80810546875, 19562.841796875, 6020.0400390625], "Rotation": [-16400, 7300, 0], "Scale": 2.1700000762939453, "Scale3D": [0.49000000953674316, 2.0, 2.0], "Materials": []}}, {"Prop_Aliens.Meshes.AlienTempleRuins_09": {"Rename": "", "Tags": [], "Metadata": "", "Location": [-19878.822265625, 31844.7890625, 3877.135986328125], "Rotation": [0, 4000, 0], "Scale": 1.2000000476837158, "Scale3D": [1.0, 1.0, 1.0], "Materials": ["Env_Ascent.Materials.Mati_AlienTempleRuins_09_Ascent"]}}, {"prop_containers.Meshes.HyperionContainer": {"Rename": "", "Tags": [], "Metadata": "", "Location": [-8731.58203125, 22409.787109375, 5470.26513671875], "Rotation": [0, -9600, 0], "Scale": 1.0, "Scale3D": [1.0, 0.009999999776482582, 1.0], "Materials": ["prop_containers.Materials.Mati_HyperionContainerMetal"]}}, {"prop_containers.Meshes.HyperionContainerPanel": {"Rename": "", "Tags": [], "Metadata": "", "Location": [-1516.760009765625, 19499.708984375, 5701.03515625], "Rotation": [0, -12000, 8000], "Scale": 1.2999999523162842, "Scale3D": [1.2999999523162842, 1.0, 3.9000000953674316], "Materials": []}}, {"EngineMeshes.Sphere": {"Rename": "Pressure Plate", "Tags": ["Pressure Plate"], "Metadata": "", "Location": [-940.6129760742188, 20140.154296875, 6676.1181640625], "Rotation": [0, 0, 0], "Scale": 0.5, "Scale3D": [1.0, 1.0, 0.0010000000474974513], "Materials": ["Anemone_GunMaterials.Materials.SMG.Mati_Tediore_6_Infection_Cleaner"]}}, {"Char_Anem_ButtStallion.Mesh.ButtStallion": {"Rename": "", "Tags": [], "Metadata": "", "Location": [-978.5640258789062, 20127.4375, 6676.79296875], "Rotation": [0, 19300, -16400], "Scale": 0.5, "Scale3D": [1.0, 0.0010000000474974513, 1.0], "Materials": []}}], "InteractiveObjectDefinition": [{"GD_Balance_Treasure.ChestGrades.ObjectGrade_HyperionChest": {"Rename": "", "Tags": [], "Metadata": "", "Location": [-2948.259033203125, 19152.193359375, 6115.0], "Rotation": [0, -29000, 0], "Scale": 1.0, "Scale3D": [1.0, 1.0, 1.0], "Materials": ["FinalBossAscent_P.TheWorld:PersistentLevel.WillowInteractiveObject_522.SkeletalMeshComponent_1627.MaterialInstanceConstant_2044"]}}, {"GD_Balance_Treasure.ChestGrades.ObjectGrade_HyperionChest": {"Rename": "", "Tags": [], "Metadata": "", "Location": [-1505.10595703125, 22188.521484375, 5599.0], "Rotation": [0, -29000, 0], "Scale": 1.0, "Scale3D": [1.0, 1.0, 1.0], "Materials": ["FinalBossAscent_P.TheWorld:PersistentLevel.WillowInteractiveObject_523.SkeletalMeshComponent_1628.MaterialInstanceConstant_2045"]}}, {"GD_Balance_Treasure.ChestGrades.ObjectGrade_HyperionChest": {"Rename": "", "Tags": [], "Metadata": "", "Location": [-7166.32177734375, 24887.462890625, 5472.0], "Rotation": [0, -20000, 0], "Scale": 1.0, "Scale3D": [1.0, 1.0, 1.0], "Materials": ["FinalBossAscent_P.TheWorld:PersistentLevel.WillowInteractiveObject_524.SkeletalMeshComponent_1629.MaterialInstanceConstant_2046"]}}, {"GD_Balance_Treasure.ChestGrades.ObjectGrade_HyperionChest": {"Rename": "", "Tags": [], "Metadata": "", "Location": [-10027.4677734375, 19939.40234375, 5503.0], "Rotation": [0, 9000, 0], "Scale": 1.0, "Scale3D": [1.0, 1.0, 1.0], "Materials": ["FinalBossAscent_P.TheWorld:PersistentLevel.WillowInteractiveObject_525.SkeletalMeshComponent_1630.MaterialInstanceConstant_2047"]}}, {"GD_Balance_Treasure.ChestGrades.ObjectGrade_HyperionChest": {"Rename": "", "Tags": [], "Metadata": "", "Location": [-15468.4716796875, 26681.82421875, 4421.0], "Rotation": [0, -12500, 500], "Scale": 1.0, "Scale3D": [1.0, 1.0, 1.0], "Materials": ["FinalBossAscent_P.TheWorld:PersistentLevel.WillowInteractiveObject_526.SkeletalMeshComponent_1631.MaterialInstanceConstant_2048"]}}, {"GD_LevelChallenges.InteractiveObjects.IO_VaultRoy": {"Rename": "Vault Symbol Reward", "Tags": ["Vault Symbol Reward"], "Metadata": "", "Location": [-11509.0, 24977.365234375, 4614.31005859375], "Rotation": [-2000, 8200, -1500], "Scale": 1.0, "Scale3D": [1.0, 1.0, 1.0], "Materials": []}}]}}}