{"orchid_saltflats_p": {"Create": {"StaticMesh": [{"prop_gates.Meshes.CorrugatedGateMed": {"Rename": "", "Tags": [], "Metadata": "", "Location": [-27235.37890625, 31974.923828125, 2366.96826171875], "Rotation": [0, -22200, 0], "Scale": 1.0, "Scale3D": [1.0, 1.0, 1.0], "Materials": []}}, {"prop_gates.Meshes.CorrugatedGateMed": {"Rename": "", "Tags": [], "Metadata": "", "Location": [-26625.37890625, 32621.923828125, 2366.96826171875], "Rotation": [0, -26100, 0], "Scale": 1.0, "Scale3D": [1.0, 1.0, 1.0], "Materials": []}}, {"Prop_Carnival.BurlesqueStage": {"Rename": "", "Tags": [], "Metadata": "", "Location": [-30146.48046875, 29050.515625, 2545.904052734375], "Rotation": [0, 0, 16400], "Scale": 2.0, "Scale3D": [1.0, 1.0, 1.0], "Materials": []}}, {"Prop_Carnival.BurlesqueStage": {"Rename": "", "Tags": [], "Metadata": "", "Location": [-32096.48046875, 29050.515625, 2545.904052734375], "Rotation": [0, 0, 16400], "Scale": 2.0, "Scale3D": [1.0, 1.0, 1.0], "Materials": []}}, {"Prop_Carnival.BurlesqueStage": {"Rename": "", "Tags": [], "Metadata": "", "Location": [-34056.48046875, 29050.515625, 2545.904052734375], "Rotation": [0, 0, 16400], "Scale": 2.0, "Scale3D": [1.0, 1.0, 1.0], "Materials": []}}, {"Prop_Carnival.BurlesqueStage": {"Rename": "", "Tags": [], "Metadata": "", "Location": [-35686.48046875, 29910.515625, 2545.904052734375], "Rotation": [0, -10200, 16400], "Scale": 2.0, "Scale3D": [1.0, 1.0, 1.0], "Materials": []}}, {"Prop_Carnival.BurlesqueStage": {"Rename": "", "Tags": [], "Metadata": "", "Location": [-36776.48046875, 31530.515625, 2545.904052734375], "Rotation": [0, -10200, 16400], "Scale": 2.0, "Scale3D": [1.0, 1.0, 1.0], "Materials": []}}, {"Common_Meshes.Blocking.Blocking_Cube": {"Rename": "Invisible Wall 1", "Tags": [], "Metadata": "", "Location": [-29203.658203125, 29260.228515625, 2211.89501953125], "Rotation": [0, -9000, 0], "Scale": 3.0, "Scale3D": [0.009999999776482582, 3.119999885559082, 1.690000057220459], "Materials": ["FX_ENV_VOG.Materials.Angel_Echo_INST"]}}, {"Common_Meshes.Blocking.Blocking_Cube": {"Rename": "Invisible Wall 2", "Tags": [], "Metadata": "", "Location": [-27478.658203125, 30731.228515625, 2211.89501953125], "Rotation": [0, -300, 0], "Scale": 3.0, "Scale3D": [0.009999999776482582, 1.1799999475479126, 1.25], "Materials": ["FX_ENV_VOG.Materials.Angel_Echo_INST"]}}, {"Common_Meshes.Blocking.Blocking_Cube": {"Rename": "Invisible Wall 3", "Tags": [], "Metadata": "", "Location": [-27438.658203125, 31631.228515625, 2211.89501953125], "Rotation": [0, -6000, 0], "Scale": 3.0, "Scale3D": [0.009999999776482582, 1.1799999475479126, 1.25], "Materials": ["FX_ENV_VOG.Materials.Angel_Echo_INST"]}}, {"Common_Meshes.Blocking.Blocking_Cube": {"Rename": "Invisible Wall 4", "Tags": [], "Metadata": "", "Location": [-26958.658203125, 32361.228515625, 2211.89501953125], "Rotation": [0, -10000, 0], "Scale": 3.0, "Scale3D": [0.009999999776482582, 1.1799999475479126, 1.25], "Materials": ["FX_ENV_VOG.Materials.Angel_Echo_INST"]}}, {"EngineMeshes.Sphere": {"Rename": "Pressure Plate", "Tags": ["Pressure Plate"], "Metadata": "", "Location": [-31129.919921875, 34132.02734375, 2586.0], "Rotation": [0, 0, 0], "Scale": 0.5, "Scale3D": [1.0, 1.0, 0.0010000000474974513], "Materials": ["Anemone_GunMaterials.Materials.SMG.Mati_Tediore_6_Infection_Cleaner"]}}, {"Char_Anem_ButtStallion.Mesh.ButtStallion": {"Rename": "", "Tags": [], "Metadata": "", "Location": [-31092.11328125, 34122.08984375, 2587.0], "Rotation": [0, -21000, -16400], "Scale": 0.5, "Scale3D": [1.0, 0.0010000000474974513, 1.0], "Materials": []}}], "InteractiveObjectDefinition": [{"GD_Orchid_TreasureChests.InteractiveObjects.ObjectGrade_PirateChest_Epic": {"Rename": "", "Tags": [], "Metadata": "", "Location": [-27824.294921875, 32816.85546875, 2053.675048828125], "Rotation": [0, -20100, 0], "Scale": 1.0, "Scale3D": [1.0, 1.0, 1.0], "Materials": ["Orchid_SaltFlats_P.TheWorld:PersistentLevel.WillowInteractiveObject_1041.SkeletalMeshComponent_4968.MaterialInstanceConstant_5559"]}}, {"GD_Orchid_TreasureChests.InteractiveObjects.ObjectGrade_PirateChest_Epic": {"Rename": "", "Tags": [], "Metadata": "", "Location": [-29082.46875, 37020.1640625, 2135.889892578125], "Rotation": [0, 10300, 0], "Scale": 1.0, "Scale3D": [1.0, 1.0, 1.0], "Materials": ["Orchid_SaltFlats_P.TheWorld:PersistentLevel.WillowInteractiveObject_1042.SkeletalMeshComponent_4969.MaterialInstanceConstant_5560"]}}, {"GD_Orchid_TreasureChests.InteractiveObjects.ObjectGrade_PirateChest_Epic": {"Rename": "", "Tags": [], "Metadata": "", "Location": [-34039.87109375, 36593.62109375, 2135.343994140625], "Rotation": [0, -22300, 0], "Scale": 1.0, "Scale3D": [1.0, 1.0, 1.0], "Materials": ["Orchid_SaltFlats_P.TheWorld:PersistentLevel.WillowInteractiveObject_1043.SkeletalMeshComponent_4970.MaterialInstanceConstant_5561"]}}, {"GD_Orchid_TreasureChests.InteractiveObjects.ObjectGrade_PirateChest_Epic": {"Rename": "", "Tags": [], "Metadata": "", "Location": [-33986.44921875, 31941.06640625, 2135.781005859375], "Rotation": [0, 8000, 0], "Scale": 1.0, "Scale3D": [1.0, 1.0, 1.0], "Materials": ["Orchid_SaltFlats_P.TheWorld:PersistentLevel.WillowInteractiveObject_1044.SkeletalMeshComponent_4971.MaterialInstanceConstant_5562"]}}, {"GD_LevelChallenges.InteractiveObjects.IO_VaultRoy": {"Rename": "Vault Symbol Reward", "Tags": ["Vault Symbol Reward"], "Metadata": "", "Location": [-35701.96484375, 32190.130859375, 2569.991943359375], "Rotation": [2000, -19400, 2000], "Scale": 0.5, "Scale3D": [1.0, 1.0, 1.0], "Materials": []}}]}}}