{"orchid_shipgraveyard_p": {"Create": {"StaticMesh": [{"Prop_Carnival.BurlesqueStage": {"Rename": "", "Tags": [], "Metadata": "", "Location": [-26145.4375, 22275.60546875, -1144.4610595703125], "Rotation": [0, -3300, -16400], "Scale": 2.0, "Scale3D": [1.0, 1.0, 1.0], "Materials": []}}, {"Prop_Carnival.BurlesqueStage": {"Rename": "", "Tags": [], "Metadata": "", "Location": [-24340.4375, 21481.60546875, -1306.4610595703125], "Rotation": [0, -5300, -16400], "Scale": 2.0, "Scale3D": [1.0, 1.0, 1.0], "Materials": []}}, {"Prop_Carnival.BurlesqueStage": {"Rename": "", "Tags": [], "Metadata": "", "Location": [-22818.4375, 20059.60546875, -1418.4610595703125], "Rotation": [0, -10000, -16400], "Scale": 2.0, "Scale3D": [1.1299999952316284, 1.0, 1.0], "Materials": []}}, {"EngineMeshes.Cube": {"Rename": "Invisible Wall 1", "Tags": [], "Metadata": "", "Location": [-26419.53515625, 22256.83984375, -109.5719985961914], "Rotation": [0, 13000, 0], "Scale": 3.0, "Scale3D": [0.0010000000474974513, 3.7799999713897705, 1.149999976158142], "Materials": ["FX_ENV_VOG.Materials.Angel_Echo_INST"]}}, {"EngineMeshes.Cube": {"Rename": "Invisible Wall 2", "Tags": [], "Metadata": "", "Location": [-24550.34375, 21462.416015625, -270.510986328125], "Rotation": [0, 11000, 0], "Scale": 3.0, "Scale3D": [0.0010000000474974513, 3.0999999046325684, 1.149999976158142], "Materials": ["FX_ENV_VOG.Materials.Angel_Echo_INST"]}}, {"EngineMeshes.Cube": {"Rename": "Invisible Wall 3", "Tags": [], "Metadata": "", "Location": [-23163.34375, 20367.416015625, -406.510986328125], "Rotation": [0, 6500, 0], "Scale": 3.0, "Scale3D": [0.0010000000474974513, 2.119999885559082, 1.149999976158142], "Materials": ["FX_ENV_VOG.Materials.Angel_Echo_INST"]}}, {"EngineMeshes.Cube": {"Rename": "Invisible Wall 4", "Tags": [], "Metadata": "", "Location": [-22523.34375, 20087.416015625, -406.510986328125], "Rotation": [0, -3500, 0], "Scale": 3.0, "Scale3D": [0.0010000000474974513, 1.1200000047683716, 1.149999976158142], "Materials": ["FX_ENV_VOG.Materials.Angel_Echo_INST"]}}, {"EngineMeshes.Cube": {"Rename": "Invisible Wall 5", "Tags": [], "Metadata": "", "Location": [-22013.34375, 20197.416015625, -406.510986328125], "Rotation": [0, -19500, 0], "Scale": 3.0, "Scale3D": [0.0010000000474974513, 1.3200000524520874, 1.149999976158142], "Materials": ["FX_ENV_VOG.Materials.Angel_Echo_INST"]}}, {"EngineMeshes.Cube": {"Rename": "Invisible Wall 6", "Tags": [], "Metadata": "", "Location": [-21673.34375, 19717.416015625, -406.510986328125], "Rotation": [0, -35500, 0], "Scale": 3.0, "Scale3D": [0.0010000000474974513, 1.3200000524520874, 1.149999976158142], "Materials": ["FX_ENV_VOG.Materials.Angel_Echo_INST"]}}, {"EngineMeshes.Cube": {"Rename": "Invisible Wall 7", "Tags": [], "Metadata": "", "Location": [-21353.34375, 19087.416015625, -406.510986328125], "Rotation": [0, -19500, 0], "Scale": 3.0, "Scale3D": [0.0010000000474974513, 1.2200000286102295, 1.149999976158142], "Materials": ["FX_ENV_VOG.Materials.Angel_Echo_INST"]}}, {"Prop_Carnival.BurlesqueStage": {"Rename": "", "Tags": [], "Metadata": "", "Location": [-20364.9453125, 17353.361328125, -28.475000381469727], "Rotation": [0, -7000, -16400], "Scale": 2.0, "Scale3D": [1.0, 1.0, 1.0], "Materials": []}}, {"Prop_Carnival.BurlesqueStage": {"Rename": "", "Tags": [], "Metadata": "", "Location": [-19934.9453125, 16660.361328125, 2.5250000953674316], "Rotation": [0, -13400, -16400], "Scale": 2.0, "Scale3D": [1.0, 1.0, 1.0], "Materials": []}}, {"Prop_Carnival.BurlesqueStage": {"Rename": "", "Tags": [], "Metadata": "", "Location": [-19417.9453125, 14729.361328125, 75.5250015258789], "Rotation": [0, -14000, -16400], "Scale": 2.0, "Scale3D": [1.0, 1.0, 1.0], "Materials": []}}, {"Prop_Carnival.BurlesqueStage": {"Rename": "", "Tags": [], "Metadata": "", "Location": [-19337.9453125, 12999.361328125, 75.5250015258789], "Rotation": [0, -17000, -16400], "Scale": 2.0, "Scale3D": [1.100000023841858, 1.0, 1.0], "Materials": []}}, {"Prop_Carnival.BurlesqueStage": {"Rename": "", "Tags": [], "Metadata": "", "Location": [-23469.923828125, 11820.6591796875, 403.21600341796875], "Rotation": [0, -33000, -16400], "Scale": 2.0, "Scale3D": [1.399999976158142, 1.0, 1.0], "Materials": []}}, {"Prop_Carnival.BurlesqueStage": {"Rename": "", "Tags": [], "Metadata": "", "Location": [-21054.9453125, 18366.361328125, -342.4750061035156], "Rotation": [0, -19400, -16400], "Scale": 1.25, "Scale3D": [1.0, 1.159999966621399, 1.0], "Materials": []}}, {"EngineMeshes.Cube": {"Rename": "Invisible Wall 8", "Tags": [], "Metadata": "", "Location": [-22144.49609375, 12079.025390625, 1122.864990234375], "Rotation": [0, 8200, 0], "Scale": 3.0, "Scale3D": [0.0010000000474974513, 2.619999885559082, 1.4500000476837158], "Materials": ["FX_ENV_VOG.Materials.Angel_Echo_INST"]}}, {"Prop_Panels.MetalPanel_04": {"Rename": "", "Tags": [], "Metadata": "", "Location": [-28678.212890625, 20731.642578125, -762.5759887695312], "Rotation": [-1000, 10500, 0], "Scale": 1.100000023841858, "Scale3D": [0.8999999761581421, 0.20000000298023224, 1.7999999523162842], "Materials": []}}, {"EngineMeshes.Sphere": {"Rename": "Pressure Plate", "Tags": ["Pressure Plate"], "Metadata": "", "Location": [-20440.78515625, 17006.04296875, -432.6579895019531], "Rotation": [0, 0, 0], "Scale": 0.5, "Scale3D": [1.0, 1.0, 0.0010000000474974513], "Materials": ["Anemone_GunMaterials.Materials.SMG.Mati_Tediore_6_Infection_Cleaner"]}}, {"Char_Anem_ButtStallion.Mesh.ButtStallion": {"Rename": "", "Tags": [], "Metadata": "", "Location": [-20398.96484375, 17010.177734375, -431.9209899902344], "Rotation": [0, -16400, -16400], "Scale": 0.5, "Scale3D": [1.0, 0.0010000000474974513, 1.0], "Materials": []}}], "InteractiveObjectDefinition": [{"GD_Orchid_TreasureChests.InteractiveObjects.ObjectGrade_PirateChest_Epic": {"Rename": "", "Tags": [], "Metadata": "", "Location": [-25231.375, 19974.345703125, -1427.7939453125], "Rotation": [-1400, 8000, 1000], "Scale": 1.0, "Scale3D": [1.0, 1.0, 1.0], "Materials": ["Orchid_ShipGraveyard_P.TheWorld:PersistentLevel.WillowInteractiveObject_1529.SkeletalMeshComponent_7537.MaterialInstanceConstant_8944"]}}, {"GD_Orchid_TreasureChests.InteractiveObjects.ObjectGrade_PirateChest_Epic": {"Rename": "", "Tags": [], "Metadata": "", "Location": [-27590.826171875, 17754.447265625, -978.4329833984375], "Rotation": [700, -5900, 1700], "Scale": 1.0, "Scale3D": [1.0, 1.0, 1.0], "Materials": ["Orchid_ShipGraveyard_P.TheWorld:PersistentLevel.WillowInteractiveObject_1532.SkeletalMeshComponent_7546.MaterialInstanceConstant_8956"]}}, {"GD_LevelChallenges.InteractiveObjects.IO_VaultRoy": {"Rename": "Vault Symbol Reward", "Tags": ["Vault Symbol Reward"], "Metadata": "", "Location": [-27450.0, 12948.82421875, 4.046000003814697], "Rotation": [3800, 23500, 0], "Scale": 1.0, "Scale3D": [1.0, 1.0, 1.0], "Materials": []}}, {"GD_Orchid_TreasureChests.InteractiveObjects.ObjectGrade_PirateChest_Epic": {"Rename": "", "Tags": [], "Metadata": "", "Location": [-30658.271484375, 17896.380859375, -815.0020141601562], "Rotation": [500, -19000, 0], "Scale": 1.0, "Scale3D": [1.0, 1.0, 1.0], "Materials": ["Orchid_ShipGraveyard_P.TheWorld:PersistentLevel.WillowInteractiveObject_1541.SkeletalMeshComponent_7579.MaterialInstanceConstant_9012"]}}, {"GD_Orchid_TreasureChests.InteractiveObjects.ObjectGrade_PirateChest_Epic": {"Rename": "", "Tags": [], "Metadata": "", "Location": [-23874.578125, 15879.236328125, -560.0], "Rotation": [-300, 25000, -1000], "Scale": 1.0, "Scale3D": [1.0, 1.0, 1.0], "Materials": ["Orchid_ShipGraveyard_P.TheWorld:PersistentLevel.WillowInteractiveObject_1543.SkeletalMeshComponent_7600.MaterialInstanceConstant_9034"]}}, {"GD_Orchid_TreasureChests.InteractiveObjects.ObjectGrade_PirateChest_Epic": {"Rename": "", "Tags": [], "Metadata": "", "Location": [-23209.564453125, 12098.634765625, 16.773000717163086], "Rotation": [0, 7300, 0], "Scale": 1.0, "Scale3D": [1.0, 1.0, 1.0], "Materials": ["Orchid_ShipGraveyard_P.TheWorld:PersistentLevel.WillowInteractiveObject_1545.SkeletalMeshComponent_7605.MaterialInstanceConstant_9043"]}}, {"GD_Orchid_TreasureChests.InteractiveObjects.ObjectGrade_PirateChest_Epic": {"Rename": "", "Tags": [], "Metadata": "", "Location": [-21071.98828125, 14957.3740234375, -282.0], "Rotation": [-600, 13300, 1800], "Scale": 1.0, "Scale3D": [1.0, 1.0, 1.0], "Materials": ["Orchid_ShipGraveyard_P.TheWorld:PersistentLevel.WillowInteractiveObject_1547.SkeletalMeshComponent_7613.MaterialInstanceConstant_9060"]}}]}}}