{"orchid_shipgraveyard_p": {"Create": {"StaticMesh": [{"Prop_Carnival.BurlesqueStage": {"Rename": "", "Tags": [], "Metadata": "", "Location": [-6616.2939453125, 9637.1982421875, 661.8469848632812], "Rotation": [0, -1600, -16400], "Scale": 2.25, "Scale3D": [1.8899999856948853, 1.5, 1.2000000476837158], "Materials": []}}, {"prop_doors.Meshes.BanditDoorVar2Door": {"Rename": "", "Tags": [], "Metadata": "", "Location": [-12750.4189453125, 5942.24609375, 970.77197265625], "Rotation": [0, 16400, 0], "Scale": 0.9300000071525574, "Scale3D": [1.100000023841858, 1.100000023841858, 1.100000023841858], "Materials": []}}, {"prop_doors.Meshes.BanditDoorVar2Door": {"Rename": "", "Tags": [], "Metadata": "", "Location": [-12749.1240234375, 7494.36083984375, 1394.469970703125], "Rotation": [0, 16400, 0], "Scale": 0.9300000071525574, "Scale3D": [1.100000023841858, 1.100000023841858, 1.100000023841858], "Materials": []}}, {"EngineMeshes.Sphere": {"Rename": "Pressure Plate", "Tags": ["Pressure Plate"], "Metadata": "", "Location": [-10191.955078125, 8032.59423828125, 989.677001953125], "Rotation": [0, 0, 0], "Scale": 0.5, "Scale3D": [1.0, 1.0, 0.0010000000474974513], "Materials": ["Anemone_GunMaterials.Materials.SMG.Mati_Tediore_6_Infection_Cleaner"]}}, {"Char_Anem_ButtStallion.Mesh.ButtStallion": {"Rename": "", "Tags": [], "Metadata": "", "Location": [-10148.630859375, 8038.541015625, 990.6380004882812], "Rotation": [0, -16400, -16400], "Scale": 0.5, "Scale3D": [1.0, 0.0010000000474974513, 1.0], "Materials": []}}], "InteractiveObjectDefinition": [{"GD_Orchid_TreasureChests.InteractiveObjects.ObjectGrade_PirateChest_Epic": {"Rename": "", "Tags": [], "Metadata": "", "Location": [-12529.2431640625, 7669.96923828125, 1033.498046875], "Rotation": [-200, -27900, 0], "Scale": 1.0, "Scale3D": [1.0, 1.0, 1.0], "Materials": ["Orchid_ShipGraveyard_P.TheWorld:PersistentLevel.WillowInteractiveObject_112.SkeletalMeshComponent_316.MaterialInstanceConstant_309"]}}, {"GD_Orchid_TreasureChests.InteractiveObjects.ObjectGrade_PirateChest_Epic": {"Rename": "", "Tags": [], "Metadata": "", "Location": [-9772.375, 7476.35205078125, 983.7440185546875], "Rotation": [0, 17200, 0], "Scale": 1.0, "Scale3D": [1.0, 1.0, 1.0], "Materials": ["Orchid_ShipGraveyard_P.TheWorld:PersistentLevel.WillowInteractiveObject_113.SkeletalMeshComponent_317.MaterialInstanceConstant_310"]}}, {"GD_Orchid_TreasureChests.InteractiveObjects.ObjectGrade_PirateChest_Epic": {"Rename": "", "Tags": [], "Metadata": "", "Location": [-11539.0498046875, 5610.3701171875, 319.5069885253906], "Rotation": [-200, -7200, 0], "Scale": 1.0, "Scale3D": [1.0, 1.0, 1.0], "Materials": ["Orchid_ShipGraveyard_P.TheWorld:PersistentLevel.WillowInteractiveObject_114.SkeletalMeshComponent_318.MaterialInstanceConstant_311"]}}, {"GD_Orchid_TreasureChests.InteractiveObjects.ObjectGrade_PirateChest_Epic": {"Rename": "", "Tags": [], "Metadata": "", "Location": [-5412.8369140625, 8731.3837890625, 295.62200927734375], "Rotation": [-600, 16600, 0], "Scale": 1.0, "Scale3D": [1.0, 1.0, 1.0], "Materials": ["Orchid_ShipGraveyard_P.TheWorld:PersistentLevel.WillowInteractiveObject_115.SkeletalMeshComponent_319.MaterialInstanceConstant_312"]}}, {"GD_Orchid_TreasureChests.InteractiveObjects.ObjectGrade_PirateChest_Epic": {"Rename": "", "Tags": [], "Metadata": "", "Location": [-5631.77783203125, 8057.4072265625, 869.1820068359375], "Rotation": [300, 32800, 0], "Scale": 1.0, "Scale3D": [1.0, 1.0, 1.0], "Materials": ["Orchid_ShipGraveyard_P.TheWorld:PersistentLevel.WillowInteractiveObject_116.SkeletalMeshComponent_320.MaterialInstanceConstant_313"]}}, {"GD_Orchid_TreasureChests.InteractiveObjects.ObjectGrade_PirateChest_Epic": {"Rename": "", "Tags": [], "Metadata": "", "Location": [-4413.7529296875, 6760.1298828125, 1055.9139404296875], "Rotation": [-1300, 29100, 0], "Scale": 1.0, "Scale3D": [1.0, 1.0, 1.0], "Materials": ["Orchid_ShipGraveyard_P.TheWorld:PersistentLevel.WillowInteractiveObject_117.SkeletalMeshComponent_321.MaterialInstanceConstant_314"]}}, {"GD_LevelChallenges.InteractiveObjects.IO_VaultRoy": {"Rename": "Vault Symbol Reward", "Tags": ["Vault Symbol Reward"], "Metadata": "", "Location": [-7503.48681640625, 5506.84521484375, 468.0], "Rotation": [1000, 0, -8500], "Scale": 1.0, "Scale3D": [1.0, 1.0, 1.0], "Materials": []}}]}}}