{"orchid_shipgraveyard_p": {"Create": {"StaticMesh": [{"Prop_Walls.Meshes.TransitionWallBase": {"Rename": "", "Tags": [], "Metadata": "", "Location": [23297.8203125, 13365.3876953125, -1650.5489501953125], "Rotation": [0, 12400, 0], "Scale": 1.600000023841858, "Scale3D": [1.0, 1.0, 1.5], "Materials": []}}, {"EngineMeshes.Cube": {"Rename": "Invisible Wall 1", "Tags": [], "Metadata": "", "Location": [23904.037109375, 14202.9423828125, -1230.5479736328125], "Rotation": [0, -16400, 0], "Scale": 3.0, "Scale3D": [0.0010000000474974513, 1.399999976158142, 1.600000023841858], "Materials": ["FX_ENV_VOG.Materials.Angel_Echo_INST"]}}, {"Prop_Panels.MetalPanel_06": {"Rename": "", "Tags": [], "Metadata": "", "Location": [25927.712890625, 9632.17578125, 74.53600311279297], "Rotation": [2000, 12400, -1000], "Scale": 1.0, "Scale3D": [0.800000011920929, 0.20000000298023224, 1.7999999523162842], "Materials": []}}, {"EngineMeshes.Cube": {"Rename": "Invisible Wall 2", "Tags": [], "Metadata": "", "Location": [20441.52734375, 4715.994140625, 1378.5933837890625], "Rotation": [0, -3000, 0], "Scale": 2.0, "Scale3D": [0.0010000000474974513, 1.600000023841858, 0.699999988079071], "Materials": ["FX_ENV_VOG.Materials.Angel_Echo_INST"]}}, {"Prop_Structures.ComShipOuterHaulTop": {"Rename": "", "Tags": [], "Metadata": "", "Location": [20443.111328125, 4373.1611328125, 1367.282958984375], "Rotation": [4900, -19200, -12400], "Scale": 5.0, "Scale3D": [1.0, 1.0, 1.0], "Materials": []}}, {"Prop_Corpses.Meshes.DeadBandit_03": {"Rename": "", "Tags": [], "Metadata": "", "Location": [26449.892578125, 11837.0224609375, 266.0], "Rotation": [0, 27000, -16000], "Scale": 1.0, "Scale3D": [1.0, 1.0, 1.0], "Materials": []}}, {"Orchid_Prop_Pirate.Meshes.PirateHat": {"Rename": "", "Tags": [], "Metadata": "", "Location": [26457.0, 11841.0, 330.0], "Rotation": [15000, -5000, -9000], "Scale": 1.2999999523162842, "Scale3D": [1.0, 1.0, 1.0], "Materials": []}}, {"GD_Orchid_PirateNinja.Meshes.PiratePsycho_Sword1": {"Rename": "", "Tags": [], "Metadata": "", "Location": [26510.044921875, 11805.0, 284.3190002441406], "Rotation": [-1500, 11000, -3000], "Scale": 1.2999999523162842, "Scale3D": [1.0, 1.0, 1.0], "Materials": []}}, {"Prop_Crate.Meshes.BusCrate02": {"Rename": "", "Tags": [], "Metadata": "", "Location": [26503.58203125, 11815.443359375, 160.0], "Rotation": [0, 0, 0], "Scale": 1.0, "Scale3D": [1.0, 1.0, 0.375], "Materials": []}}, {"prop_signs.ArrowSign": {"Rename": "", "Tags": [], "Metadata": "", "Location": [26201.70703125, 11216.3369140625, 398.0360107421875], "Rotation": [-3000, -4000, 0], "Scale": 0.30000001192092896, "Scale3D": [1.0, 0.10000000149011612, 1.0], "Materials": []}}, {"Prop_Details.DeadFish": {"Rename": "", "Tags": [], "Metadata": "", "Location": [26609.279296875, 11682.98046875, 282.64801025390625], "Rotation": [-11000, -12000, 0], "Scale": 5.0, "Scale3D": [1.0, 1.0, 1.0], "Materials": []}}, {"FX_GOR_Mesh.Meshes.Humanoid.NomadGibArm": {"Rename": "", "Tags": [], "Metadata": "", "Location": [26558.6953125, 11703.3564453125, 299.19000244140625], "Rotation": [-7000, 31000, 14000], "Scale": 1.5, "Scale3D": [1.0, -1.0, 1.0], "Materials": []}}, {"FX_GOR_Mesh.Meshes.Humanoid.NomadGibArm": {"Rename": "", "Tags": [], "Metadata": "", "Location": [26618.6953125, 11753.3564453125, 339.19000244140625], "Rotation": [6000, 13000, -16000], "Scale": 1.5, "Scale3D": [1.0, 1.0, 1.0], "Materials": []}}, {"FX_GOR_Mesh.Meshes.Humanoid.PsychoBanditGibLeg": {"Rename": "", "Tags": [], "Metadata": "", "Location": [26600.396484375, 11670.94140625, 220.0], "Rotation": [0, 25000, -19200], "Scale": 2.0, "Scale3D": [1.0, 1.5, -1.0], "Materials": []}}, {"FX_GOR_Mesh.Meshes.Humanoid.PsychoBanditGibLeg": {"Rename": "", "Tags": [], "Metadata": "", "Location": [26640.396484375, 11710.94140625, 240.0], "Rotation": [9000, 19000, -7200], "Scale": 2.0, "Scale3D": [1.0, 1.5, 1.0], "Materials": []}}, {"Weap_BuzzAxe.Mesh.Buzzaxe": {"Rename": "", "Tags": [], "Metadata": "", "Location": [26552.205078125, 11704.826171875, 238.26600646972656], "Rotation": [0, -19000, -6000], "Scale": 2.0, "Scale3D": [1.0, 1.0, 1.0], "Materials": []}}, {"Orchid_Prop_Pirate.Meshes.PirateHat": {"Rename": "", "Tags": [], "Metadata": "", "Location": [26590.0, 11721.0, 335.0], "Rotation": [19000, -43000, -15000], "Scale": 3.0, "Scale3D": [1.0, 1.0, 1.0], "Materials": []}}, {"Prop_Pickups.Meshes.Money_02": {"Rename": "", "Tags": [], "Metadata": "", "Location": [26391.130859375, 11771.8779296875, 151.08099365234375], "Rotation": [0, 0, 0], "Scale": 2.0, "Scale3D": [1.0, 1.0, 1.0], "Materials": []}}, {"Prop_Pickups.Meshes.Money_02": {"Rename": "", "Tags": [], "Metadata": "", "Location": [26485.130859375, 11735.8779296875, 151.08099365234375], "Rotation": [0, 9100, 0], "Scale": 2.0, "Scale3D": [1.0, 1.0, 1.0], "Materials": []}}, {"Prop_Pickups.Meshes.Money_02": {"Rename": "", "Tags": [], "Metadata": "", "Location": [26485.130859375, 11592.8779296875, 151.08099365234375], "Rotation": [0, -4400, 0], "Scale": 2.0, "Scale3D": [1.0, 1.0, 1.0], "Materials": []}}, {"Char_Orchid_Anchorman.Mesh.Anchorman_Anchor": {"Rename": "", "Tags": [], "Metadata": "", "Location": [26319.099609375, 11631.9814453125, 175.84300231933594], "Rotation": [0, 0, -16400], "Scale": 2.0, "Scale3D": [1.0, 1.0, 1.0], "Materials": []}}, {"Char_Orchid_Anchorman.Mesh.Anchorman_Harpoon_Low": {"Rename": "", "Tags": [], "Metadata": "", "Location": [26305.46484375, 11682.544921875, 405.8089904785156], "Rotation": [0, 7500, 20300], "Scale": 1.5, "Scale3D": [1.0, 1.0, 1.0], "Materials": []}}, {"Orchid_Prop_Generic.Mesh.BoatHull_Colorized": {"Rename": "", "Tags": [], "Metadata": "", "Location": [26349.857421875, 12111.9951171875, 387.99200439453125], "Rotation": [11700, 22600, 0], "Scale": 0.07999999821186066, "Scale3D": [1.0, 1.0, 1.0], "Materials": []}}, {"Orchid_Prop_Nature.Mesh.Fruit_Tree": {"Rename": "", "Tags": [], "Metadata": "", "Location": [26165.92578125, 11374.9541015625, 165.7570037841797], "Rotation": [0, 0, 0], "Scale": 0.3100000023841858, "Scale3D": [1.0, 1.0, 1.0], "Materials": []}}, {"Orchid_Prop_Nature.Mesh.Fruit_Tree2": {"Rename": "", "Tags": [], "Metadata": "", "Location": [26752.376953125, 11918.5849609375, 159.45199584960938], "Rotation": [0, -30000, 0], "Scale": 0.4399999976158142, "Scale3D": [0.8600000143051147, 1.0, 1.0], "Materials": []}}, {"Prop_Panels.MetalPanel_03": {"Rename": "", "Tags": [], "Metadata": "", "Location": [26235.740234375, 11099.3974609375, 151.58299255371094], "Rotation": [0, -4000, -16400], "Scale": 1.2000000476837158, "Scale3D": [1.399999976158142, 0.10000000149011612, 1.0], "Materials": []}}, {"Prop_Crate.Meshes.AmmoCrate": {"Rename": "", "Tags": [], "Metadata": "", "Location": [25650.474609375, 11151.4189453125, -44.0], "Rotation": [0, 0, 0], "Scale": 1.0, "Scale3D": [1.0, 1.0, 1.0], "Materials": []}}, {"EngineMeshes.Sphere": {"Rename": "Pressure Plate", "Tags": ["Pressure Plate"], "Metadata": "", "Location": [26291.490234375, 11379.693359375, 160.26699829101562], "Rotation": [0, 0, 0], "Scale": 0.5, "Scale3D": [1.0, 1.0, 0.0010000000474974513], "Materials": ["Anemone_GunMaterials.Materials.SMG.Mati_Tediore_6_Infection_Cleaner"]}}, {"Char_Anem_ButtStallion.Mesh.ButtStallion": {"Rename": "", "Tags": [], "Metadata": "", "Location": [26326.373046875, 11355.7568359375, 161.0489959716797], "Rotation": [0, -23300, -16400], "Scale": 0.5, "Scale3D": [1.0, 0.0010000000474974513, 1.0], "Materials": []}}], "InteractiveObjectDefinition": [{"GD_Orchid_TreasureChests.InteractiveObjects.ObjectGrade_PirateChest_Epic": {"Rename": "", "Tags": [], "Metadata": "", "Location": [25610.41015625, 15019.708984375, -1507.60302734375], "Rotation": [0, -7100, 0], "Scale": 1.0, "Scale3D": [1.0, 1.0, 1.0], "Materials": ["Orchid_ShipGraveyard_P.TheWorld:PersistentLevel.WillowInteractiveObject_42.SkeletalMeshComponent_194.MaterialInstanceConstant_215"]}}, {"GD_Orchid_TreasureChests.InteractiveObjects.ObjectGrade_PirateChest_Epic": {"Rename": "", "Tags": [], "Metadata": "", "Location": [24222.279296875, 11029.7822265625, -1259.0], "Rotation": [0, -7000, 0], "Scale": 1.0, "Scale3D": [1.0, 1.0, 1.0], "Materials": ["Orchid_ShipGraveyard_P.TheWorld:PersistentLevel.WillowInteractiveObject_43.SkeletalMeshComponent_195.MaterialInstanceConstant_216"]}}, {"GD_Orchid_TreasureChests.InteractiveObjects.ObjectGrade_PirateChest_Epic": {"Rename": "", "Tags": [], "Metadata": "", "Location": [24600.5390625, 9257.298828125, -794.14599609375], "Rotation": [0, 12600, 0], "Scale": 1.0, "Scale3D": [1.0, 1.0, 1.0], "Materials": ["Orchid_ShipGraveyard_P.TheWorld:PersistentLevel.WillowInteractiveObject_44.SkeletalMeshComponent_196.MaterialInstanceConstant_217"]}}, {"GD_Orchid_TreasureChests.InteractiveObjects.ObjectGrade_PirateChest_Epic": {"Rename": "", "Tags": [], "Metadata": "", "Location": [21829.34765625, 6527.255859375, -245.25100708007812], "Rotation": [0, -3900, 0], "Scale": 1.0, "Scale3D": [1.0, 1.0, 1.0], "Materials": ["Orchid_ShipGraveyard_P.TheWorld:PersistentLevel.WillowInteractiveObject_45.SkeletalMeshComponent_197.MaterialInstanceConstant_218"]}}, {"GD_Orchid_TreasureChests.InteractiveObjects.ObjectGrade_PirateChest_Epic": {"Rename": "", "Tags": [], "Metadata": "", "Location": [21461.84375, 6653.84912109375, 110.46600341796875], "Rotation": [0, -20300, 0], "Scale": 1.0, "Scale3D": [1.0, 1.0, 1.0], "Materials": ["Orchid_ShipGraveyard_P.TheWorld:PersistentLevel.WillowInteractiveObject_46.SkeletalMeshComponent_198.MaterialInstanceConstant_219"]}}, {"GD_Orchid_TreasureChests.InteractiveObjects.ObjectGrade_PirateChest_Epic": {"Rename": "", "Tags": [], "Metadata": "", "Location": [22938.546875, 4534.826171875, 1290.0], "Rotation": [0, 12300, 0], "Scale": 1.0, "Scale3D": [1.0, 1.0, 1.0], "Materials": ["Orchid_ShipGraveyard_P.TheWorld:PersistentLevel.WillowInteractiveObject_47.SkeletalMeshComponent_199.MaterialInstanceConstant_220"]}}, {"GD_LevelChallenges.InteractiveObjects.IO_VaultRoy": {"Rename": "Vault Symbol Reward", "Tags": ["Vault Symbol Reward"], "Metadata": "", "Location": [22396.87109375, 8714.3369140625, -518.5792236328125], "Rotation": [-2000, 28700, 0], "Scale": 1.0, "Scale3D": [1.0, 1.0, 1.0], "Materials": []}}]}}}