{"orchid_shipgraveyard_p": {"Create": {"StaticMesh": [{"prop_gates.Meshes.CorrugatedGateHoles": {"Rename": "", "Tags": [], "Metadata": "", "Location": [11998.294921875, 3639.56689453125, 2224.0], "Rotation": [0, -16400, 0], "Scale": 1.0, "Scale3D": [1.0, 1.0, 1.0], "Materials": []}}, {"EngineMeshes.Cube": {"Rename": "Invisible Wall 1", "Tags": [], "Metadata": "", "Location": [11995.3525390625, 3605.028076171875, 2109.912109375], "Rotation": [0, 0, 0], "Scale": 3.0, "Scale3D": [0.0010000000474974513, 3.0, 1.7000000476837158], "Materials": ["FX_ENV_VOG.Materials.Angel_Echo_INST"]}}, {"prop_gates.Meshes.CorrugatedGateMed": {"Rename": "", "Tags": [], "Metadata": "", "Location": [1523.2969970703125, 7391.7578125, 2974.200439453125], "Rotation": [0, -31900, 0], "Scale": 1.0, "Scale3D": [1.0, 1.0, 1.0], "Materials": []}}, {"EngineMeshes.Cube": {"Rename": "Invisible Wall 2", "Tags": [], "Metadata": "", "Location": [1438.43896484375, 7383.84521484375, 3259.797119140625], "Rotation": [0, 17200, 0], "Scale": 3.0, "Scale3D": [0.0010000000474974513, 2.1600000858306885, 1.7000000476837158], "Materials": ["FX_ENV_VOG.Materials.Angel_Echo_INST"]}}, {"Prop_Panels.MetalPanel_06": {"Rename": "", "Tags": [], "Metadata": "", "Location": [-3499.14306640625, 1369.2889404296875, 3154.1220703125], "Rotation": [-7300, 0, 0], "Scale": 1.0, "Scale3D": [1.600000023841858, 0.10000000149011612, 2.5], "Materials": []}}, {"EngineMeshes.Sphere": {"Rename": "Pressure Plate", "Tags": ["Pressure Plate"], "Metadata": "", "Location": [-3695.339111328125, 1137.376953125, 3198.0], "Rotation": [-3000, 1000, 0], "Scale": 0.5, "Scale3D": [1.0, 1.0, 0.0010000000474974513], "Materials": ["Anemone_GunMaterials.Materials.SMG.Mati_Tediore_6_Infection_Cleaner"]}}, {"Char_Anem_ButtStallion.Mesh.ButtStallion": {"Rename": "", "Tags": [], "Metadata": "", "Location": [-3695.06396484375, 1097.552001953125, 3199.489990234375], "Rotation": [3000, -33500, -16900], "Scale": 0.5, "Scale3D": [1.0, 0.0010000000474974513, 1.0], "Materials": []}}], "InteractiveObjectDefinition": [{"GD_Orchid_TreasureChests.InteractiveObjects.ObjectGrade_PirateChest_Epic": {"Rename": "", "Tags": [], "Metadata": "", "Location": [9366.1953125, 3623.4443359375, 1881.0], "Rotation": [-200, -17000, 200], "Scale": 1.0, "Scale3D": [1.0, 1.0, 1.0], "Materials": ["Orchid_ShipGraveyard_P.TheWorld:PersistentLevel.WillowInteractiveObject_177.SkeletalMeshComponent_729.MaterialInstanceConstant_1335"]}}, {"GD_Orchid_TreasureChests.InteractiveObjects.ObjectGrade_PirateChest_Epic": {"Rename": "", "Tags": [], "Metadata": "", "Location": [6962.7783203125, 595.5676879882812, 2459.072021484375], "Rotation": [0, -15000, 0], "Scale": 1.0, "Scale3D": [1.0, 1.0, 1.0], "Materials": ["Orchid_ShipGraveyard_P.TheWorld:PersistentLevel.WillowInteractiveObject_179.SkeletalMeshComponent_737.MaterialInstanceConstant_1347"]}}, {"GD_Orchid_TreasureChests.InteractiveObjects.ObjectGrade_PirateChest_Epic": {"Rename": "", "Tags": [], "Metadata": "", "Location": [4613.43310546875, 3334.1220703125, 1898.0], "Rotation": [500, -25000, 500], "Scale": 1.0, "Scale3D": [1.0, 1.0, 1.0], "Materials": ["Orchid_ShipGraveyard_P.TheWorld:PersistentLevel.WillowInteractiveObject_181.SkeletalMeshComponent_768.MaterialInstanceConstant_1393"]}}, {"GD_LevelChallenges.InteractiveObjects.IO_VaultRoy": {"Rename": "Vault Symbol Reward", "Tags": ["Vault Symbol Reward"], "Metadata": "", "Location": [4255.56103515625, 3847.114990234375, 2341.987060546875], "Rotation": [0, -3000, -16400], "Scale": 1.0, "Scale3D": [1.0, 1.0, 1.0], "Materials": []}}, {"GD_Orchid_TreasureChests.InteractiveObjects.ObjectGrade_PirateChest_Epic": {"Rename": "", "Tags": [], "Metadata": "", "Location": [1536.0755615234375, 7274.3896484375, 2801.0], "Rotation": [800, -32000, 3000], "Scale": 1.0, "Scale3D": [1.0, 1.0, 1.0], "Materials": ["Orchid_ShipGraveyard_P.TheWorld:PersistentLevel.WillowInteractiveObject_193.SkeletalMeshComponent_785.MaterialInstanceConstant_1426"]}}, {"GD_Orchid_TreasureChests.InteractiveObjects.ObjectGrade_PirateChest_Epic": {"Rename": "", "Tags": [], "Metadata": "", "Location": [-3143.85595703125, 3001.19775390625, 3437.218017578125], "Rotation": [0, 15400, 0], "Scale": 1.0, "Scale3D": [1.0, 1.0, 1.0], "Materials": ["Orchid_ShipGraveyard_P.TheWorld:PersistentLevel.WillowInteractiveObject_195.SkeletalMeshComponent_793.MaterialInstanceConstant_1451"]}}, {"GD_Orchid_TreasureChests.InteractiveObjects.ObjectGrade_PirateChest_Epic": {"Rename": "", "Tags": [], "Metadata": "", "Location": [-603.1500244140625, 2391.94091796875, 2375.35595703125], "Rotation": [2000, -12600, 2000], "Scale": 1.0, "Scale3D": [1.0, 1.0, 1.0], "Materials": ["Orchid_ShipGraveyard_P.TheWorld:PersistentLevel.WillowInteractiveObject_197.SkeletalMeshComponent_813.MaterialInstanceConstant_1542"]}}]}}}