{"orchid_refinery_p": {"Create": {"StaticMesh": [{"Prop_LynchWood.Mesh.LynchWoodTechWallLGDeep": {"Rename": "", "Tags": [], "Metadata": "", "Location": [29665.97265625, -14526.3564453125, 1208.1619873046875], "Rotation": [0, 0, 0], "Scale": 1.0, "Scale3D": [1.0, 1.2999999523162842, 1.2999999523162842], "Materials": []}}, {"prop_doors.Meshes.GenericDoor": {"Rename": "", "Tags": [], "Metadata": "", "Location": [31029.4296875, -16186.541015625, 1510.8489990234375], "Rotation": [0, -16400, 0], "Scale": 1.0, "Scale3D": [1.0, 1.0, 1.0], "Materials": []}}, {"Prop_Panels.MetalPanel_09": {"Rename": "", "Tags": [], "Metadata": "", "Location": [31031.46875, -16618.8515625, 1659.2530517578125], "Rotation": [0, -16400, 0], "Scale": 0.9200000166893005, "Scale3D": [1.0, 1.0, 1.0], "Materials": []}}, {"Env_Interlude.Mesh.GarageDoor": {"Rename": "", "Tags": [], "Metadata": "", "Location": [31012.81640625, -18427.54296875, 1390.31005859375], "Rotation": [0, 16400, 0], "Scale": 1.0, "Scale3D": [1.0, 1.0, 1.0], "Materials": []}}, {"prop_doors.TunnelDoor": {"Rename": "", "Tags": [], "Metadata": "", "Location": [35104.10546875, -18049.384765625, 1862.947998046875], "Rotation": [0, 0, 0], "Scale": 1.5, "Scale3D": [1.0, 1.0, 1.0], "Materials": []}}, {"Prop_Crate.Meshes.BanditCrate01": {"Rename": "", "Tags": [], "Metadata": "", "Location": [33322.4296875, -15559.6787109375, 1727.0], "Rotation": [0, 10000, 0], "Scale": 1.0, "Scale3D": [1.0, 1.0, 1.0], "Materials": []}}, {"Prop_LynchWood.Mesh.LynchWood4Panel": {"Rename": "", "Tags": [], "Metadata": "", "Location": [33737.34375, -16639.037109375, 1414.66796875], "Rotation": [0, 16400, 0], "Scale": 1.0, "Scale3D": [1.0, 0.8500000238418579, 1.0], "Materials": []}}, {"Prop_Panels.HullPanel_04": {"Rename": "", "Tags": [], "Metadata": "", "Location": [32478.646484375, -16138.603515625, 1896.0], "Rotation": [0, 17000, 16400], "Scale": 1.7999999523162842, "Scale3D": [1.0, 1.0, 1.0], "Materials": []}}, {"EngineMeshes.Sphere": {"Rename": "Pressure Plate", "Tags": ["Pressure Plate"], "Metadata": "", "Location": [32341.40234375, -16039.216796875, 1928.0], "Rotation": [0, 0, 0], "Scale": 0.5, "Scale3D": [1.0, 1.0, 0.0010000000474974513], "Materials": ["Anemone_GunMaterials.Materials.SMG.Mati_Tediore_6_Infection_Cleaner"]}}, {"Char_Anem_ButtStallion.Mesh.ButtStallion": {"Rename": "", "Tags": [], "Metadata": "", "Location": [32337.80859375, -16001.12890625, 1928.344970703125], "Rotation": [0, 0, -16400], "Scale": 0.5, "Scale3D": [1.0, 0.0010000000474974513, 1.0], "Materials": []}}, {"prop_dams.Mesh.HyperionDamWall": {"Rename": "", "Tags": [], "Metadata": "", "Location": [35568.6640625, -14992.37109375, 1640.9580078125], "Rotation": [0, 0, 0], "Scale": 1.0, "Scale3D": [0.20000000298023224, 1.2999999523162842, 1.0], "Materials": []}}], "InteractiveObjectDefinition": [{"GD_LevelChallenges.InteractiveObjects.IO_VaultRoy": {"Rename": "Vault Symbol Reward", "Tags": ["Vault Symbol Reward"], "Metadata": "", "Location": [30956.3046875, -18412.056640625, 1531.9990234375], "Rotation": [-3000, -16400, 0], "Scale": 1.0, "Scale3D": [1.0, 1.0, 1.0], "Materials": []}}, {"GD_Orchid_TreasureChests.InteractiveObjects.ObjectGrade_PirateChest_Epic": {"Rename": "", "Tags": [], "Metadata": "", "Location": [31667.46875, -15637.23828125, 1023.0900268554688], "Rotation": [0, 16400, 0], "Scale": 1.0, "Scale3D": [1.0, 1.0, 1.0], "Materials": ["Orchid_Refinery_P.TheWorld:PersistentLevel.WillowInteractiveObject_269.SkeletalMeshComponent_1479.MaterialInstanceConstant_2841"]}}, {"GD_Orchid_TreasureChests.InteractiveObjects.ObjectGrade_PirateChest_Epic": {"Rename": "", "Tags": [], "Metadata": "", "Location": [35422.5078125, -14334.083984375, 1919.510986328125], "Rotation": [0, 16400, 0], "Scale": 1.0, "Scale3D": [1.0, 1.0, 1.0], "Materials": ["Orchid_Refinery_P.TheWorld:PersistentLevel.WillowInteractiveObject_271.SkeletalMeshComponent_1489.MaterialInstanceConstant_2851"]}}, {"GD_Orchid_TreasureChests.InteractiveObjects.ObjectGrade_PirateChest_Epic": {"Rename": "", "Tags": [], "Metadata": "", "Location": [33538.1796875, -14722.451171875, 1023.8170166015625], "Rotation": [0, 32800, 0], "Scale": 1.0, "Scale3D": [1.0, 1.0, 1.0], "Materials": ["Orchid_Refinery_P.TheWorld:PersistentLevel.WillowInteractiveObject_273.SkeletalMeshComponent_1503.MaterialInstanceConstant_2863"]}}, {"GD_Orchid_TreasureChests.InteractiveObjects.ObjectGrade_PirateChest_Epic": {"Rename": "", "Tags": [], "Metadata": "", "Location": [31323.875, -18569.4921875, 1343.925048828125], "Rotation": [0, 0, 0], "Scale": 1.0, "Scale3D": [1.0, 1.0, 1.0], "Materials": ["Orchid_Refinery_P.TheWorld:PersistentLevel.WillowInteractiveObject_275.SkeletalMeshComponent_1511.MaterialInstanceConstant_2874"]}}, {"GD_Orchid_TreasureChests.InteractiveObjects.ObjectGrade_PirateChest_Epic": {"Rename": "", "Tags": [], "Metadata": "", "Location": [34381.26171875, -18062.375, 1460.9749755859375], "Rotation": [0, 16400, 0], "Scale": 1.0, "Scale3D": [1.0, 1.0, 1.0], "Materials": ["Orchid_Refinery_P.TheWorld:PersistentLevel.WillowInteractiveObject_277.SkeletalMeshComponent_1519.MaterialInstanceConstant_2884"]}}]}}}