{"orchid_spire_p": {"Create": {"StaticMesh": [{"Prop_Carnival.BurlesqueStage": {"Rename": "", "Tags": [], "Metadata": "", "Location": [-15924.2763671875, -3643.2529296875, 2474.342041015625], "Rotation": [0, 17800, -16400], "Scale": 2.0, "Scale3D": [1.0, 1.0, 1.0], "Materials": []}}, {"Prop_Carnival.BurlesqueStage": {"Rename": "", "Tags": [], "Metadata": "", "Location": [-15669.2763671875, -5589.2529296875, 2415.342041015625], "Rotation": [300, 17500, -16400], "Scale": 2.0, "Scale3D": [1.0, 1.0, 1.0], "Materials": []}}, {"Prop_Carnival.BurlesqueStage": {"Rename": "", "Tags": [], "Metadata": "", "Location": [-16410.27734375, -1819.2530517578125, 2193.342041015625], "Rotation": [-900, 21300, -16400], "Scale": 2.0, "Scale3D": [1.0299999713897705, 1.2899999618530273, 1.0], "Materials": []}}, {"EngineMeshes.Cube": {"Rename": "Invisible Wall 1", "Tags": [], "Metadata": "", "Location": [-17367.95703125, -549.6580200195312, 2055.010009765625], "Rotation": [0, 10000, 0], "Scale": 3.0, "Scale3D": [0.0010000000474974513, 2.0, 2.0999999046325684], "Materials": ["FX_ENV_VOG.Materials.Angel_Echo_INST"]}}, {"EngineMeshes.Cube": {"Rename": "Invisible Wall 2", "Tags": [], "Metadata": "", "Location": [-16130.205078125, -6974.06298828125, 2209.220947265625], "Rotation": [0, -10000, 0], "Scale": 3.0, "Scale3D": [0.0010000000474974513, 2.0, 2.0999999046325684], "Materials": ["FX_ENV_VOG.Materials.Angel_Echo_INST"]}}, {"Prop_Rocks_03.Meshes.BarrensRockCap": {"Rename": "", "Tags": [], "Metadata": "", "Location": [-8089.62890625, -3857.094970703125, 3288.37890625], "Rotation": [0, 15000, -3000], "Scale": 0.800000011920929, "Scale3D": [1.0, 0.12999999523162842, 1.2000000476837158], "Materials": []}}, {"Prop_Carnival.BurlesqueStage": {"Rename": "", "Tags": [], "Metadata": "", "Location": [-9947.1201171875, -7804.97412109375, 2482.279052734375], "Rotation": [0, -17000, -16400], "Scale": 2.0, "Scale3D": [1.0, 1.0, 1.0], "Materials": []}}, {"Prop_Carnival.BurlesqueStage": {"Rename": "", "Tags": [], "Metadata": "", "Location": [-11946.2255859375, 1583.9189453125, 2097.639892578125], "Rotation": [0, -17000, -16400], "Scale": 1.5, "Scale3D": [1.0, 1.0, 1.0], "Materials": []}}, {"EngineMeshes.Cube": {"Rename": "Invisible Wall 3", "Tags": [], "Metadata": "", "Location": [-11494.5595703125, 920.2680053710938, 3274.076904296875], "Rotation": [0, 16400, 0], "Scale": 2.0, "Scale3D": [0.0010000000474974513, 7.699999809265137, 1.7999999523162842], "Materials": ["FX_ENV_VOG.Materials.Angel_Echo_INST"]}}, {"EngineMeshes.Sphere": {"Rename": "Pressure Plate", "Tags": ["Pressure Plate"], "Metadata": "", "Location": [-10012.9013671875, -5905.22900390625, 3864.839111328125], "Rotation": [0, 0, 0], "Scale": 0.5, "Scale3D": [1.0, 1.0, 0.0010000000474974513], "Materials": ["Anemone_GunMaterials.Materials.SMG.Mati_Tediore_6_Infection_Cleaner"]}}, {"Char_Anem_ButtStallion.Mesh.ButtStallion": {"Rename": "", "Tags": [], "Metadata": "", "Location": [-9975.203125, -5930.6689453125, 3866.0], "Rotation": [0, -23000, -16400], "Scale": 0.5, "Scale3D": [1.0, 0.0010000000474974513, 1.0], "Materials": []}}], "InteractiveObjectDefinition": [{"GD_Orchid_TreasureChests.InteractiveObjects.ObjectGrade_PirateChest_Epic": {"Rename": "", "Tags": [], "Metadata": "", "Location": [-14205.1572265625, -3616.2880859375, 2000.0], "Rotation": [-700, 16400, 400], "Scale": 1.0, "Scale3D": [1.0, 1.0, 1.0], "Materials": ["Orchid_Spire_P.TheWorld:PersistentLevel.WillowInteractiveObject_1059.SkeletalMeshComponent_3742.MaterialInstanceConstant_6414"]}}, {"GD_Orchid_TreasureChests.InteractiveObjects.ObjectGrade_PirateChest_Epic": {"Rename": "", "Tags": [], "Metadata": "", "Location": [-12493.5458984375, -5375.19580078125, 2289.0], "Rotation": [0, 2500, 0], "Scale": 1.0, "Scale3D": [1.0, 1.0, 1.0], "Materials": ["Orchid_Spire_P.TheWorld:PersistentLevel.WillowInteractiveObject_1061.SkeletalMeshComponent_3750.MaterialInstanceConstant_6441"]}}, {"GD_Orchid_TreasureChests.InteractiveObjects.ObjectGrade_PirateChest_Epic": {"Rename": "", "Tags": [], "Metadata": "", "Location": [-12674.4912109375, -845.7969970703125, 2495.0], "Rotation": [0, -8200, 0], "Scale": 1.0, "Scale3D": [1.0, 1.0, 1.0], "Materials": ["Orchid_Spire_P.TheWorld:PersistentLevel.WillowInteractiveObject_1063.SkeletalMeshComponent_3760.MaterialInstanceConstant_6454"]}}, {"GD_Orchid_TreasureChests.InteractiveObjects.ObjectGrade_PirateChest_Epic": {"Rename": "", "Tags": [], "Metadata": "", "Location": [-10627.685546875, -3731.657958984375, 2495.0], "Rotation": [0, 14000, 0], "Scale": 1.0, "Scale3D": [1.0, 1.0, 1.0], "Materials": ["Orchid_Spire_P.TheWorld:PersistentLevel.WillowInteractiveObject_1065.SkeletalMeshComponent_3768.MaterialInstanceConstant_6472"]}}, {"GD_LevelChallenges.InteractiveObjects.IO_VaultRoy": {"Rename": "Vault Symbol Reward", "Tags": ["Vault Symbol Reward"], "Metadata": "", "Location": [-11175.51171875, -1472.8740234375, 3535.0], "Rotation": [0, 25000, -16400], "Scale": 1.0, "Scale3D": [1.0, 1.0, 1.0], "Materials": []}}, {"GD_Orchid_TreasureChests.InteractiveObjects.ObjectGrade_PirateChest_Epic": {"Rename": "", "Tags": [], "Metadata": "", "Location": [-8280.49609375, -3393.3505859375, 3397.06689453125], "Rotation": [0, 14000, 1800], "Scale": 1.0, "Scale3D": [1.0, 1.0, 1.0], "Materials": ["Orchid_Spire_P.TheWorld:PersistentLevel.WillowInteractiveObject_1070.SkeletalMeshComponent_3782.MaterialInstanceConstant_6536"]}}, {"GD_Orchid_TreasureChests.InteractiveObjects.ObjectGrade_PirateChest_Epic": {"Rename": "", "Tags": [], "Metadata": "", "Location": [-11649.275390625, -1383.489013671875, 3532.89111328125], "Rotation": [0, 32800, 0], "Scale": 1.0, "Scale3D": [1.0, 1.0, 1.0], "Materials": ["Orchid_Spire_P.TheWorld:PersistentLevel.WillowInteractiveObject_1072.SkeletalMeshComponent_3796.MaterialInstanceConstant_6557"]}}]}}}