{"iris_hub_p": {"Create": {"StaticMesh": [{"Prop_Rocks_03.Meshes.AridRockCliff_05": {"Rename": "", "Tags": [], "Metadata": "", "Location": [20466.958984375, 11836.154296875, -1668.7249755859375], "Rotation": [0, 21600, 0], "Scale": 1.190000057220459, "Scale3D": [1.0, 1.0, 1.0], "Materials": ["Prop_Rocks.Mati_WastelandRock"]}}, {"Prop_Fences.Meshes.BanditCover_01": {"Rename": "", "Tags": [], "Metadata": "", "Location": [26514.30859375, 13745.259765625, -1379.6219482421875], "Rotation": [0, 4800, 0], "Scale": 0.2800000011920929, "Scale3D": [7.0, 7.0, 11.3100004196167], "Materials": []}}, {"Prop_Fences.Meshes.ChainLinkFenceShortNoWire": {"Rename": "", "Tags": [], "Metadata": "", "Location": [28488.072265625, 15846.7783203125, -1135.0899658203125], "Rotation": [0, -9900, 0], "Scale": 1.0, "Scale3D": [1.0, 1.0, 1.0], "Materials": []}}, {"Prop_Fences.Meshes.ChainLinkFenceShortNoWire": {"Rename": "", "Tags": [], "Metadata": "", "Location": [28115.072265625, 15578.7783203125, -1134.0899658203125], "Rotation": [0, -10400, 0], "Scale": 1.0, "Scale3D": [1.0, 1.0, 1.0], "Materials": []}}, {"Prop_Fences.Meshes.ChainLinkFenceShortNoWire": {"Rename": "", "Tags": [], "Metadata": "", "Location": [28400.072265625, 15136.7783203125, -1134.0899658203125], "Rotation": [0, -10400, 0], "Scale": 1.0, "Scale3D": [1.0, 1.0, 1.0], "Materials": []}}, {"Prop_Fences.Meshes.ChainLinkFence": {"Rename": "", "Tags": [], "Metadata": "", "Location": [24646.068359375, 18791.396484375, -925.0], "Rotation": [800, 3000, -2000], "Scale": 1.0, "Scale3D": [2.0, 2.0, 2.0], "Materials": []}}, {"Prop_Rocks_03.Meshes.AridRockCliff_05": {"Rename": "", "Tags": [], "Metadata": "", "Location": [36471.9375, 19954.607421875, -1468.2650146484375], "Rotation": [500, 15200, 0], "Scale": 0.7300000190734863, "Scale3D": [1.190000057220459, 1.0, 1.1299999952316284], "Materials": ["Prop_Rocks.Mati_WastelandRock"]}}, {"Prop_Rocks_03.Meshes.AridRockCliff_05": {"Rename": "", "Tags": [], "Metadata": "", "Location": [34778.2109375, 23709.255859375, -1928.2349853515625], "Rotation": [400, 22400, 0], "Scale": 1.190000057220459, "Scale3D": [1.1100000143051147, 1.0, 1.0], "Materials": ["Prop_Rocks.Mati_WastelandRock"]}}, {"Prop_Rocks_03.Meshes.AridRockCliff_05": {"Rename": "", "Tags": [], "Metadata": "", "Location": [31632.8359375, 27407.984375, -1054.9549560546875], "Rotation": [1500, 27900, 0], "Scale": 0.49000000953674316, "Scale3D": [1.1100000143051147, 1.0, 1.0], "Materials": ["Prop_Rocks.Mati_WastelandRock"]}}, {"Prop_Tires.RubberTireStack3x": {"Rename": "", "Tags": [], "Metadata": "", "Location": [30869.595703125, 26162.96484375, -1248.595947265625], "Rotation": [0, 0, 0], "Scale": 2.75, "Scale3D": [1.0, 1.0, 1.0], "Materials": []}}, {"Prop_Tires.RubberTireHole": {"Rename": "", "Tags": [], "Metadata": "", "Location": [31074.8125, 26033.87109375, -1094.5389404296875], "Rotation": [9800, 25000, 0], "Scale": 2.5399999618530273, "Scale3D": [1.0, 1.0, 1.0], "Materials": []}}, {"Prop_Buildings.Meshes.NewHavenBuilding04aLowCol": {"Rename": "", "Tags": [], "Metadata": "", "Location": [26350.302734375, 12690.9912109375, -1407.6650390625], "Rotation": [0, 4500, 0], "Scale": 0.8600000143051147, "Scale3D": [1.0, 1.0, 1.0], "Materials": []}}, {"Prop_Panels.MetalPanel": {"Rename": "", "Tags": [], "Metadata": "", "Location": [28175.3671875, 15977.0, -915.4879760742188], "Rotation": [-1000, 6000, 0], "Scale": 0.800000011920929, "Scale3D": [1.0, 0.10000000149011612, 1.0], "Materials": []}}, {"prop_gates.Meshes.CorrugatedGateMed": {"Rename": "", "Tags": [], "Metadata": "", "Location": [26796.703125, 19429.134765625, -780.2334594726562], "Rotation": [0, -16400, 0], "Scale": 1.0, "Scale3D": [1.2000000476837158, 1.0, 1.0], "Materials": []}}, {"EngineMeshes.Sphere": {"Rename": "Pressure Plate", "Tags": ["Pressure Plate"], "Metadata": "", "Location": [26752.30859375, 19416.517578125, -1370.0], "Rotation": [600, -17000, 0], "Scale": 0.5, "Scale3D": [1.0, 1.0, 0.0010000000474974513], "Materials": ["Anemone_GunMaterials.Materials.SMG.Mati_Tediore_6_Infection_Cleaner"]}}, {"Char_Anem_ButtStallion.Mesh.ButtStallion": {"Rename": "", "Tags": [], "Metadata": "", "Location": [26748.8203125, 19456.71484375, -1366.0], "Rotation": [0, 0, -16400], "Scale": 0.5, "Scale3D": [1.0, 0.0010000000474974513, 1.0], "Materials": []}}], "InteractiveObjectDefinition": [{"GD_Balance_Treasure.ChestGrades.ObjectGrade_TreasureChest": {"Rename": "", "Tags": [], "Metadata": "", "Location": [22655.556640625, 12897.8056640625, -1402.66796875], "Rotation": [600, 24200, 0], "Scale": 1.0, "Scale3D": [1.0, 1.0, 1.0], "Materials": ["Iris_Hub_P.TheWorld:PersistentLevel.WillowInteractiveObject_206.SkeletalMeshComponent_798.MaterialInstanceConstant_733"]}}, {"GD_Balance_Treasure.ChestGrades.ObjectGrade_TreasureChest": {"Rename": "", "Tags": [], "Metadata": "", "Location": [27960.470703125, 15475.064453125, -1405.0], "Rotation": [0, 23200, 0], "Scale": 1.0, "Scale3D": [1.0, 1.0, 1.0], "Materials": ["Iris_Hub_P.TheWorld:PersistentLevel.WillowInteractiveObject_207.SkeletalMeshComponent_799.MaterialInstanceConstant_734"]}}, {"GD_Balance_Treasure.ChestGrades.ObjectGrade_TreasureChest": {"Rename": "", "Tags": [], "Metadata": "", "Location": [30457.646484375, 16317.7734375, -1405.0], "Rotation": [0, 7200, 0], "Scale": 1.0, "Scale3D": [1.0, 1.0, 1.0], "Materials": ["Iris_Hub_P.TheWorld:PersistentLevel.WillowInteractiveObject_208.SkeletalMeshComponent_800.MaterialInstanceConstant_735"]}}, {"GD_Balance_Treasure.ChestGrades.ObjectGrade_TreasureChest": {"Rename": "", "Tags": [], "Metadata": "", "Location": [27038.21484375, 19175.33984375, -997.0], "Rotation": [0, -18800, 0], "Scale": 1.0, "Scale3D": [1.0, 1.0, 1.0], "Materials": ["Iris_Hub_P.TheWorld:PersistentLevel.WillowInteractiveObject_209.SkeletalMeshComponent_801.MaterialInstanceConstant_736"]}}, {"GD_Balance_Treasure.ChestGrades.ObjectGrade_TreasureChest": {"Rename": "", "Tags": [], "Metadata": "", "Location": [34443.59375, 18516.416015625, -1404.0], "Rotation": [0, 4000, 0], "Scale": 1.0, "Scale3D": [1.0, 1.0, 1.0], "Materials": ["Iris_Hub_P.TheWorld:PersistentLevel.WillowInteractiveObject_210.SkeletalMeshComponent_802.MaterialInstanceConstant_737"]}}, {"GD_Balance_Treasure.ChestGrades.ObjectGrade_TreasureChest": {"Rename": "", "Tags": [], "Metadata": "", "Location": [29448.171875, 25413.853515625, -1405.0], "Rotation": [0, 36800, 0], "Scale": 1.0, "Scale3D": [1.0, 1.0, 1.0], "Materials": ["Iris_Hub_P.TheWorld:PersistentLevel.WillowInteractiveObject_211.SkeletalMeshComponent_803.MaterialInstanceConstant_738"]}}, {"GD_LevelChallenges.InteractiveObjects.IO_VaultRoy": {"Rename": "Vault Symbol Reward", "Tags": ["Vault Symbol Reward"], "Metadata": "", "Location": [29244.416015625, 21537.33203125, -638.0050048828125], "Rotation": [-1300, -100, 800], "Scale": 1.0, "Scale3D": [1.0, 1.0, 1.0], "Materials": []}}, {"GD_Balance_Treasure.ChestGrades.ObjectGrade_TreasureChest": {"Rename": "", "Tags": [], "Metadata": "", "Location": [29736.625, 20331.37890625, -816.0139770507812], "Rotation": [0, 16400, 0], "Scale": 1.0, "Scale3D": [1.0, 1.0, 1.0], "Materials": ["Iris_Hub_P.TheWorld:PersistentLevel.WillowInteractiveObject_213.SkeletalMeshComponent_804.MaterialInstanceConstant_739"]}}, {"GD_Balance_Treasure.ChestGrades.ObjectGrade_TreasureChest": {"Rename": "", "Tags": [], "Metadata": "", "Location": [34188.0703125, 23453.087890625, -1073.656005859375], "Rotation": [800, 21500, 3000], "Scale": 1.0, "Scale3D": [1.0, 1.0, 1.0], "Materials": ["Iris_Hub_P.TheWorld:PersistentLevel.WillowInteractiveObject_214.SkeletalMeshComponent_805.MaterialInstanceConstant_740"]}}]}}}