{"iris_dl3_p": {"Create": {"StaticMesh": [{"Prop_Fences.Meshes.ChainLinkFenceShort": {"Rename": "", "Tags": [], "Metadata": "", "Location": [57025.09375, 18191.671875, -135.67300415039062], "Rotation": [0, -3100, 0], "Scale": 2.5899999141693115, "Scale3D": [1.0, 1.0, 1.0], "Materials": []}}, {"Env_Interlude.Mesh.GarageDoor": {"Rename": "", "Tags": [], "Metadata": "", "Location": [48647.625, 14055.255859375, -306.9700012207031], "Rotation": [0, 2000, 0], "Scale": 1.1799999475479126, "Scale3D": [1.0, 1.0, 1.1100000143051147], "Materials": []}}, {"Prop_Rocks_03.Meshes.ObsidianRock_06": {"Rename": "", "Tags": [], "Metadata": "", "Location": [52196.6015625, 30919.84765625, -1021.2650146484375], "Rotation": [-500, 4800, 0], "Scale": 1.1799999475479126, "Scale3D": [1.0, 1.0, 1.0], "Materials": []}}, {"Prop_Crate.Meshes.AmmoCrate": {"Rename": "", "Tags": [], "Metadata": "", "Location": [50745.984375, 27881.30078125, -2.0], "Rotation": [0, 0, 0], "Scale": 0.800000011920929, "Scale3D": [1.0, 1.0, 1.0], "Materials": []}}, {"Prop_Crate.Meshes.BanditCrate01": {"Rename": "", "Tags": [], "Metadata": "", "Location": [49365.29296875, 26103.05078125, -443.4840087890625], "Rotation": [0, -5400, 0], "Scale": 2.0, "Scale3D": [1.0, 1.0, 1.0], "Materials": []}}, {"Common_Meshes.Blocking.Blocking_Cube": {"Rename": "Invisible Wall 1", "Tags": [], "Metadata": "", "Location": [49542.734375, 26132.662109375, -735.218994140625], "Rotation": [0, 11800, 0], "Scale": 3.0, "Scale3D": [0.009999999776482582, 1.0, 1.0], "Materials": ["FX_ENV_VOG.Materials.Angel_Echo_INST"]}}, {"Common_Meshes.Blocking.Blocking_Cube": {"Rename": "Invisible Wall 2", "Tags": [], "Metadata": "", "Location": [45702.02734375, 23930.197265625, -935.0250244140625], "Rotation": [0, 11800, 0], "Scale": 3.0, "Scale3D": [0.009999999776482582, 1.0, 1.0], "Materials": ["FX_ENV_VOG.Materials.Angel_Echo_INST"]}}, {"Prop_Crate.Meshes.AmmoCrate": {"Rename": "", "Tags": [], "Metadata": "", "Location": [50881.41015625, 15983.197265625, 32.8380012512207], "Rotation": [0, 0, 0], "Scale": 0.800000011920929, "Scale3D": [1.0, 1.0, 1.0], "Materials": []}}, {"EngineMeshes.Sphere": {"Rename": "Pressure Plate", "Tags": ["Pressure Plate"], "Metadata": "", "Location": [59122.33203125, 22381.19140625, 280.93499755859375], "Rotation": [0, 0, 0], "Scale": 0.5, "Scale3D": [1.0, 1.0, 0.0010000000474974513], "Materials": ["Anemone_GunMaterials.Materials.SMG.Mati_Tediore_6_Infection_Cleaner"]}}, {"Char_Anem_ButtStallion.Mesh.ButtStallion": {"Rename": "", "Tags": [], "Metadata": "", "Location": [59163.046875, 22384.634765625, 282.0], "Rotation": [0, -16400, -16400], "Scale": 0.5, "Scale3D": [1.0, 0.0010000000474974513, 1.0], "Materials": []}}], "InteractiveObjectDefinition": [{"GD_Balance_Treasure.ChestGrades.ObjectGrade_TreasureChest": {"Rename": "", "Tags": [], "Metadata": "", "Location": [53005.2734375, 26048.005859375, 1354.3409423828125], "Rotation": [-500, 29200, 5600], "Scale": 1.0, "Scale3D": [1.0, 1.0, 1.0], "Materials": ["Iris_DL3_P.TheWorld:PersistentLevel.WillowInteractiveObject_209.SkeletalMeshComponent_1207.MaterialInstanceConstant_1267"]}}, {"GD_Balance_Treasure.ChestGrades.ObjectGrade_TreasureChest": {"Rename": "", "Tags": [], "Metadata": "", "Location": [55457.95703125, 22655.556640625, -942.7890014648438], "Rotation": [-900, 24300, 0], "Scale": 1.0, "Scale3D": [1.0, 1.0, 1.0], "Materials": ["Iris_DL3_P.TheWorld:PersistentLevel.WillowInteractiveObject_210.SkeletalMeshComponent_1208.MaterialInstanceConstant_1268"]}}, {"GD_Balance_Treasure.ChestGrades.ObjectGrade_TreasureChest": {"Rename": "", "Tags": [], "Metadata": "", "Location": [54983.29296875, 26707.54296875, -1043.0], "Rotation": [0, -6000, 0], "Scale": 1.0, "Scale3D": [1.0, 1.0, 1.0], "Materials": ["Iris_DL3_P.TheWorld:PersistentLevel.WillowInteractiveObject_211.SkeletalMeshComponent_1209.MaterialInstanceConstant_1269"]}}, {"GD_Balance_Treasure.ChestGrades.ObjectGrade_TreasureChest": {"Rename": "", "Tags": [], "Metadata": "", "Location": [48656.25, 23868.857421875, -1042.4110107421875], "Rotation": [0, -15800, 0], "Scale": 1.0, "Scale3D": [1.0, 1.0, 1.0], "Materials": ["Iris_DL3_P.TheWorld:PersistentLevel.WillowInteractiveObject_212.SkeletalMeshComponent_1210.MaterialInstanceConstant_1270"]}}, {"GD_Balance_Treasure.ChestGrades.ObjectGrade_TreasureChest": {"Rename": "", "Tags": [], "Metadata": "", "Location": [45080.9921875, 21805.326171875, -1015.2260131835938], "Rotation": [0, -24900, -1200], "Scale": 1.0, "Scale3D": [1.0, 1.0, 1.0], "Materials": ["Iris_DL3_P.TheWorld:PersistentLevel.WillowInteractiveObject_213.SkeletalMeshComponent_1211.MaterialInstanceConstant_1271"]}}, {"GD_Balance_Treasure.ChestGrades.ObjectGrade_TreasureChest": {"Rename": "", "Tags": [], "Metadata": "", "Location": [47497.1015625, 16521.86328125, -1036.9310302734375], "Rotation": [0, 20700, 0], "Scale": 1.0, "Scale3D": [1.0, 1.0, 1.0], "Materials": ["Iris_DL3_P.TheWorld:PersistentLevel.WillowInteractiveObject_214.SkeletalMeshComponent_1212.MaterialInstanceConstant_1272"]}}, {"GD_Balance_Treasure.ChestGrades.ObjectGrade_TreasureChest": {"Rename": "", "Tags": [], "Metadata": "", "Location": [53441.76171875, 20114.1171875, -1040.791015625], "Rotation": [0, -25100, 0], "Scale": 1.0, "Scale3D": [1.0, 1.0, 1.0], "Materials": ["Iris_DL3_P.TheWorld:PersistentLevel.WillowInteractiveObject_215.SkeletalMeshComponent_1213.MaterialInstanceConstant_1273"]}}, {"GD_LevelChallenges.InteractiveObjects.IO_VaultRoy": {"Rename": "Vault Symbol Reward", "Tags": ["Vault Symbol Reward"], "Metadata": "", "Location": [52829.62109375, 25511.4375, -395.39898681640625], "Rotation": [-2000, 26000, 0], "Scale": 1.0, "Scale3D": [1.0, 1.0, 1.0], "Materials": []}}]}}}