{"sage_powerstation_p": {"Create": {"StaticMesh": [{"Prop_LynchWood.Mesh.LynchWoodTechWallDoor": {"Rename": "", "Tags": [], "Metadata": "", "Location": [-24775.759765625, -13791.9140625, 3030.7119140625], "Rotation": [0, 0, 0], "Scale": 1.0, "Scale3D": [7.0, 7.0, 7.0], "Materials": []}}, {"Prop_LynchWood.Mesh.LynchWoodTechWallDoor": {"Rename": "", "Tags": [], "Metadata": "", "Location": [-24775.759765625, -13791.9140625, 3030.7119140625], "Rotation": [0, 0, 0], "Scale": 1.0, "Scale3D": [-7.0, 7.0, 7.0], "Materials": []}}, {"Env_Interlude.Mesh.GarageDoor": {"Rename": "", "Tags": [], "Metadata": "", "Location": [-28272.595703125, -9246.5654296875, 3757.35498046875], "Rotation": [0, 0, 0], "Scale": 1.0, "Scale3D": [1.0, 1.0, 1.0], "Materials": []}}, {"EngineMeshes.Sphere": {"Rename": "Pressure Plate", "Tags": ["Pressure Plate"], "Metadata": "", "Location": [-24072.22265625, -10999.5888671875, 3733.0], "Rotation": [-400, -6500, 0], "Scale": 0.5, "Scale3D": [1.0, 1.0, 0.0010000000474974513], "Materials": ["Anemone_GunMaterials.Materials.SMG.Mati_Tediore_6_Infection_Cleaner"]}}, {"Char_Anem_ButtStallion.Mesh.ButtStallion": {"Rename": "", "Tags": [], "Metadata": "", "Location": [-24096.52734375, -10969.19921875, 3735.0], "Rotation": [0, 5000, -16400], "Scale": 0.5, "Scale3D": [1.0, 0.0010000000474974513, 1.0], "Materials": []}}], "InteractiveObjectDefinition": [{"GD_Balance_Treasure.ChestGrades.ObjectGrade_TreasureChest": {"Rename": "", "Tags": [], "Metadata": "", "Location": [-24579.44921875, -12582.9619140625, 2997.056884765625], "Rotation": [0, -16400, 0], "Scale": 1.0, "Scale3D": [1.0, 1.0, 1.0], "Materials": ["Sage_PowerStation_P.TheWorld:PersistentLevel.WillowInteractiveObject_476.SkeletalMeshComponent_2267.MaterialInstanceConstant_2788"]}}, {"GD_Balance_Treasure.ChestGrades.ObjectGrade_TreasureChest": {"Rename": "", "Tags": [], "Metadata": "", "Location": [-25946.580078125, -10423.306640625, 3032.962890625], "Rotation": [-1100, -16400, -1600], "Scale": 1.0, "Scale3D": [1.0, 1.0, 1.0], "Materials": ["Sage_PowerStation_P.TheWorld:PersistentLevel.WillowInteractiveObject_477.SkeletalMeshComponent_2268.MaterialInstanceConstant_2789"]}}, {"GD_Balance_Treasure.ChestGrades.ObjectGrade_TreasureChest": {"Rename": "", "Tags": [], "Metadata": "", "Location": [-27706.29296875, -12505.2373046875, 3021.5810546875], "Rotation": [400, 33700, 0], "Scale": 1.0, "Scale3D": [1.0, 1.0, 1.0], "Materials": ["Sage_PowerStation_P.TheWorld:PersistentLevel.WillowInteractiveObject_478.SkeletalMeshComponent_2269.MaterialInstanceConstant_2790"]}}, {"GD_Balance_Treasure.ChestGrades.ObjectGrade_TreasureChest": {"Rename": "", "Tags": [], "Metadata": "", "Location": [-28253.6015625, -9367.578125, 3689.60009765625], "Rotation": [0, 32800, 0], "Scale": 1.0, "Scale3D": [1.0, 1.0, 1.0], "Materials": ["Sage_PowerStation_P.TheWorld:PersistentLevel.WillowInteractiveObject_479.SkeletalMeshComponent_2270.MaterialInstanceConstant_2791"]}}, {"GD_Balance_Treasure.ChestGrades.ObjectGrade_TreasureChest": {"Rename": "", "Tags": [], "Metadata": "", "Location": [-29691.25, -10423.3203125, 3284.044921875], "Rotation": [0, 32800, 0], "Scale": 1.0, "Scale3D": [1.0, 1.0, 1.0], "Materials": ["Sage_PowerStation_P.TheWorld:PersistentLevel.WillowInteractiveObject_480.SkeletalMeshComponent_2271.MaterialInstanceConstant_2792"]}}, {"GD_LevelChallenges.InteractiveObjects.IO_VaultRoy": {"Rename": "Vault Symbol Reward", "Tags": ["Vault Symbol Reward"], "Metadata": "", "Location": [-28721.01953125, -13304.005859375, 3229.505126953125], "Rotation": [1400, 16400, 0], "Scale": 0.7599999904632568, "Scale3D": [1.0, 1.0, 1.0], "Materials": []}}]}}}