{"dungeon_p": {"Create": {"StaticMesh": [{"Aster_Prop_Dungeon.Mesh.DungeonArches02": {"Rename": "", "Tags": [], "Metadata": "", "Location": [2991.31396484375, 2460.01806640625, 5997.3662109375], "Rotation": [0, -8100, 0], "Scale": 0.5400000214576721, "Scale3D": [0.6499999761581421, 1.0, 1.0], "Materials": ["None"]}}, {"Aster_Prop_Dungeon.Mesh.DungeonArches02": {"Rename": "", "Tags": [], "Metadata": "", "Location": [2389.31396484375, 3049.01806640625, 6000.3662109375], "Rotation": [0, -8100, 0], "Scale": 0.5400000214576721, "Scale3D": [0.6499999761581421, 1.0, 1.0], "Materials": ["None"]}}, {"Aster_Prop_Dungeon.Mesh.DungeonArches02": {"Rename": "", "Tags": [], "Metadata": "", "Location": [2891.31396484375, 3423.01806640625, 6000.3662109375], "Rotation": [0, -24400, 0], "Scale": 0.5400000214576721, "Scale3D": [0.6499999761581421, 1.3799999952316284, 1.0], "Materials": ["None"]}}, {"Aster_Prop_Dungeon.Mesh.DunFloorVariant02": {"Rename": "", "Tags": [], "Metadata": "", "Location": [3391.302978515625, 2923.972900390625, 5859.4248046875], "Rotation": [0, -7600, -16400], "Scale": 0.4300000071525574, "Scale3D": [3.0, 3.0, 3.0], "Materials": []}}, {"Aster_Prop_Dungeon.Mesh.DunFloorVariant01": {"Rename": "", "Tags": [], "Metadata": "", "Location": [3339.069091796875, 2786.548095703125, 6406.09619140625], "Rotation": [0, 8400, 16400], "Scale": 0.38999998569488525, "Scale3D": [2.0, 2.0, 2.0], "Materials": []}}, {"Aster_Prop_Dungeon.Mesh.DunFloorVariant01": {"Rename": "", "Tags": [], "Metadata": "", "Location": [2506.069091796875, 3036.548095703125, 6406.09619140625], "Rotation": [0, -24600, 16400], "Scale": 0.38999998569488525, "Scale3D": [2.0, 2.0, 2.0], "Materials": []}}, {"Aster_Prop_Dungeon.Mesh.DunFloorVariant01": {"Rename": "", "Tags": [], "Metadata": "", "Location": [2351.069091796875, 2865.548095703125, 6434.09619140625], "Rotation": [0, -24600, 0], "Scale": 0.7300000190734863, "Scale3D": [1.7799999713897705, 2.0, 2.0], "Materials": []}}, {"Aster_Prop_Dungeon.Mesh.DungeonWalls01": {"Rename": "", "Tags": [], "Metadata": "", "Location": [701.656982421875, 3085.051025390625, 5951.8251953125], "Rotation": [0, 16400, 0], "Scale": 1.399999976158142, "Scale3D": [2.0, 2.0, 2.0], "Materials": []}}, {"Aster_Prop_Dungeon.Mesh.DungeonWalls01": {"Rename": "", "Tags": [], "Metadata": "", "Location": [-3792.468994140625, -741.0349731445312, 5952.39404296875], "Rotation": [0, 0, 0], "Scale": 1.399999976158142, "Scale3D": [2.0, 2.0, 2.0], "Materials": []}}, {"Aster_Prop_Dungeon.Mesh.DungeonWalls01": {"Rename": "", "Tags": [], "Metadata": "", "Location": [-1367.7330322265625, -1271.699951171875, 5968.68408203125], "Rotation": [-16400, 0, 0], "Scale": 2.299999952316284, "Scale3D": [0.20000000298023224, 2.0, 2.0], "Materials": []}}, {"Aster_Prop_Ruins.Meshes.Ruin_Wall": {"Rename": "", "Tags": [], "Metadata": "", "Location": [-1035.199951171875, 2872.029052734375, 5975.0], "Rotation": [0, 32800, 0], "Scale": 0.699999988079071, "Scale3D": [1.0, 1.0, 1.7000000476837158], "Materials": []}}, {"Aster_Prop_Dungeon.Mesh.DungeonFloors01": {"Rename": "", "Tags": [], "Metadata": "", "Location": [-1019.9429931640625, 2891.342041015625, 5990.0], "Rotation": [0, 0, 0], "Scale": 0.8500000238418579, "Scale3D": [1.0, 1.0, 1.0], "Materials": []}}, {"EngineMeshes.Sphere": {"Rename": "Pressure Plate", "Tags": ["Pressure Plate"], "Metadata": "", "Location": [-1116.9339599609375, 3017.468994140625, 6004.23388671875], "Rotation": [0, 0, 0], "Scale": 0.5, "Scale3D": [1.0, 1.0, 0.0010000000474974513], "Materials": ["Anemone_GunMaterials.Materials.SMG.Mati_Tediore_6_Infection_Cleaner"]}}, {"Char_Anem_ButtStallion.Mesh.ButtStallion": {"Rename": "", "Tags": [], "Metadata": "", "Location": [-1153.4000244140625, 3013.22998046875, 6005.0], "Rotation": [0, 16400, -16400], "Scale": 0.5, "Scale3D": [1.0, 0.0010000000474974513, 1.0], "Materials": []}}], "InteractiveObjectDefinition": [{"GD_Aster_Lootables.Balance.ObjectGrade_MimicChest_NoMimic": {"Rename": "", "Tags": [], "Metadata": "", "Location": [2911.43603515625, 2611.758056640625, 5993.59521484375], "Rotation": [0, 15000, 1000], "Scale": 1.0, "Scale3D": [1.0, 1.0, 1.0], "Materials": ["Dungeon_P.TheWorld:PersistentLevel.WillowInteractiveObject_1291.SkeletalMeshComponent_4834.MaterialInstanceConstant_6182"]}}, {"GD_Aster_Lootables.Balance.ObjectGrade_MimicChest_NoMimic": {"Rename": "", "Tags": [], "Metadata": "", "Location": [902.677001953125, 924.2274780273438, 5990.0], "Rotation": [0, 8000, 100], "Scale": 1.0, "Scale3D": [1.0, 1.0, 1.0], "Materials": ["Dungeon_P.TheWorld:PersistentLevel.WillowInteractiveObject_1292.SkeletalMeshComponent_4835.MaterialInstanceConstant_6183"]}}, {"GD_Aster_Lootables.Balance.ObjectGrade_MimicChest_NoMimic": {"Rename": "", "Tags": [], "Metadata": "", "Location": [41.76100158691406, -869.9140014648438, 5952.4501953125], "Rotation": [0, 16400, 100], "Scale": 1.0, "Scale3D": [1.0, 1.0, 1.0], "Materials": ["Dungeon_P.TheWorld:PersistentLevel.WillowInteractiveObject_1293.SkeletalMeshComponent_4836.MaterialInstanceConstant_6184"]}}, {"GD_Aster_Lootables.Balance.ObjectGrade_MimicChest_NoMimic": {"Rename": "", "Tags": [], "Metadata": "", "Location": [-3273.722900390625, -0.7799999713897705, 5985.26806640625], "Rotation": [0, 0, 0], "Scale": 1.0, "Scale3D": [1.0, 1.0, 1.0], "Materials": ["Dungeon_P.TheWorld:PersistentLevel.WillowInteractiveObject_1294.SkeletalMeshComponent_4837.MaterialInstanceConstant_6185"]}}, {"GD_Aster_Lootables.Balance.ObjectGrade_MimicChest_NoMimic": {"Rename": "", "Tags": [], "Metadata": "", "Location": [1849.1619873046875, -2793.910888671875, 5999.02392578125], "Rotation": [0, 20800, 0], "Scale": 1.0, "Scale3D": [1.0, 1.0, 1.0], "Materials": ["Dungeon_P.TheWorld:PersistentLevel.WillowInteractiveObject_1295.SkeletalMeshComponent_4838.MaterialInstanceConstant_6186"]}}, {"GD_LevelChallenges.InteractiveObjects.IO_VaultRoy": {"Rename": "Vault Symbol Reward", "Tags": ["Vault Symbol Reward"], "Metadata": "", "Location": [3228.905029296875, -1693.7919921875, 6178.59423828125], "Rotation": [-2000, 8200, 0], "Scale": 1.0, "Scale3D": [1.0, 1.0, 1.0], "Materials": []}}]}}}