{"icecanyon_p": {"Create": {"StaticMesh": [{"Prop_Radios.Meshes.RadioBig": {"Rename": "Side Object 1", "Tags": ["Side Object 1"], "Metadata": "", "Location": [-5705.52294921875, -13650.416015625, 1670.56396484375], "Rotation": [0, 6600, 0], "Scale": 1.0, "Scale3D": [1.0, 1.0, 1.0], "Materials": []}}, {"Prop_Radios.Meshes.RadioBig": {"Rename": "Side Object 2", "Tags": ["Side Object 2"], "Metadata": "", "Location": [-162.63600158691406, -16475.880859375, 1729.927978515625], "Rotation": [0, 4600, 0], "Scale": 1.0, "Scale3D": [1.0, 1.0, 1.0], "Materials": []}}, {"Prop_Radios.Meshes.RadioBig": {"Rename": "Side Object 3", "Tags": ["Side Object 3"], "Metadata": "", "Location": [-3564.241943359375, -13944.0673828125, 555.1010131835938], "Rotation": [0, -16400, 2700], "Scale": 1.0, "Scale3D": [1.0, 1.0, 1.0], "Materials": []}}, {"Prop_Radios.Meshes.RadioBig": {"Rename": "Side Object 4", "Tags": ["Side Object 4"], "Metadata": "", "Location": [-659.5239868164062, -12638.05078125, -9287.0], "Rotation": [0, 33000, 0], "Scale": 3.5, "Scale3D": [1.0, 1.0, 1.0], "Materials": []}}, {"Prop_Walkways.CatwalkQuad": {"Rename": "", "Tags": [], "Metadata": "", "Location": [-9496.2685546875, -11295.392578125, 2215.236083984375], "Rotation": [0, 10800, 16400], "Scale": 2.0, "Scale3D": [1.0, 1.0, 1.0], "Materials": ["Env_IceCanyon.Materials.Mati_HandRailStairs_Snow_NoNorm", "Env_IceCanyon.Materials.Mati_CatwalkGrate_Snow"]}}, {"Prop_Walkways.CatwalkQuad": {"Rename": "", "Tags": [], "Metadata": "", "Location": [-7984.28515625, -15248.212890625, 2133.083984375], "Rotation": [0, 16200, 16400], "Scale": 2.0, "Scale3D": [1.0, 1.0, 1.0], "Materials": ["Env_IceCanyon.Materials.Mati_HandRailStairs_Snow_NoNorm", "Env_IceCanyon.Materials.Mati_CatwalkGrate_Snow"]}}, {"Prop_Walkways.CatwalkQuad": {"Rename": "", "Tags": [], "Metadata": "", "Location": [-8147.28515625, -13457.212890625, 2133.083984375], "Rotation": [0, 32800, 16400], "Scale": 2.0, "Scale3D": [1.0, 1.0, 1.0], "Materials": ["Env_IceCanyon.Materials.Mati_HandRailStairs_Snow_NoNorm", "Env_IceCanyon.Materials.Mati_CatwalkGrate_Snow"]}}, {"Prop_Walkways.CatwalkLarge": {"Rename": "", "Tags": [], "Metadata": "", "Location": [1941.9840087890625, -14095.591796875, 1104.0849609375], "Rotation": [-16400, -10300, 0], "Scale": 2.8499999046325684, "Scale3D": [1.0, 1.5199999809265137, 1.0], "Materials": ["Env_IceCanyon.Materials.Mati_HandRailStairs_Snow_NoNorm", "Env_IceCanyon.Materials.Mati_CatwalkGrate_Snow"]}}, {"Prop_Walkways.CatwalkLarge": {"Rename": "", "Tags": [], "Metadata": "", "Location": [-1342.572021484375, -18338.42578125, 1727.8900146484375], "Rotation": [0, -16400, 0], "Scale": 2.0, "Scale3D": [1.0, 1.0, 1.0], "Materials": ["Env_IceCanyon.Materials.Mati_HandRailStairs_Snow_NoNorm", "Env_IceCanyon.Materials.Mati_CatwalkGrate_Snow"]}}, {"Prop_Supports.SupportStrutTruss": {"Rename": "", "Tags": [], "Metadata": "", "Location": [-1362.7139892578125, -16725.759765625, 1708.0], "Rotation": [0, 0, -16400], "Scale": 1.0, "Scale3D": [1.0, 1.0, 1.100000023841858], "Materials": []}}, {"Prop_Stairs.StairMetal320Wide": {"Rename": "", "Tags": [], "Metadata": "", "Location": [-1363.6510009765625, -18162.541015625, 1724.5350341796875], "Rotation": [0, -16400, 0], "Scale": 0.5, "Scale3D": [1.0, 1.0, 1.0], "Materials": ["Env_IceCanyon.Materials.Mati_HandRailStairs_Snow_NoNorm"]}}, {"Prop_Tires.RubberTireStack3x": {"Rename": "", "Tags": [], "Metadata": "", "Location": [-906.7219848632812, -17930.796875, 1727.261962890625], "Rotation": [0, 0, 0], "Scale": 1.0, "Scale3D": [1.0, 1.0, 1.0], "Materials": ["Env_Glacial.Materials.Mati_RubberTire_Snow"]}}, {"Prop_Tires.RubberTireHole": {"Rename": "", "Tags": [], "Metadata": "", "Location": [-1007.2520141601562, -17928.578125, 1783.0260009765625], "Rotation": [10600, 0, 0], "Scale": 2.5, "Scale3D": [0.41999998688697815, 0.41999998688697815, 0.41999998688697815], "Materials": []}}, {"Prop_Supports.RackBanditStrutX": {"Rename": "", "Tags": [], "Metadata": "", "Location": [-1105.6109619140625, -18566.75390625, 1775.782958984375], "Rotation": [-16400, -4000, 0], "Scale": 0.8299999833106995, "Scale3D": [3.0, 1.5, 1.5], "Materials": ["Env_IceCanyon.Materials.Mati_RackBandit_Snow"]}}, {"Prop_Panels.PlywoodPanel": {"Rename": "", "Tags": [], "Metadata": "", "Location": [-916.4730224609375, -18488.119140625, 1773.3170166015625], "Rotation": [0, -8800, 0], "Scale": 0.7099999785423279, "Scale3D": [1.75, 1.75, 1.75], "Materials": []}}, {"Prop_Walkways.Platform": {"Rename": "", "Tags": [], "Metadata": "", "Location": [-1576.6240234375, -18739.0859375, 1876.302001953125], "Rotation": [0, 0, 0], "Scale": 0.3700000047683716, "Scale3D": [1.0, 1.0, 1.0], "Materials": []}}, {"Prop_Supports.MetalSupportBeam_02": {"Rename": "", "Tags": [], "Metadata": "", "Location": [-1170.5009765625, -18724.2578125, 1727.39404296875], "Rotation": [0, 0, 0], "Scale": 0.3499999940395355, "Scale3D": [1.75, 1.75, 1.75], "Materials": []}}, {"Prop_Supports.MetalSupportBeam_02": {"Rename": "", "Tags": [], "Metadata": "", "Location": [-1561.5009765625, -18724.2578125, 1727.39404296875], "Rotation": [0, 0, 0], "Scale": 0.3499999940395355, "Scale3D": [1.75, 1.75, 1.75], "Materials": []}}, {"Prop_Supports.MetalSupportBeam_02": {"Rename": "", "Tags": [], "Metadata": "", "Location": [-1561.5009765625, -18425.2578125, 1727.39404296875], "Rotation": [0, 0, 0], "Scale": 0.3499999940395355, "Scale3D": [1.75, 1.75, 1.75], "Materials": []}}, {"Prop_Supports.MetalSupportBeam_02": {"Rename": "", "Tags": [], "Metadata": "", "Location": [-1170.5009765625, -18425.2578125, 1727.39404296875], "Rotation": [0, 0, 0], "Scale": 0.3499999940395355, "Scale3D": [1.75, 1.75, 1.75], "Materials": []}}, {"Prop_Gyrocopter.Meshes.Welder": {"Rename": "", "Tags": [], "Metadata": "", "Location": [-1672.5889892578125, -18539.05078125, 1728.468017578125], "Rotation": [0, -5800, 0], "Scale": 1.0, "Scale3D": [1.0, 1.0, 1.0], "Materials": []}}, {"Prop_Gyrocopter.Meshes.Warehouse_Side": {"Rename": "", "Tags": [], "Metadata": "", "Location": [-1370.89501953125, -18734.20703125, 1885.873046875], "Rotation": [0, 16400, 0], "Scale": 0.7799999713897705, "Scale3D": [1.0, 1.0, 1.0], "Materials": ["Env_Glacial.Materials.Mati_Warehouse_Side_Snow"]}}, {"Prop_Gyrocopter.Meshes.Warehouse_Panel_02": {"Rename": "", "Tags": [], "Metadata": "", "Location": [-1161.97998046875, -18731.052734375, 1885.8310546875], "Rotation": [0, 0, 0], "Scale": 0.8799999952316284, "Scale3D": [0.9700000286102295, 1.100000023841858, 0.9300000071525574], "Materials": ["Env_IceCanyon.Materials.Mati_Warehouse_Front_Snow"]}}, {"Prop_Machines.Meshes.WallFanBlade": {"Rename": "", "Tags": [], "Metadata": "", "Location": [-1755.154052734375, -18057.353515625, 1721.833984375], "Rotation": [0, 0, 16400], "Scale": 0.6600000262260437, "Scale3D": [6.0, 6.0, 6.0], "Materials": ["Env_IceCanyon.Materials.Mati_WallFan_Sow"]}}, {"Prop_Rocks.Meshes.SlateArch": {"Rename": "", "Tags": [], "Metadata": "", "Location": [-1268.126953125, -18367.486328125, 1492.6939697265625], "Rotation": [-2500, 0, 32800], "Scale": 0.5099999904632568, "Scale3D": [2.0, 3.680000066757202, 1.3700000047683716], "Materials": ["Prop_Glacier.Materials.Mati_GlacierRocks"]}}, {"prop_poles.Meshes.ScaffoldSpikeTriple": {"Rename": "", "Tags": [], "Metadata": "", "Location": [-1105.6739501953125, -16794.02734375, 1719.10400390625], "Rotation": [-1700, 0, 0], "Scale": 1.0, "Scale3D": [1.0, 1.0, 1.0], "Materials": []}}, {"FX_GOR_Mesh.Meshes.Props.SkullSingle": {"Rename": "", "Tags": [], "Metadata": "", "Location": [-1521.56494140625, -18450.5859375, 1900.677978515625], "Rotation": [0, -37900, 6100], "Scale": 2.0, "Scale3D": [1.0, 1.0, 1.0], "Materials": []}}, {"FX_GOR_Mesh.Meshes.Props.SkullBundle_Anim": {"Rename": "", "Tags": [], "Metadata": "", "Location": [-1218.843994140625, -18695.486328125, 2109.26806640625], "Rotation": [0, -22100, 0], "Scale": 1.0, "Scale3D": [1.0, 1.0, 1.0], "Materials": []}}, {"Prop_Details.Meshes.Pizza": {"Rename": "", "Tags": [], "Metadata": "", "Location": [-933.8759765625, -18524.0859375, 1783.553955078125], "Rotation": [0, -4500, 0], "Scale": 1.0, "Scale3D": [1.0, 1.0, 1.0], "Materials": []}}, {"GD_Z2_RakkaholicsData.Meshes.MO_BeerBottle": {"Rename": "", "Tags": [], "Metadata": "", "Location": [-901.0469970703125, -18502.8828125, 1779.675048828125], "Rotation": [0, -12000, 0], "Scale": 1.0, "Scale3D": [1.0, 1.0, 1.0], "Materials": []}}, {"Env_IceCanyon.Meshes.Fur": {"Rename": "", "Tags": [], "Metadata": "", "Location": [-1346.77294921875, -18592.376953125, 1885.3079833984375], "Rotation": [0, 0, 0], "Scale": 0.75, "Scale3D": [1.0, 1.0, 0.004999999888241291], "Materials": []}}, {"prop_signs.Meshes.CautionMarker": {"Rename": "", "Tags": [], "Metadata": "", "Location": [-1505.760986328125, -17855.263671875, 1735.177734375], "Rotation": [-1000, 32800, 0], "Scale": 1.0, "Scale3D": [1.0, 1.0, 1.0], "Materials": []}}, {"Prop_Icicles.Mesh.IcicleMultipleWide": {"Rename": "", "Tags": [], "Metadata": "", "Location": [-1640.1639404296875, -17824.677734375, 1729.10302734375], "Rotation": [0, -800, 0], "Scale": 0.3700000047683716, "Scale3D": [2.0, 2.0, 2.0], "Materials": []}}, {"Prop_Icicles.Mesh.IcicleDouble": {"Rename": "", "Tags": [], "Metadata": "", "Location": [-931.6810302734375, -17828.419921875, 1725.47705078125], "Rotation": [0, 0, 0], "Scale": 0.6399999856948853, "Scale3D": [1.0, 1.0, 1.0], "Materials": []}}, {"Prop_Furniture.Chair": {"Rename": "", "Tags": [], "Metadata": "", "Location": [-953.1713256835938, -18721.0, 1728.0140380859375], "Rotation": [0, -25900, 0], "Scale": 1.0, "Scale3D": [1.0, 1.0, 1.0], "Materials": []}}, {"prop_signs.ArrowSign": {"Rename": "", "Tags": [], "Metadata": "", "Location": [-1054.01904296875, -16801.791015625, 2068.075927734375], "Rotation": [-5900, -30700, 0], "Scale": 0.6000000238418579, "Scale3D": [0.5, 0.5, 0.5], "Materials": []}}], "InteractiveObjectDefinition": [{"GD_Balance_Treasure.ChestGrades.ObjectGrade_TreasureChest": {"Rename": "", "Tags": [], "Metadata": "", "Location": [-7522.34912109375, -11260.3359375, 1638.0], "Rotation": [600, 16000, -2000], "Scale": 1.0, "Scale3D": [1.0, 1.0, 1.0], "Materials": ["icecanyon_p.TheWorld:PersistentLevel.WillowInteractiveObject_168.SkeletalMeshComponent_398.MaterialInstanceConstant_426"]}}, {"GD_Balance_Treasure.ChestGrades.ObjectGrade_TreasureChest": {"Rename": "", "Tags": [], "Metadata": "", "Location": [-2951.89990234375, -16554.59765625, 1727.0], "Rotation": [0, 9000, 0], "Scale": 1.0, "Scale3D": [1.0, 1.0, 1.0], "Materials": ["icecanyon_p.TheWorld:PersistentLevel.WillowInteractiveObject_169.SkeletalMeshComponent_399.MaterialInstanceConstant_427"]}}, {"GD_Balance_Treasure.ChestGrades.ObjectGrade_TreasureChest": {"Rename": "", "Tags": [], "Metadata": "", "Location": [150.60299682617188, -9835.58984375, 1997.7979736328125], "Rotation": [0, -38000, 0], "Scale": 1.0, "Scale3D": [1.0, 1.0, 1.0], "Materials": ["icecanyon_p.TheWorld:PersistentLevel.WillowInteractiveObject_170.SkeletalMeshComponent_400.MaterialInstanceConstant_428"]}}, {"GD_Balance_Treasure.ChestGrades.ObjectGrade_TreasureChest": {"Rename": "", "Tags": [], "Metadata": "", "Location": [1591.0050048828125, -14051.0908203125, 644.0], "Rotation": [-300, 6000, -1000], "Scale": 1.0, "Scale3D": [1.0, 1.0, 1.0], "Materials": ["icecanyon_p.TheWorld:PersistentLevel.WillowInteractiveObject_171.SkeletalMeshComponent_401.MaterialInstanceConstant_429"]}}, {"GD_Balance_Treasure.ChestGrades.ObjectGrade_TreasureChest": {"Rename": "", "Tags": [], "Metadata": "", "Location": [2001.0050048828125, -13771.0908203125, 634.0], "Rotation": [350, 7000, -1000], "Scale": 1.0, "Scale3D": [1.0, 1.0, 1.0], "Materials": ["icecanyon_p.TheWorld:PersistentLevel.WillowInteractiveObject_172.SkeletalMeshComponent_402.MaterialInstanceConstant_430"]}}, {"GD_Balance_Treasure.ChestGrades.ObjectGrade_TreasureChest": {"Rename": "", "Tags": [], "Metadata": "", "Location": [-1364.2099609375, -18595.755859375, 1884.7249755859375], "Rotation": [0, 0, 0], "Scale": 1.0, "Scale3D": [1.0, 1.0, 1.0], "Materials": ["icecanyon_p.TheWorld:PersistentLevel.WillowInteractiveObject_173.SkeletalMeshComponent_403.MaterialInstanceConstant_431"]}}]}}}