{"fridge_p": {"Create": {"StaticMesh": [{"GD_Anemone_Plot_Mission020.Meshes.Props.Brain": {"Rename": "Side Object 1", "Tags": ["Side Object 1"], "Metadata": "", "Location": [6169.509765625, 6003.0791015625, 10215.9345703125], "Rotation": [5000, 2100, 0], "Scale": 2.0, "Scale3D": [1.0, 1.0, 1.0], "Materials": []}}, {"GD_Anemone_Plot_Mission020.Meshes.Props.Brain": {"Rename": "Side Object 2", "Tags": ["Side Object 2"], "Metadata": "", "Location": [2741.64794921875, 1989.4930419921875, 10002.27734375], "Rotation": [5000, 0, 0], "Scale": 2.0, "Scale3D": [1.0, 1.0, 1.0], "Materials": []}}, {"GD_Anemone_Plot_Mission020.Meshes.Props.Brain": {"Rename": "Side Object 3", "Tags": ["Side Object 3"], "Metadata": "", "Location": [6334.80615234375, 3862.44091796875, 11774.19140625], "Rotation": [0, -11000, 0], "Scale": 2.0, "Scale3D": [1.0, 1.0, 1.0], "Materials": []}}, {"GD_Anemone_Plot_Mission020.Meshes.Props.Brain": {"Rename": "Side Object 4", "Tags": ["Side Object 4"], "Metadata": "", "Location": [7209.1181640625, 5684.8330078125, 1617.0], "Rotation": [0, 32800, 0], "Scale": 20.0, "Scale3D": [1.0, 1.0, 1.0], "Materials": []}}, {"prop_vehicles_02.Materials.WreckedVan": {"Rename": "", "Tags": [], "Metadata": "", "Location": [1387.06201171875, 7244.44580078125, 10588.009765625], "Rotation": [0, -16500, 0], "Scale": 1.0, "Scale3D": [1.0, 1.0, 1.0], "Materials": []}}, {"prop_vehicles_02.Materials.WreckedCar01": {"Rename": "", "Tags": [], "Metadata": "", "Location": [1377.9310302734375, 7637.55419921875, 10670.6171875], "Rotation": [5500, -16400, 0], "Scale": 1.0, "Scale3D": [1.0, 1.0, 1.0], "Materials": ["prop_vehicles_02.Materials.Mati_WreckedCar01"]}}, {"prop_vehicles_02.Materials.WreckedVan": {"Rename": "", "Tags": [], "Metadata": "", "Location": [1400.927978515625, 7258.97412109375, 10817.15234375], "Rotation": [3200, 16400, 0], "Scale": 1.0, "Scale3D": [1.0, 1.0, 1.0], "Materials": ["Env_Fridge.Materials.Mati_WreckedVanTeal"]}}, {"prop_vehicles_02.Materials.WreckedCar01": {"Rename": "", "Tags": [], "Metadata": "", "Location": [1404.2750244140625, 7649.0849609375, 10790.6708984375], "Rotation": [4600, -31000, -5500], "Scale": 1.0, "Scale3D": [1.0, 1.0, 1.0], "Materials": ["Env_Fridge.Materials.Mati_WreckedCar01Yellow"]}}, {"Prop_Icicles.Mesh.IcicleMultiple": {"Rename": "", "Tags": [], "Metadata": "", "Location": [1446.6180419921875, 7692.38720703125, 11365.384765625], "Rotation": [0, 13600, 0], "Scale": 1.2400000095367432, "Scale3D": [1.0, 1.0, 1.0], "Materials": []}}, {"Prop_Icicles.Mesh.IcicleMultiple": {"Rename": "", "Tags": [], "Metadata": "", "Location": [1441.6180419921875, 7126.38720703125, 11365.384765625], "Rotation": [0, -8700, 0], "Scale": 1.2400000095367432, "Scale3D": [1.0, 1.0, 0.6000000238418579], "Materials": []}}, {"Prop_Icicles.Mesh.IcicleSingleLong": {"Rename": "", "Tags": [], "Metadata": "", "Location": [1412.8360595703125, 7327.2978515625, 11420.8330078125], "Rotation": [0, 13100, 0], "Scale": 0.9100000262260437, "Scale3D": [2.0199999809265137, 1.0, 1.0], "Materials": []}}, {"Prop_Icicles.Mesh.IcicleSingleLong": {"Rename": "", "Tags": [], "Metadata": "", "Location": [1425.8360595703125, 7430.2978515625, 11410.8330078125], "Rotation": [0, 2800, 0], "Scale": 1.3200000524520874, "Scale3D": [1.0, 1.0, 0.6700000166893005], "Materials": []}}, {"Prop_Walkways.Meshes.CatWalkSingle_02_x2": {"Rename": "", "Tags": [], "Metadata": "", "Location": [1760.5980224609375, 6570.4189453125, 10897.7275390625], "Rotation": [0, -8200, 16400], "Scale": 1.399999976158142, "Scale3D": [2.0, 2.0, 2.0], "Materials": []}}, {"Prop_LynchWood.Mesh.LynchWoodTechWallDoor": {"Rename": "", "Tags": [], "Metadata": "", "Location": [6156.32421875, 8621.92578125, 11286.0703125], "Rotation": [0, -4000, 0], "Scale": 0.30000001192092896, "Scale3D": [7.5, 6.800000190734863, 4.599999904632568], "Materials": []}}, {"Prop_Fences.Meshes.ChainLinkFenceLocked": {"Rename": "", "Tags": [], "Metadata": "", "Location": [8419.501953125, 5658.72607421875, 11141.333984375], "Rotation": [0, 16400, 5000], "Scale": 4.599999904632568, "Scale3D": [1.2999999523162842, 1.0, 1.0], "Materials": []}}], "InteractiveObjectDefinition": [{"GD_Balance_Treasure.ChestGrades.ObjectGrade_DahlEpic": {"Rename": "", "Tags": [], "Metadata": "", "Location": [5918.8232421875, 8378.154296875, 11253.0712890625], "Rotation": [0, -20000, 0], "Scale": 1.0, "Scale3D": [1.0, 1.0, 1.0], "Materials": ["Fridge_P.TheWorld:PersistentLevel.WillowInteractiveObject_231.SkeletalMeshComponent_557.MaterialInstanceConstant_740"]}}, {"GD_Balance_Treasure.ChestGrades.ObjectGrade_DahlEpic": {"Rename": "", "Tags": [], "Metadata": "", "Location": [2743.910888671875, 4228.01611328125, 10173.150390625], "Rotation": [0, 0, -1300], "Scale": 1.0, "Scale3D": [1.0, 1.0, 1.0], "Materials": ["Fridge_P.TheWorld:PersistentLevel.WillowInteractiveObject_232.SkeletalMeshComponent_558.MaterialInstanceConstant_741"]}}, {"GD_Balance_Treasure.ChestGrades.ObjectGrade_DahlEpic": {"Rename": "", "Tags": [], "Metadata": "", "Location": [5617.05419921875, 7021.68798828125, 10175.4892578125], "Rotation": [0, -15200, 1700], "Scale": 1.0, "Scale3D": [1.0, 1.0, 1.0], "Materials": ["Fridge_P.TheWorld:PersistentLevel.WillowInteractiveObject_233.SkeletalMeshComponent_559.MaterialInstanceConstant_742"]}}, {"GD_Balance_Treasure.ChestGrades.ObjectGrade_DahlEpic": {"Rename": "", "Tags": [], "Metadata": "", "Location": [3687.083984375, 7969.80712890625, 10178.78515625], "Rotation": [-2700, -29600, 800], "Scale": 1.0, "Scale3D": [1.0, 1.0, 1.0], "Materials": ["Fridge_P.TheWorld:PersistentLevel.WillowInteractiveObject_234.SkeletalMeshComponent_560.MaterialInstanceConstant_743"]}}, {"GD_Balance_Treasure.ChestGrades.ObjectGrade_DahlEpic": {"Rename": "", "Tags": [], "Metadata": "", "Location": [2958.193115234375, 4389.7919921875, 12009.0], "Rotation": [0, -3000, 0], "Scale": 1.0, "Scale3D": [1.0, 1.0, 1.0], "Materials": ["Fridge_P.TheWorld:PersistentLevel.WillowInteractiveObject_235.SkeletalMeshComponent_561.MaterialInstanceConstant_744"]}}]}}}