{"grass_lynchwood_p": {"Create": {"StaticMesh": [{"GD_Anemone_Side_Sirentology.Meshes.TinyTina_Bomb": {"Rename": "Side Object 1", "Tags": ["Side Object 1"], "Metadata": "", "Location": [-12895.8408203125, -26790.814453125, -167.0], "Rotation": [0, -7000, 0], "Scale": 1.0, "Scale3D": [1.0, 1.0, 1.0], "Materials": []}}, {"GD_Anemone_Side_Sirentology.Meshes.TinyTina_Bomb": {"Rename": "Side Object 2", "Tags": ["Side Object 2"], "Metadata": "", "Location": [-6735.72119140625, -34520.82421875, 253.7239990234375], "Rotation": [0, -34000, 0], "Scale": 1.0, "Scale3D": [1.0, 1.0, 1.0], "Materials": []}}, {"GD_Anemone_Side_Sirentology.Meshes.TinyTina_Bomb": {"Rename": "Side Object 3", "Tags": ["Side Object 3"], "Metadata": "", "Location": [-13975.2939453125, -30635.98828125, 155.35299682617188], "Rotation": [0, -54700, 0], "Scale": 1.0, "Scale3D": [1.0, 1.0, 1.0], "Materials": []}}, {"GD_Anemone_Side_Sirentology.Meshes.TinyTina_Bomb": {"Rename": "Side Object 4", "Tags": ["Side Object 4"], "Metadata": "", "Location": [-8539.33984375, -29397.12109375, -10137.609375], "Rotation": [0, -14600, 0], "Scale": 7.0, "Scale3D": [1.0, 1.0, 1.0], "Materials": []}}, {"Prop_Carnival.BurlesqueStage": {"Rename": "", "Tags": [], "Metadata": "", "Location": [-7524.93212890625, -26292.2421875, 15.118000030517578], "Rotation": [0, -700, -16400], "Scale": 4.260000228881836, "Scale3D": [0.5, 0.5, 0.5], "Materials": []}}, {"Prop_Carnival.BurlesqueStage": {"Rename": "", "Tags": [], "Metadata": "", "Location": [-9806.931640625, -25857.2421875, 15.118000030517578], "Rotation": [0, -1600, -16400], "Scale": 4.260000228881836, "Scale3D": [0.5, 0.5, 0.5], "Materials": []}}, {"Prop_Carnival.BurlesqueStage": {"Rename": "", "Tags": [], "Metadata": "", "Location": [-11755.931640625, -25272.2421875, 15.118000030517578], "Rotation": [0, -4500, -16400], "Scale": 4.260000228881836, "Scale3D": [0.5, 0.5, 0.5], "Materials": []}}, {"Prop_Carnival.BurlesqueStage": {"Rename": "", "Tags": [], "Metadata": "", "Location": [-13749.931640625, -25321.2421875, 15.118000030517578], "Rotation": [0, 5000, -16400], "Scale": 4.260000228881836, "Scale3D": [0.5, 0.5, 0.5], "Materials": []}}], "InteractiveObjectDefinition": [{"GD_Balance_Treasure.ChestGrades.ObjectGrade_BanditChest": {"Rename": "", "Tags": [], "Metadata": "", "Location": [-12185.44140625, -27380.05078125, -153.87600708007812], "Rotation": [0, -40700, 0], "Scale": 1.0, "Scale3D": [1.0, 1.0, 1.0], "Materials": ["Grass_Lynchwood_P.TheWorld:PersistentLevel.WillowInteractiveObject_619.SkeletalMeshComponent_1635.MaterialInstanceConstant_1879"]}}, {"GD_Balance_Treasure.ChestGrades.ObjectGrade_BanditChest": {"Rename": "", "Tags": [], "Metadata": "", "Location": [-11409.302734375, -29228.16796875, -133.4080047607422], "Rotation": [0, -44800, 0], "Scale": 1.0, "Scale3D": [1.0, 1.0, 1.0], "Materials": ["Grass_Lynchwood_P.TheWorld:PersistentLevel.WillowInteractiveObject_620.SkeletalMeshComponent_1636.MaterialInstanceConstant_1880"]}}, {"GD_Balance_Treasure.ChestGrades.ObjectGrade_BanditChest": {"Rename": "", "Tags": [], "Metadata": "", "Location": [-9303.1015625, -27395.953125, -139.427001953125], "Rotation": [0, -25400, 0], "Scale": 1.0, "Scale3D": [1.0, 1.0, 1.0], "Materials": ["Grass_Lynchwood_P.TheWorld:PersistentLevel.WillowInteractiveObject_621.SkeletalMeshComponent_1637.MaterialInstanceConstant_1881"]}}, {"GD_Balance_Treasure.ChestGrades.ObjectGrade_BanditChest": {"Rename": "", "Tags": [], "Metadata": "", "Location": [-6637.7041015625, -33403.1953125, -106.18199920654297], "Rotation": [0, -8400, 0], "Scale": 1.0, "Scale3D": [1.0, 1.0, 1.0], "Materials": ["Grass_Lynchwood_P.TheWorld:PersistentLevel.WillowInteractiveObject_622.SkeletalMeshComponent_1638.MaterialInstanceConstant_1882"]}}, {"GD_Balance_Treasure.ChestGrades.ObjectGrade_BanditChest": {"Rename": "", "Tags": [], "Metadata": "", "Location": [-10737.4892578125, -32015.46484375, -7.36899995803833], "Rotation": [-1400, 14700, 1500], "Scale": 1.0, "Scale3D": [1.0, 1.0, 1.0], "Materials": ["Grass_Lynchwood_P.TheWorld:PersistentLevel.WillowInteractiveObject_623.SkeletalMeshComponent_1639.MaterialInstanceConstant_1883"]}}]}}}