{"icecanyon_p": {"Create": {"StaticMesh": [{"Prop_Details.Meshes.Banjo": {"Rename": "Side Object 1", "Tags": ["Side Object 1"], "Metadata": "", "Location": [-3909.802978515625, 16353.55859375, 1322.73095703125], "Rotation": [0, 20000, 5000], "Scale": 1.0, "Scale3D": [1.0, 1.0, 1.0], "Materials": []}}, {"Prop_Details.Meshes.Banjo": {"Rename": "Side Object 2", "Tags": ["Side Object 2"], "Metadata": "", "Location": [-2184.77099609375, 14405.0, 2433.0], "Rotation": [0, 19000, 5000], "Scale": 1.0, "Scale3D": [1.0, 1.0, 1.0], "Materials": []}}, {"Prop_Details.Meshes.Banjo": {"Rename": "Side Object 3", "Tags": ["Side Object 3"], "Metadata": "", "Location": [-5505.5390625, 9449.48828125, 2303.445068359375], "Rotation": [4400, -19200, 16800], "Scale": 1.0, "Scale3D": [1.0, 1.0, 1.0], "Materials": []}}, {"Prop_Details.Meshes.Banjo": {"Rename": "Side Object 4", "Tags": ["Side Object 4"], "Metadata": "", "Location": [-4622.91015625, 11250.3173828125, -7803.0], "Rotation": [0, -13500, 0], "Scale": 5.0, "Scale3D": [1.0, 1.0, 1.0], "Materials": []}}, {"Prop_Walkways.CatwalkDouble": {"Rename": "", "Tags": [], "Metadata": "", "Location": [-2291.14501953125, 18488.673828125, 1429.22998046875], "Rotation": [0, -3700, -16400], "Scale": 2.380000114440918, "Scale3D": [1.0, 1.0, 1.0], "Materials": []}}, {"Prop_Walkways.CatwalkDouble": {"Rename": "", "Tags": [], "Metadata": "", "Location": [-3666.18896484375, 9650.576171875, 2351.251953125], "Rotation": [0, 7900, 16400], "Scale": 2.0, "Scale3D": [1.0, 1.0, 1.0], "Materials": []}}, {"Prop_Walkways.CatwalkDouble": {"Rename": "", "Tags": [], "Metadata": "", "Location": [-2966.18896484375, 10388.576171875, 2351.251953125], "Rotation": [0, 10000, 16400], "Scale": 2.0, "Scale3D": [1.0, 1.0, 1.0], "Materials": []}}, {"Prop_Walkways.CatwalkDouble": {"Rename": "", "Tags": [], "Metadata": "", "Location": [-2414.18896484375, 11246.576171875, 2351.251953125], "Rotation": [0, 11700, 16400], "Scale": 2.0, "Scale3D": [1.0, 1.0, 1.0], "Materials": []}}, {"Prop_Walkways.CatwalkDouble": {"Rename": "", "Tags": [], "Metadata": "", "Location": [-1999.18896484375, 12184.576171875, 2351.251953125], "Rotation": [0, 13100, 16400], "Scale": 2.0, "Scale3D": [1.0, 1.0, 1.0], "Materials": []}}, {"Prop_Walkways.CatwalkDouble": {"Rename": "", "Tags": [], "Metadata": "", "Location": [-6136.31396484375, 10802.013671875, 2445.202880859375], "Rotation": [0, -20400, 16400], "Scale": 2.0, "Scale3D": [1.0, 1.0, 1.0], "Materials": []}}, {"Prop_Walkways.CatwalkDouble": {"Rename": "", "Tags": [], "Metadata": "", "Location": [-5753.31396484375, 11751.013671875, 2445.202880859375], "Rotation": [0, -20400, 16400], "Scale": 2.0, "Scale3D": [1.0, 1.0, 1.0], "Materials": []}}, {"Prop_Walkways.CatwalkDouble": {"Rename": "", "Tags": [], "Metadata": "", "Location": [-5753.31396484375, 11751.013671875, 1938.2030029296875], "Rotation": [0, -20400, 16400], "Scale": 2.0, "Scale3D": [1.0, 1.0, 1.0], "Materials": []}}, {"Prop_Walkways.CatwalkDouble": {"Rename": "", "Tags": [], "Metadata": "", "Location": [-5367.31396484375, 12700.013671875, 2445.202880859375], "Rotation": [0, -20400, 16400], "Scale": 2.0, "Scale3D": [1.0, 1.0, 1.0], "Materials": []}}, {"Prop_Walkways.CatwalkDouble": {"Rename": "", "Tags": [], "Metadata": "", "Location": [-5367.31396484375, 12700.013671875, 1939.2030029296875], "Rotation": [0, -20400, 16400], "Scale": 2.0, "Scale3D": [1.0, 1.0, 1.0], "Materials": []}}, {"Prop_Walkways.CatwalkDouble": {"Rename": "", "Tags": [], "Metadata": "", "Location": [-4981.31396484375, 13648.013671875, 2445.202880859375], "Rotation": [0, -20400, 16400], "Scale": 2.0, "Scale3D": [1.0, 1.0, 1.0], "Materials": []}}], "InteractiveObjectDefinition": [{"GD_Balance_Treasure.ChestGrades.ObjectGrade_TreasureChest": {"Rename": "", "Tags": [], "Metadata": "", "Location": [-1800.4630126953125, 17286.154296875, 1337.376953125], "Rotation": [0, 1600, 0], "Scale": 1.0, "Scale3D": [1.0, 1.0, 1.0], "Materials": ["icecanyon_p.TheWorld:PersistentLevel.WillowInteractiveObject_805.SkeletalMeshComponent_2246.MaterialInstanceConstant_2560"]}}, {"GD_Balance_Treasure.ChestGrades.ObjectGrade_TreasureChest": {"Rename": "", "Tags": [], "Metadata": "", "Location": [-3092.950927734375, 14108.8115234375, 1335.541015625], "Rotation": [0, -1200, 0], "Scale": 1.0, "Scale3D": [1.0, 1.0, 1.0], "Materials": ["icecanyon_p.TheWorld:PersistentLevel.WillowInteractiveObject_806.SkeletalMeshComponent_2247.MaterialInstanceConstant_2561"]}}, {"GD_Balance_Treasure.ChestGrades.ObjectGrade_TreasureChest": {"Rename": "", "Tags": [], "Metadata": "", "Location": [-3509.7080078125, 15177.09765625, 2186.718017578125], "Rotation": [0, 25900, 0], "Scale": 1.0, "Scale3D": [1.0, 1.0, 1.0], "Materials": ["icecanyon_p.TheWorld:PersistentLevel.WillowInteractiveObject_807.SkeletalMeshComponent_2248.MaterialInstanceConstant_2562"]}}, {"GD_Balance_Treasure.ChestGrades.ObjectGrade_TreasureChest": {"Rename": "", "Tags": [], "Metadata": "", "Location": [-6066.3701171875, 10587.072265625, 2191.22900390625], "Rotation": [0, -18400, 0], "Scale": 1.0, "Scale3D": [1.0, 1.0, 1.0], "Materials": ["icecanyon_p.TheWorld:PersistentLevel.WillowInteractiveObject_808.SkeletalMeshComponent_2249.MaterialInstanceConstant_2563"]}}]}}}