{"stockade_p": {"Create": {"StaticMesh": [{"FX_GOR_Mesh.Meshes.Props.SkullSingle": {"Rename": "Side Object 1", "Tags": ["Side Object 1"], "Metadata": "", "Location": [-6787.5830078125, 25084.0, 963.0], "Rotation": [-6000, -16000, 0], "Scale": 2.0, "Scale3D": [1.0, 1.0, 1.0], "Materials": []}}, {"FX_GOR_Mesh.Meshes.Props.SkullSingle": {"Rename": "Side Object 2", "Tags": ["Side Object 2"], "Metadata": "", "Location": [-10224.16796875, 26940.263671875, 180.71499633789062], "Rotation": [0, -29000, 7000], "Scale": 2.0, "Scale3D": [1.0, 1.0, 1.0], "Materials": []}}, {"FX_GOR_Mesh.Meshes.Props.SkullSingle": {"Rename": "Side Object 3", "Tags": ["Side Object 3"], "Metadata": "", "Location": [-6491.93115234375, 27542.154296875, 130.04299926757812], "Rotation": [-14800, 22700, -100], "Scale": 2.0, "Scale3D": [1.0, 1.0, 1.0], "Materials": []}}, {"FX_GOR_Mesh.Meshes.Props.SkullSingle": {"Rename": "Side Object 4", "Tags": ["Side Object 4"], "Metadata": "", "Location": [-7389.97607421875, 26398.38671875, -9618.0], "Rotation": [0, -6600, 0], "Scale": 15.0, "Scale3D": [1.0, 1.0, 1.0], "Materials": []}}, {"Prop_Fences.Meshes.CorrugatedFenceSmall": {"Rename": "", "Tags": [], "Metadata": "", "Location": [-5472.22021484375, 27789.205078125, 389.89599609375], "Rotation": [0, -6900, -600], "Scale": 0.8100000023841858, "Scale3D": [1.0, 1.0, 1.0199999809265137], "Materials": []}}, {"Prop_Rocks_03.Meshes.AridRockCliff_05a": {"Rename": "", "Tags": [], "Metadata": "", "Location": [-10150.3251953125, 28866.916015625, 63.97600173950195], "Rotation": [1400, -27600, 0], "Scale": 1.0, "Scale3D": [1.409999966621399, 1.0, 1.059999942779541], "Materials": []}}, {"Prop_Fences.Meshes.MetalPanelFence": {"Rename": "", "Tags": [], "Metadata": "", "Location": [-9971.1533203125, 24685.509765625, 64.58200073242188], "Rotation": [0, -6000, -1300], "Scale": 1.0, "Scale3D": [1.3300000429153442, 1.0, 1.0], "Materials": []}}, {"Common_Meshes.Blocking.Blocking_Cube": {"Rename": "Invisible Wall 1", "Tags": [], "Metadata": "", "Location": [-11022.314453125, 25421.490234375, 585.5969848632812], "Rotation": [0, -23000, 0], "Scale": 2.0, "Scale3D": [0.009999999776482582, 6.199999809265137, 1.0], "Materials": ["FX_ENV_VOG.Materials.Angel_Echo_INST"]}}, {"Prop_Garbage.Meshes.AutoJunkPile": {"Rename": "", "Tags": [], "Metadata": "", "Location": [-12358.5078125, 25792.115234375, 362.63299560546875], "Rotation": [0, 15100, 0], "Scale": 1.0, "Scale3D": [1.4700000286102295, 1.0, 2.4200000762939453], "Materials": []}}, {"Common_Meshes.Blocking.Blocking_Cube": {"Rename": "Invisible Wall 1", "Tags": [], "Metadata": "", "Location": [-4833.89404296875, 27315.525390625, 214.2790069580078], "Rotation": [0, 25100, 0], "Scale": 5.0, "Scale3D": [2.200000047683716, 0.0010000000474974513, 1.2999999523162842], "Materials": ["FX_ENV_VOG.Materials.Angel_Echo_INST"]}}, {"Common_Meshes.Blocking.Blocking_Cube": {"Rename": "Invisible Wall 2", "Tags": [], "Metadata": "", "Location": [-8422.33984375, 29502.14453125, 1071.6180419921875], "Rotation": [0, 38100, 0], "Scale": 5.0, "Scale3D": [3.5999999046325684, 0.0010000000474974513, 1.2999999523162842], "Materials": ["FX_ENV_VOG.Materials.Angel_Echo_INST"]}}], "InteractiveObjectDefinition": [{"GD_Balance_Treasure.ChestGrades.ObjectGrade_TreasureChest": {"Rename": "", "Tags": [], "Metadata": "", "Location": [-8836.05859375, 28839.017578125, 925.0], "Rotation": [0, 21000, 0], "Scale": 1.0, "Scale3D": [1.0, 1.0, 1.0], "Materials": ["Stockade_P.TheWorld:PersistentLevel.WillowInteractiveObject_215.SkeletalMeshComponent_1032.MaterialInstanceConstant_857"]}}, {"GD_Balance_Treasure.ChestGrades.ObjectGrade_TreasureChest": {"Rename": "", "Tags": [], "Metadata": "", "Location": [-9907.9501953125, 24803.0390625, 194.09100341796875], "Rotation": [0, -7000, 0], "Scale": 1.0, "Scale3D": [1.0, 1.0, 1.0], "Materials": ["Stockade_P.TheWorld:PersistentLevel.WillowInteractiveObject_216.SkeletalMeshComponent_1033.MaterialInstanceConstant_858"]}}, {"GD_Balance_Treasure.ChestGrades.ObjectGrade_TreasureChest": {"Rename": "", "Tags": [], "Metadata": "", "Location": [-7023.26513671875, 25605.974609375, 194.5850067138672], "Rotation": [-300, 1000, 0], "Scale": 1.0, "Scale3D": [1.0, 1.0, 1.0], "Materials": ["Stockade_P.TheWorld:PersistentLevel.WillowInteractiveObject_217.SkeletalMeshComponent_1034.MaterialInstanceConstant_859"]}}, {"GD_Balance_Treasure.ChestGrades.ObjectGrade_TreasureChest": {"Rename": "", "Tags": [], "Metadata": "", "Location": [-5846.68310546875, 27907.404296875, 139.0], "Rotation": [-1000, 25000, 200], "Scale": 1.0, "Scale3D": [1.0, 1.0, 1.0], "Materials": ["Stockade_P.TheWorld:PersistentLevel.WillowInteractiveObject_218.SkeletalMeshComponent_1035.MaterialInstanceConstant_860"]}}]}}}