{"dam_p": {"Create": {"StaticMesh": [{"Prop_Tanks.HydrogenTank": {"Rename": "", "Tags": [], "Metadata": "", "Location": [-3883.927001953125, 8771.6630859375, -1026.612060546875], "Rotation": [0, 14800, 0], "Scale": 1.4700000286102295, "Scale3D": [0.5, 0.5, 0.5], "Materials": []}}, {"Prop_LynchWood.Mesh.LynchWood4Panel": {"Rename": "", "Tags": [], "Metadata": "", "Location": [3787.6220703125, 5657.212890625, -168.86199951171875], "Rotation": [0, 10000, 0], "Scale": 1.0, "Scale3D": [0.9399999976158142, 3.0999999046325684, 1.399999976158142], "Materials": []}}, {"Prop_Supports.RackBanditStrutSupport": {"Rename": "", "Tags": [], "Metadata": "", "Location": [3582.452880859375, 5789.0439453125, -164.19000244140625], "Rotation": [0, -6000, 0], "Scale": 1.1699999570846558, "Scale3D": [1.2999999523162842, 1.0, 1.0], "Materials": []}}, {"Prop_Supports.RackBanditStrutSupport": {"Rename": "", "Tags": [], "Metadata": "", "Location": [3858.452880859375, 6203.0439453125, -164.19000244140625], "Rotation": [0, -6200, 0], "Scale": 1.1699999570846558, "Scale3D": [2.0899999141693115, 1.0, 1.0], "Materials": []}}, {"Prop_Furniture.RedCarpet": {"Rename": "", "Tags": [], "Metadata": "", "Location": [3680.64697265625, 6026.744140625, -161.10000610351562], "Rotation": [0, 8400, 0], "Scale": 0.3100000023841858, "Scale3D": [2.180000066757202, 3.7899999618530273, 1.5], "Materials": ["Prop_Furniture.Materials.Mati_CarpetBrown"]}}, {"prop_signs.ArrowSign": {"Rename": "", "Tags": [], "Metadata": "", "Location": [3491.97998046875, 6329.06396484375, 292.51800537109375], "Rotation": [-8700, -23200, 0], "Scale": 1.3700000047683716, "Scale3D": [0.25, 0.25, 0.25], "Materials": []}}, {"Prop_Crate.Meshes.BanditCrate01": {"Rename": "", "Tags": [], "Metadata": "", "Location": [-2815.8779296875, 7440.5859375, -1411.68603515625], "Rotation": [0, 17300, 1000], "Scale": 0.8199999928474426, "Scale3D": [1.0, 1.0, 1.0], "Materials": []}}, {"Prop_Crate.Meshes.BanditCrate01": {"Rename": "", "Tags": [], "Metadata": "", "Location": [-2815.8779296875, 7438.5859375, -1240.68603515625], "Rotation": [-16400, 17300, 1000], "Scale": 0.8199999928474426, "Scale3D": [1.0, 1.0, 1.0], "Materials": []}}, {"Prop_Crate.Meshes.BanditCrate01": {"Rename": "", "Tags": [], "Metadata": "", "Location": [-2796.8779296875, 7352.5859375, -1339.0], "Rotation": [6600, 18700, 1000], "Scale": 0.8199999928474426, "Scale3D": [1.409999966621399, 1.0, 1.0], "Materials": []}}, {"Prop_Electronics.Television": {"Rename": "Side Object 1", "Tags": ["Side Object 1"], "Metadata": "", "Location": [-734.0590209960938, 7001.51611328125, -1290.0], "Rotation": [0, 31000, 0], "Scale": 1.0, "Scale3D": [1.0, 1.0, 1.0], "Materials": []}}, {"Prop_Electronics.Television": {"Rename": "Side Object 2", "Tags": ["Side Object 2"], "Metadata": "", "Location": [-1772.375, 7613.34521484375, -528.4840087890625], "Rotation": [800, 37200, 0], "Scale": 1.0, "Scale3D": [1.0, 1.0, 1.0], "Materials": []}}, {"Prop_Electronics.Television": {"Rename": "Side Object 3", "Tags": ["Side Object 3"], "Metadata": "", "Location": [4109.63623046875, 6394.005859375, -54.0], "Rotation": [0, -14000, 0], "Scale": 1.0, "Scale3D": [1.0, 1.0, 1.0], "Materials": []}}, {"Prop_Electronics.Television": {"Rename": "Side Object 4", "Tags": ["Side Object 4"], "Metadata": "", "Location": [2714.81689453125, 6660.98876953125, -10157.0], "Rotation": [0, -25000, 0], "Scale": 3.0, "Scale3D": [1.0, 1.0, 1.0], "Materials": []}}], "InteractiveObjectDefinition": [{"GD_Balance_Treasure.ChestGrades.ObjectGrade_DahlEpic": {"Rename": "", "Tags": [], "Metadata": "", "Location": [325.82000732421875, 8387.060546875, -1401.9129638671875], "Rotation": [2100, 5700, 0], "Scale": 1.0, "Scale3D": [1.0, 1.0, 1.0], "Materials": ["dam_p.TheWorld:PersistentLevel.WillowInteractiveObject_255.SkeletalMeshComponent_758.MaterialInstanceConstant_861"]}}, {"GD_Balance_Treasure.ChestGrades.ObjectGrade_DahlEpic": {"Rename": "", "Tags": [], "Metadata": "", "Location": [-1775.302978515625, 7104.4599609375, -1426.3470458984375], "Rotation": [0, 15700, 0], "Scale": 1.0, "Scale3D": [1.0, 1.0, 1.0], "Materials": ["dam_p.TheWorld:PersistentLevel.WillowInteractiveObject_256.SkeletalMeshComponent_759.MaterialInstanceConstant_862"]}}, {"GD_Balance_Treasure.ChestGrades.ObjectGrade_DahlEpic": {"Rename": "", "Tags": [], "Metadata": "", "Location": [-1243.0870361328125, 6129.06103515625, -153.8459930419922], "Rotation": [0, 11100, 0], "Scale": 1.0, "Scale3D": [1.0, 1.0, 1.0], "Materials": ["dam_p.TheWorld:PersistentLevel.WillowInteractiveObject_257.SkeletalMeshComponent_760.MaterialInstanceConstant_863"]}}, {"GD_Balance_Treasure.ChestGrades.ObjectGrade_DahlEpic": {"Rename": "", "Tags": [], "Metadata": "", "Location": [-370.135986328125, 9847.22265625, -459.0589904785156], "Rotation": [0, 26400, 0], "Scale": 1.0, "Scale3D": [1.0, 1.0, 1.0], "Materials": ["dam_p.TheWorld:PersistentLevel.WillowInteractiveObject_258.SkeletalMeshComponent_761.MaterialInstanceConstant_864"]}}, {"GD_Balance_Treasure.ChestGrades.ObjectGrade_DahlEpic": {"Rename": "", "Tags": [], "Metadata": "", "Location": [3674.990966796875, 6048.23583984375, -161.26300048828125], "Rotation": [0, 26300, 0], "Scale": 1.0, "Scale3D": [1.0, 1.0, 1.0], "Materials": ["dam_p.TheWorld:PersistentLevel.WillowInteractiveObject_260.SkeletalMeshComponent_762.MaterialInstanceConstant_865"]}}]}}}