{"craterlake_p": {"Create": {"StaticMesh": [{"Prop_Walkways.CatwalkCorner": {"Rename": "", "Tags": [], "Metadata": "", "Location": [17107.33984375, 19072.958984375, 2172.448974609375], "Rotation": [9000, 1100, 16800], "Scale": 2.940000057220459, "Scale3D": [2.1600000858306885, 2.130000114440918, 0.5799999833106995], "Materials": []}}, {"prop_gates.Meshes.CorrugatedGateNakedLrg": {"Rename": "", "Tags": [], "Metadata": "", "Location": [19035.83203125, 25929.041015625, 1660.1309814453125], "Rotation": [0, 0, 0], "Scale": 1.7000000476837158, "Scale3D": [1.0, 1.0, 0.8500000238418579], "Materials": []}}, {"prop_gates.Meshes.CorrugatedGateNakedLrg": {"Rename": "", "Tags": [], "Metadata": "", "Location": [23237.359375, 25748.615234375, 1282.0059814453125], "Rotation": [0, -16100, 0], "Scale": 1.1200000047683716, "Scale3D": [1.0, 1.0, 0.8500000238418579], "Materials": []}}, {"prop_gates.Meshes.CorrugatedGateNakedLrg": {"Rename": "", "Tags": [], "Metadata": "", "Location": [22580.359375, 27043.615234375, 1282.0059814453125], "Rotation": [0, -6800, 0], "Scale": 1.1200000047683716, "Scale3D": [1.0, 1.0, 0.8500000238418579], "Materials": []}}, {"prop_gates.Meshes.CorrugatedGateNakedLrg": {"Rename": "", "Tags": [], "Metadata": "", "Location": [21148.359375, 27461.615234375, 1282.0059814453125], "Rotation": [0, 900, 0], "Scale": 1.1200000047683716, "Scale3D": [1.0, 1.0, 0.8500000238418579], "Materials": []}}, {"prop_gates.Meshes.CorrugatedGateNakedLrg": {"Rename": "", "Tags": [], "Metadata": "", "Location": [21277.359375, 26659.615234375, 1282.0059814453125], "Rotation": [0, 16500, 0], "Scale": 1.1200000047683716, "Scale3D": [1.0, 1.0, 0.8500000238418579], "Materials": []}}, {"prop_gates.Meshes.CorrugatedGateNakedLrg": {"Rename": "", "Tags": [], "Metadata": "", "Location": [22430.359375, 24633.615234375, 1299.0059814453125], "Rotation": [0, -25700, 0], "Scale": 1.0099999904632568, "Scale3D": [0.6000000238418579, 1.0, 1.2899999618530273], "Materials": []}}, {"Prop_Panels.DiamondPlate": {"Rename": "", "Tags": [], "Metadata": "", "Location": [20218.056640625, 25897.150390625, 1654.595947265625], "Rotation": [0, 0, 16400], "Scale": 0.30000001192092896, "Scale3D": [1.2300000190734863, 2.950000047683716, 2.0], "Materials": []}}, {"Prop_Panels.DiamondPlate": {"Rename": "", "Tags": [], "Metadata": "", "Location": [20344.056640625, 25898.150390625, 1826.595947265625], "Rotation": [0, -16400, 16400], "Scale": 0.30000001192092896, "Scale3D": [2.5299999713897705, 2.299999952316284, 1.9002000093460083], "Materials": []}}, {"Prop_Barrels.Meshes.MetalBarrel": {"Rename": "", "Tags": [], "Metadata": "", "Location": [22010.810546875, 26298.611328125, 1243.001953125], "Rotation": [16400, -15900, 0], "Scale": 1.3600000143051147, "Scale3D": [1.0, 1.0, 0.3100000023841858], "Materials": []}}, {"Prop_Crate.Meshes.AmmoCrate": {"Rename": "", "Tags": [], "Metadata": "", "Location": [22386.8828125, 25519.373046875, 1004.2579956054688], "Rotation": [0, -8200, 0], "Scale": 1.440000057220459, "Scale3D": [0.8500000238418579, 0.8500000238418579, 0.8500000238418579], "Materials": []}}, {"Prop_Crate.Meshes.AmmoCrate": {"Rename": "", "Tags": [], "Metadata": "", "Location": [22383.8828125, 25519.373046875, 1153.0], "Rotation": [0, -6100, 0], "Scale": 1.4900000095367432, "Scale3D": [0.8500000238418579, 0.8500000238418579, 0.8500000238418579], "Materials": []}}, {"GD_Anemone_Side_HypoOathPart1.Meshes.SM_MedicalBottle_Antidote": {"Rename": "Side Object 1", "Tags": ["Side Object 1"], "Metadata": "", "Location": [19119.736328125, 20918.30078125, 1186.7010498046875], "Rotation": [17500, 0, -14500], "Scale": 2.0, "Scale3D": [1.0, 1.0, 1.0], "Materials": []}}, {"Prop_Panels.DiamondPlate": {"Rename": "", "Tags": [], "Metadata": "", "Location": [22659.23046875, 26658.1484375, 3607.93994140625], "Rotation": [16400, -8200, 0], "Scale": 1.0, "Scale3D": [1.0, 1.0, 1.0], "Materials": []}}, {"GD_Anemone_Side_HypoOathPart1.Meshes.SM_MedicalBottle_Antidote": {"Rename": "Side Object 2", "Tags": ["Side Object 2"], "Metadata": "", "Location": [18059.30859375, 25143.919921875, 1050.947998046875], "Rotation": [500, 11400, -700], "Scale": 2.0, "Scale3D": [1.0, 1.0, 1.0], "Materials": []}}, {"GD_Anemone_Side_HypoOathPart1.Meshes.SM_MedicalBottle_Antidote": {"Rename": "Side Object 3", "Tags": ["Side Object 3"], "Metadata": "", "Location": [23648.33984375, 25016.982421875, 1069.06005859375], "Rotation": [17500, -6900, -17600], "Scale": 2.0, "Scale3D": [1.0, 1.0, 1.0], "Materials": []}}, {"GD_Anemone_Side_HypoOathPart1.Meshes.SM_MedicalBottle_Antidote": {"Rename": "Side Object 4", "Tags": ["Side Object 4"], "Metadata": "", "Location": [21594.298828125, 25409.865234375, -8925.0], "Rotation": [18100, 22300, -17600], "Scale": 20.0, "Scale3D": [1.0, 1.0, 1.0], "Materials": []}}], "InteractiveObjectDefinition": [{"GD_Balance_Treasure.ChestGrades.ObjectGrade_TreasureChest": {"Rename": "", "Tags": [], "Metadata": "", "Location": [19266.30078125, 21348.486328125, 983.7739868164062], "Rotation": [400, 8600, 0], "Scale": 1.0, "Scale3D": [1.0, 1.0, 1.0], "Materials": ["CraterLake_P.TheWorld:PersistentLevel.WillowInteractiveObject_1041.SkeletalMeshComponent_3396.MaterialInstanceConstant_4249"]}}, {"GD_Balance_Treasure.ChestGrades.ObjectGrade_TreasureChest": {"Rename": "", "Tags": [], "Metadata": "", "Location": [17178.84765625, 24395.173828125, 1003.7470092773438], "Rotation": [0, -23900, 0], "Scale": 1.0, "Scale3D": [1.0, 1.0, 1.0], "Materials": ["CraterLake_P.TheWorld:PersistentLevel.WillowInteractiveObject_1042.SkeletalMeshComponent_3397.MaterialInstanceConstant_4250"]}}, {"GD_Balance_Treasure.ChestGrades.ObjectGrade_TreasureChest": {"Rename": "", "Tags": [], "Metadata": "", "Location": [19851.65234375, 25005.21484375, 1006.5880126953125], "Rotation": [-600, 3900, 0], "Scale": 1.0, "Scale3D": [1.0, 1.0, 1.0], "Materials": ["CraterLake_P.TheWorld:PersistentLevel.WillowInteractiveObject_1043.SkeletalMeshComponent_3398.MaterialInstanceConstant_4251"]}}, {"GD_Balance_Treasure.ChestGrades.ObjectGrade_TreasureChest": {"Rename": "", "Tags": [], "Metadata": "", "Location": [22592.708984375, 25009.001953125, 990.530029296875], "Rotation": [0, 11500, 0], "Scale": 1.0, "Scale3D": [1.0, 1.0, 1.0], "Materials": ["CraterLake_P.TheWorld:PersistentLevel.WillowInteractiveObject_1044.SkeletalMeshComponent_3399.MaterialInstanceConstant_4252"]}}, {"GD_Balance_Treasure.ChestGrades.ObjectGrade_TreasureChest": {"Rename": "", "Tags": [], "Metadata": "", "Location": [21556.65625, 27220.599609375, 1062.2099609375], "Rotation": [-1200, -21300, 0], "Scale": 1.0, "Scale3D": [1.0, 1.0, 1.0], "Materials": ["CraterLake_P.TheWorld:PersistentLevel.WillowInteractiveObject_1045.SkeletalMeshComponent_3400.MaterialInstanceConstant_4253"]}}]}}}