{"orchid_caves_p": {"Create": {"StaticMesh": [{"Prop_Tools.Meshes.Shovel_Collision": {"Rename": "Side Object 1", "Tags": ["Side Object 1"], "Metadata": "", "Location": [-14583.71875, -346.06494140625, -1931.2850341796875], "Rotation": [3500, 0, 0], "Scale": 2.0, "Scale3D": [1.0, 1.0, 1.0], "Materials": []}}, {"Prop_Tools.Meshes.Shovel_Collision": {"Rename": "Side Object 2", "Tags": ["Side Object 2"], "Metadata": "", "Location": [-12366.708984375, -824.1084594726562, -2075.0], "Rotation": [-2500, 25000, -3000], "Scale": 2.0, "Scale3D": [1.0, 1.0, 1.0], "Materials": []}}, {"Prop_Tools.Meshes.Shovel_Collision": {"Rename": "Side Object 3", "Tags": ["Side Object 3"], "Metadata": "", "Location": [-10835.61328125, 1839.491943359375, -2096.08203125], "Rotation": [0, 6700, -1800], "Scale": 2.0, "Scale3D": [1.0, 1.0, 1.0], "Materials": []}}, {"Prop_Tools.Meshes.Shovel_Collision": {"Rename": "Side Object 4", "Tags": ["Side Object 4"], "Metadata": "", "Location": [-13139.8583984375, 595.0980224609375, -12203.0], "Rotation": [-1600, 8700, -600], "Scale": 7.0, "Scale3D": [1.0, 1.0, 1.0], "Materials": []}}, {"Prop_Fences.Meshes.ChainLinkFenceShortNoWire": {"Rename": "", "Tags": [], "Metadata": "", "Location": [-16616.455078125, 3126.074951171875, -2130.548095703125], "Rotation": [0, 11400, 400], "Scale": 1.0, "Scale3D": [1.0, 1.0, 1.600000023841858], "Materials": []}}, {"Prop_Fences.Meshes.ChainLinkFenceShortNoWire": {"Rename": "", "Tags": [], "Metadata": "", "Location": [-12953.2626953125, -1733.5560302734375, -2276.2919921875], "Rotation": [0, 4000, 0], "Scale": 4.699999809265137, "Scale3D": [1.5, 1.0, 1.0], "Materials": []}}, {"Prop_Fences.Meshes.ChainLinkFenceShortNoWire": {"Rename": "", "Tags": [], "Metadata": "", "Location": [-9579.3486328125, 2899.35400390625, -2286.427978515625], "Rotation": [0, 14500, 0], "Scale": 3.5, "Scale3D": [1.399999976158142, 1.0, 1.0], "Materials": []}}, {"Prop_Boats.Mesh.BoatMast": {"Rename": "", "Tags": [], "Metadata": "", "Location": [-12038.68359375, 1545.93896484375, -3364.123046875], "Rotation": [0, -13900, 0], "Scale": 1.0, "Scale3D": [2.0, 2.0, 2.0], "Materials": []}}, {"Prop_Boats.Mesh.BoatMast": {"Rename": "", "Tags": [], "Metadata": "", "Location": [-12277.68359375, 1133.93896484375, -3183.123046875], "Rotation": [800, -13900, 0], "Scale": 1.0, "Scale3D": [2.0, 2.0, 2.0], "Materials": []}}, {"Orchid_Prop_Caves.Mesh.ShaleColumn": {"Rename": "", "Tags": [], "Metadata": "", "Location": [-13206.91015625, 1853.5699462890625, -2205.83203125], "Rotation": [0, 18800, 0], "Scale": 0.7400000095367432, "Scale3D": [0.5, 0.5, 0.6499999761581421], "Materials": ["None", "None"]}}, {"Orchid_Prop_Caves.Mesh.Tube02": {"Rename": "", "Tags": [], "Metadata": "", "Location": [-13672.3583984375, 1809.5050048828125, -2264.22900390625], "Rotation": [0, 5400, 0], "Scale": 0.46000000834465027, "Scale3D": [3.0, 3.0, 3.0], "Materials": []}}, {"Prop_Crate.Meshes.AmmoCrate": {"Rename": "", "Tags": [], "Metadata": "", "Location": [-13336.0986328125, 1668.22705078125, -1113.4530029296875], "Rotation": [0, 0, 0], "Scale": 1.0, "Scale3D": [0.8999999761581421, 0.8999999761581421, 0.8999999761581421], "Materials": []}}, {"Prop_Crate.Meshes.AmmoCrate": {"Rename": "", "Tags": [], "Metadata": "", "Location": [-13291.0986328125, 1807.22705078125, -1113.4530029296875], "Rotation": [0, -5100, 500], "Scale": 1.0, "Scale3D": [0.8999999761581421, 0.8999999761581421, 0.8999999761581421], "Materials": []}}, {"Prop_Water.Buoy": {"Rename": "", "Tags": [], "Metadata": "", "Location": [-13613.26171875, 1515.156005859375, -1441.01904296875], "Rotation": [16400, 0, 0], "Scale": 1.6100000143051147, "Scale3D": [0.6499999761581421, 0.019999999552965164, 0.019999999552965164], "Materials": []}}, {"Prop_Corpses_02.DeadSettler": {"Rename": "", "Tags": [], "Metadata": "", "Location": [-13612.080078125, 1514.7320556640625, -1727.5780029296875], "Rotation": [0, 21700, 0], "Scale": 1.0, "Scale3D": [1.0, 1.0, 1.0], "Materials": []}}], "InteractiveObjectDefinition": [{"GD_Orchid_TreasureChests.InteractiveObjects.ObjectGrade_PirateChest_Epic": {"Rename": "", "Tags": [], "Metadata": "", "Location": [-15423.408203125, 4484.9658203125, -1493.0], "Rotation": [0, -13302, 0], "Scale": 1.0, "Scale3D": [1.0, 1.0, 1.0], "Materials": ["Orchid_Caves_P.TheWorld:PersistentLevel.WillowInteractiveObject_100.SkeletalMeshComponent_284.MaterialInstanceConstant_306"]}}, {"GD_Orchid_TreasureChests.InteractiveObjects.ObjectGrade_PirateChest_Epic": {"Rename": "", "Tags": [], "Metadata": "", "Location": [-13781.1005859375, -1281.156982421875, -1788.0], "Rotation": [0, 7000, 0], "Scale": 1.0, "Scale3D": [1.0, 1.0, 1.0], "Materials": ["Orchid_Caves_P.TheWorld:PersistentLevel.WillowInteractiveObject_101.SkeletalMeshComponent_285.MaterialInstanceConstant_307"]}}, {"GD_Orchid_TreasureChests.InteractiveObjects.ObjectGrade_PirateChest_Epic": {"Rename": "", "Tags": [], "Metadata": "", "Location": [-14429.9482421875, 2218.222900390625, -2218.54296875], "Rotation": [0, -32000, 0], "Scale": 1.0, "Scale3D": [1.0, 1.0, 1.0], "Materials": ["Orchid_Caves_P.TheWorld:PersistentLevel.WillowInteractiveObject_102.SkeletalMeshComponent_286.MaterialInstanceConstant_308"]}}, {"GD_Orchid_TreasureChests.InteractiveObjects.ObjectGrade_PirateChest_Epic": {"Rename": "", "Tags": [], "Metadata": "", "Location": [-13092.9443359375, 1753.6309814453125, -1122.7960205078125], "Rotation": [900, -21400, 0], "Scale": 1.0, "Scale3D": [1.0, 1.0, 1.0], "Materials": ["Orchid_Caves_P.TheWorld:PersistentLevel.WillowInteractiveObject_103.SkeletalMeshComponent_287.MaterialInstanceConstant_309"]}}, {"GD_Orchid_TreasureChests.InteractiveObjects.ObjectGrade_PirateChest_Epic": {"Rename": "", "Tags": [], "Metadata": "", "Location": [-9999999.0, -9999999.0, -9999999.0], "Rotation": [0, -32000, 0], "Scale": 0.0, "Scale3D": [1.0, 1.0, 1.0], "Materials": ["Orchid_Caves_P.TheWorld:PersistentLevel.WillowInteractiveObject_104.SkeletalMeshComponent_288.MaterialInstanceConstant_310"]}}]}}}