{"iris_dl2_interior_p": {"Create": {"StaticMesh": [{"Prop_LynchWood.Mesh.LynchWoodSepTank": {"Rename": "", "Location": [3897.756103515625, -8878.4892578125, -5702.60498046875], "Rotation": [16400, 0, 0], "Scale": 1.0, "Scale3D": [2.0, 2.0, 0.2199999988079071], "Materials": []}}], "InteractiveObjectDefinition": [{"GD_Balance_Treasure.ChestGrades.ObjectGrade_TreasureChest": {"Rename": "", "Location": [3897.093017578125, -9641.9873046875, -6048.0], "Rotation": [0, 12000, 0], "Scale": 1.0, "Scale3D": [1.0, 1.0, 1.0], "Materials": ["Iris_DL2_Interior_P.TheWorld:PersistentLevel.WillowInteractiveObject_18.SkeletalMeshComponent_406.MaterialInstanceConstant_338"]}}, {"GD_Balance_Treasure.ChestGrades.ObjectGrade_TreasureChest": {"Rename": "", "Location": [3897.093017578125, -8011.98681640625, -6048.0], "Rotation": [0, 32800, 0], "Scale": 1.0, "Scale3D": [1.0, 1.0, 1.0], "Materials": ["Iris_DL2_Interior_P.TheWorld:PersistentLevel.WillowInteractiveObject_20.SkeletalMeshComponent_408.MaterialInstanceConstant_340"]}}, {"GD_Balance_Treasure.ChestGrades.ObjectGrade_TreasureChest": {"Rename": "", "Location": [3597.093017578125, -8331.986328125, -6048.0], "Rotation": [0, 48800, 0], "Scale": 1.0, "Scale3D": [1.0, 1.0, 1.0], "Materials": ["Iris_DL2_Interior_P.TheWorld:PersistentLevel.WillowInteractiveObject_22.SkeletalMeshComponent_410.MaterialInstanceConstant_342"]}}]}}}