{"hyperioncity_p": {"Create": {"StaticMesh": [{"Prop_HyperionArchitecture.Mesh.HyperionFountain": {"Rename": "", "Tags": [], "Metadata": "", "Location": [44668.7578125, 20873.787109375, 430.09100341796875], "Rotation": [0, 0, 0], "Scale": 4.0, "Scale3D": [1.0, 1.0, -0.028999999165534973], "Materials": []}}, {"Prop_HyperionArchitecture.Mesh.HyperionFountain": {"Rename": "", "Tags": [], "Metadata": "", "Location": [44660.7578125, 18373.787109375, 1467.0909423828125], "Rotation": [0, 0, 8200], "Scale": 4.0, "Scale3D": [1.0, 1.0, -0.028999999165534973], "Materials": []}}, {"Prop_HyperionArchitecture.Mesh.HyperionFountain": {"Rename": "", "Tags": [], "Metadata": "", "Location": [42502.7578125, 22118.787109375, 1467.0909423828125], "Rotation": [0, -21800, 8200], "Scale": 4.0, "Scale3D": [1.0, 1.0, -0.028999999165534973], "Materials": []}}, {"Prop_HyperionArchitecture.Mesh.HyperionFountain": {"Rename": "", "Tags": [], "Metadata": "", "Location": [46837.7578125, 22119.787109375, 1467.0909423828125], "Rotation": [0, -43700, 8200], "Scale": 4.0, "Scale3D": [1.0, 1.0, -0.028999999165534973], "Materials": []}}, {"Prop_HyperionArchitecture.Mesh.HyperionFountain": {"Rename": "", "Tags": [], "Metadata": "", "Location": [46857.7578125, 22127.787109375, 3540.091064453125], "Rotation": [0, -43700, -8200], "Scale": 4.0, "Scale3D": [1.0, 1.0, -0.028999999165534973], "Materials": []}}, {"Prop_HyperionArchitecture.Mesh.HyperionFountain": {"Rename": "", "Tags": [], "Metadata": "", "Location": [42488.7578125, 22118.787109375, 3547.091064453125], "Rotation": [0, -21800, -8200], "Scale": 4.0, "Scale3D": [1.0, 1.0, -0.028999999165534973], "Materials": []}}, {"Prop_HyperionArchitecture.Mesh.HyperionFountain": {"Rename": "", "Tags": [], "Metadata": "", "Location": [44657.7578125, 18353.787109375, 3551.091064453125], "Rotation": [0, 0, -8200], "Scale": 4.0, "Scale3D": [1.0, 1.0, -0.028999999165534973], "Materials": []}}, {"Prop_HyperionArchitecture.Mesh.HyperionFountain": {"Rename": "", "Tags": [], "Metadata": "", "Location": [44668.7578125, 20873.787109375, 4559.0908203125], "Rotation": [32800, 0, 0], "Scale": 4.03000020980835, "Scale3D": [1.0, 1.0, -0.028999999165534973], "Materials": []}}, {"Prop_HyperionArchitecture.Mesh.HyperionFountain": {"Rename": "", "Tags": [], "Metadata": "", "Location": [44673.7578125, 22337.787109375, 2529.091064453125], "Rotation": [0, 0, -16400], "Scale": 7.670000076293945, "Scale3D": [1.0, 1.0, -0.028999999165534973], "Materials": []}}, {"Prop_HyperionArchitecture.Mesh.HyperionFountain": {"Rename": "", "Tags": [], "Metadata": "", "Location": [45949.7578125, 20149.787109375, 2529.091064453125], "Rotation": [0, -21900, -16400], "Scale": 7.670000076293945, "Scale3D": [1.0, 1.0, -0.028999999165534973], "Materials": []}}, {"Prop_HyperionArchitecture.Mesh.HyperionFountain": {"Rename": "", "Tags": [], "Metadata": "", "Location": [43407.7578125, 20136.787109375, 2529.091064453125], "Rotation": [0, -43600, -16400], "Scale": 7.670000076293945, "Scale3D": [1.0, 1.0, -0.028999999165534973], "Materials": []}}, {"Prop_HyperionArchitecture.Mesh.HyperionFountain": {"Rename": "", "Tags": [], "Metadata": "", "Location": [44673.7265625, 20873.603515625, 432.48699951171875], "Rotation": [0, 0, 0], "Scale": 1.0, "Scale3D": [1.0, 1.0, 1.0], "Materials": []}}, {"Prop_HyperionArchitecture.Mesh.HyperionWallColumn01": {"Rename": "", "Tags": [], "Metadata": "", "Location": [44093.6171875, 20590.853515625, 336.2619934082031], "Rotation": [0, -10600, 0], "Scale": 1.0, "Scale3D": [1.0, 1.0, 1.0], "Materials": []}}, {"Prop_HyperionArchitecture.Mesh.HyperionFountain": {"Rename": "", "Tags": [], "Metadata": "", "Location": [44073.7265625, 20523.603515625, 682.4869995117188], "Rotation": [0, 0, 0], "Scale": 0.5, "Scale3D": [1.0, 1.0, 1.0], "Materials": []}}, {"Prop_HyperionArchitecture.Mesh.HyperionWallColumn02": {"Rename": "", "Tags": [], "Metadata": "", "Location": [44623.96875, 20879.146484375, 525.8499755859375], "Rotation": [0, 5000, 0], "Scale": 1.0, "Scale3D": [1.0, 1.0, 1.0], "Materials": []}}, {"Prop_HyperionArchitecture.Mesh.HyperionFountain": {"Rename": "", "Tags": [], "Metadata": "", "Location": [44683.7265625, 20873.603515625, 872.4869995117188], "Rotation": [0, 0, 0], "Scale": 0.5, "Scale3D": [1.0, 1.0, 1.0], "Materials": []}}, {"Prop_HyperionArchitecture.Mesh.HyperionFountain": {"Rename": "", "Tags": [], "Metadata": "", "Location": [45293.7265625, 20513.603515625, 1051.487060546875], "Rotation": [0, 0, 0], "Scale": 0.5, "Scale3D": [1.0, 1.0, 1.0], "Materials": []}}, {"Prop_HyperionArchitecture.Mesh.HyperionWallColumn02": {"Rename": "", "Tags": [], "Metadata": "", "Location": [45233.96875, 20499.146484375, 435.8500061035156], "Rotation": [0, 11000, 0], "Scale": 1.0, "Scale3D": [1.0, 1.0, 1.6100000143051147], "Materials": []}}, {"Prop_HyperionArchitecture.Mesh.HyperionWallColumn02": {"Rename": "", "Tags": [], "Metadata": "", "Location": [44623.96875, 20879.146484375, 905.8499755859375], "Rotation": [0, 5000, 0], "Scale": 1.0, "Scale3D": [1.0, 1.0, 1.0], "Materials": []}}, {"Prop_HyperionArchitecture.Mesh.HyperionFountain": {"Rename": "", "Tags": [], "Metadata": "", "Location": [44683.7265625, 20873.603515625, 1241.487060546875], "Rotation": [0, 0, 0], "Scale": 0.5, "Scale3D": [1.0, 1.0, 1.0], "Materials": []}}, {"Prop_HyperionArchitecture.Mesh.HyperionFountain": {"Rename": "", "Tags": [], "Metadata": "", "Location": [44675.7265625, 21589.603515625, 1416.487060546875], "Rotation": [0, 0, 0], "Scale": 0.5, "Scale3D": [1.0, 1.0, 1.0], "Materials": []}}, {"Prop_HyperionArchitecture.Mesh.HyperionWallColumn02": {"Rename": "", "Tags": [], "Metadata": "", "Location": [44627.96875, 21623.146484375, 396.8500061035156], "Rotation": [0, 0, 0], "Scale": 1.0, "Scale3D": [1.0, 1.0, 2.680000066757202], "Materials": []}}, {"Prop_HyperionArchitecture.Mesh.HyperionWallColumn02": {"Rename": "", "Tags": [], "Metadata": "", "Location": [44623.96875, 20879.146484375, 1276.8499755859375], "Rotation": [0, 5000, 0], "Scale": 1.0, "Scale3D": [1.0, 1.0, 1.0], "Materials": []}}, {"Prop_HyperionArchitecture.Mesh.HyperionFountain": {"Rename": "", "Tags": [], "Metadata": "", "Location": [44683.7265625, 20873.603515625, 1611.487060546875], "Rotation": [0, 0, 0], "Scale": 0.5, "Scale3D": [1.0, 1.0, 1.0], "Materials": []}}, {"Prop_HyperionArchitecture.Mesh.HyperionWallColumn02": {"Rename": "", "Tags": [], "Metadata": "", "Location": [44079.98046875, 20582.00390625, 722.6320190429688], "Rotation": [0, -11300, 0], "Scale": 1.0, "Scale3D": [1.0, 1.0, 2.759999990463257], "Materials": []}}, {"Prop_HyperionArchitecture.Mesh.HyperionFountain": {"Rename": "", "Tags": [], "Metadata": "", "Location": [44073.7265625, 20523.603515625, 1780.487060546875], "Rotation": [0, 0, 0], "Scale": 0.5, "Scale3D": [1.0, 1.0, 1.0], "Materials": []}}, {"Prop_HyperionArchitecture.Mesh.HyperionWallColumn02": {"Rename": "", "Tags": [], "Metadata": "", "Location": [44623.96875, 20879.146484375, 1630.8499755859375], "Rotation": [0, 5000, 0], "Scale": 1.0, "Scale3D": [1.0, 1.0, 1.0], "Materials": []}}, {"Prop_HyperionArchitecture.Mesh.HyperionFountain": {"Rename": "", "Tags": [], "Metadata": "", "Location": [44683.7265625, 20873.603515625, 1966.487060546875], "Rotation": [0, 0, 0], "Scale": 0.5, "Scale3D": [1.0, 1.0, 1.0], "Materials": []}}, {"Prop_HyperionArchitecture.Mesh.HyperionWallColumn02": {"Rename": "", "Tags": [], "Metadata": "", "Location": [45233.96875, 20499.146484375, 1078.8499755859375], "Rotation": [0, 11000, 0], "Scale": 1.0, "Scale3D": [1.0, 1.0, 2.740000009536743], "Materials": []}}, {"Prop_HyperionArchitecture.Mesh.HyperionFountain": {"Rename": "", "Tags": [], "Metadata": "", "Location": [45293.7265625, 20513.603515625, 2121.487060546875], "Rotation": [0, 0, 0], "Scale": 0.5, "Scale3D": [1.0, 1.0, 1.0], "Materials": []}}, {"Prop_HyperionArchitecture.Mesh.HyperionWallColumn02": {"Rename": "", "Tags": [], "Metadata": "", "Location": [44623.96875, 20879.146484375, 1978.8499755859375], "Rotation": [0, 5000, 0], "Scale": 1.0, "Scale3D": [1.0, 1.0, 1.0], "Materials": []}}, {"Prop_HyperionArchitecture.Mesh.HyperionFountain": {"Rename": "", "Tags": [], "Metadata": "", "Location": [44683.7265625, 20873.603515625, 2314.487060546875], "Rotation": [0, 0, 0], "Scale": 0.5, "Scale3D": [1.0, 1.0, 1.0], "Materials": []}}, {"Prop_HyperionArchitecture.Mesh.HyperionWallColumn02": {"Rename": "", "Tags": [], "Metadata": "", "Location": [44627.96875, 21623.146484375, 1451.8499755859375], "Rotation": [0, 0, 0], "Scale": 1.0, "Scale3D": [1.0, 1.0, 2.8299999237060547], "Materials": []}}, {"Prop_HyperionArchitecture.Mesh.HyperionFountain": {"Rename": "", "Tags": [], "Metadata": "", "Location": [44675.7265625, 21589.603515625, 2497.487060546875], "Rotation": [0, 0, 0], "Scale": 0.5, "Scale3D": [1.0, 1.0, 1.0], "Materials": []}}, {"Prop_HyperionArchitecture.Mesh.HyperionWallColumn02": {"Rename": "", "Tags": [], "Metadata": "", "Location": [44623.96875, 20879.146484375, 2338.85009765625], "Rotation": [0, 5000, 0], "Scale": 1.0, "Scale3D": [1.0, 1.0, 1.0], "Materials": []}}, {"Prop_HyperionArchitecture.Mesh.HyperionFountain": {"Rename": "", "Tags": [], "Metadata": "", "Location": [44683.7265625, 20873.603515625, 2674.487060546875], "Rotation": [0, 0, 0], "Scale": 0.5, "Scale3D": [1.0, 1.0, 1.0], "Materials": []}}, {"Char_Anem_ButtStallion.Mesh.ButtStallion": {"Rename": "", "Tags": [], "Metadata": "", "Location": [44679.0546875, 20880.123046875, 2724.655029296875], "Rotation": [0, 12000, 0], "Scale": 1.0, "Scale3D": [1.0, 1.0, 1.0], "Materials": []}}]}}}