{"glacial_p": {"Create": {"StaticMesh": [{"Common_Meshes.Blocking.Blocking_Cube": {"Rename": "Floor", "Tags": [], "Metadata": "", "Location": [9805.0029296875, 36881.8671875, 11424.8681640625], "Rotation": [0, 0, 0], "Scale": 15.0, "Scale3D": [1.0, 1.0, 0.009999999776482582], "Materials": ["Prop_Rocks_03.Materials.Mati_AridRock"]}}, {"Common_Meshes.Blocking.Blocking_Cube": {"Rename": "Wall1", "Tags": [], "Metadata": "", "Location": [9815.0029296875, 36881.8671875, 11425.0], "Rotation": [16400, 0, 0], "Scale": 15.0, "Scale3D": [1.0, 1.0, 0.009999999776482582], "Materials": ["Prop_Rocks_03.Materials.Mati_AridRock"]}}, {"Common_Meshes.Blocking.Blocking_Cube": {"Rename": "Wall2", "Tags": [], "Metadata": "", "Location": [9805.0029296875, 37052.8671875, 11424.8681640625], "Rotation": [0, 0, -16400], "Scale": 15.0, "Scale3D": [1.0, 1.0, 0.009999999776482582], "Materials": ["Prop_Rocks_03.Materials.Mati_AridRock"]}}, {"Common_Meshes.Blocking.Blocking_Cube": {"Rename": "Wall3", "Tags": [], "Metadata": "", "Location": [9805.0029296875, 40751.8671875, 11424.8681640625], "Rotation": [0, 0, -16400], "Scale": 15.0, "Scale3D": [1.0, 1.0, 0.009999999776482582], "Materials": ["Prop_Rocks_03.Materials.Mati_AridRock"]}}, {"Common_Meshes.Blocking.Blocking_Cube": {"Rename": "Wall4", "Tags": [], "Metadata": "", "Location": [13355.0029296875, 36881.8671875, 11425.0], "Rotation": [16400, 0, 0], "Scale": 15.0, "Scale3D": [1.0, 1.0, 0.009999999776482582], "Materials": ["Prop_Rocks_03.Materials.Mati_AridRock"]}}, {"Common_Meshes.Blocking.Blocking_Cube": {"Rename": "Clear Wall", "Tags": [], "Metadata": "", "Location": [10305.5, 40717.8671875, 11461.8681640625], "Rotation": [16400, -32800, 0], "Scale": 2.0, "Scale3D": [1.0, 1.0099999904632568, 0.10000000149011612], "Materials": ["FX_CHAR_Shared_Shield.Materials.Instances.Mati_Corrosive_Nova_Shield_Bubble"]}}, {"Common_Meshes.Blocking.Blocking_Cube": {"Rename": "Clear Wall", "Tags": [], "Metadata": "", "Location": [10304.0029296875, 40200.8671875, 11461.8681640625], "Rotation": [16400, -32800, 0], "Scale": 2.0, "Scale3D": [1.0, 1.0, 0.10000000149011612], "Materials": ["FX_CHAR_Shared_Shield.Materials.Instances.Mati_Corrosive_Nova_Shield_Bubble"]}}, {"Common_Meshes.Blocking.Blocking_Cube": {"Rename": "Clear Wall", "Tags": [], "Metadata": "", "Location": [10304.0029296875, 39688.8671875, 11461.8681640625], "Rotation": [16400, -16400, 0], "Scale": 2.0, "Scale3D": [1.0, 1.0, 0.10000000149011612], "Materials": ["FX_CHAR_Shared_Shield.Materials.Instances.Mati_Corrosive_Nova_Shield_Bubble"]}}, {"Common_Meshes.Blocking.Blocking_Cube": {"Rename": "Clear Wall", "Tags": [], "Metadata": "", "Location": [10304.0029296875, 39124.8671875, 11461.8681640625], "Rotation": [16400, -16400, 0], "Scale": 2.0, "Scale3D": [1.0, 1.0, 0.10000000149011612], "Materials": ["FX_CHAR_Shared_Shield.Materials.Instances.Mati_Corrosive_Nova_Shield_Bubble"]}}, {"Common_Meshes.Blocking.Blocking_Cube": {"Rename": "Clear Wall", "Tags": [], "Metadata": "", "Location": [10304.0029296875, 39175.8671875, 11461.8681640625], "Rotation": [16400, -32800, 0], "Scale": 2.0, "Scale3D": [1.0, 1.0, 0.10000000149011612], "Materials": ["FX_CHAR_Shared_Shield.Materials.Instances.Mati_Corrosive_Nova_Shield_Bubble"]}}, {"Common_Meshes.Blocking.Blocking_Cube": {"Rename": "Clear Wall", "Tags": [], "Metadata": "", "Location": [10304.0029296875, 38666.8671875, 11461.8681640625], "Rotation": [16400, -16400, 0], "Scale": 2.0, "Scale3D": [1.0, 1.0, 0.10000000149011612], "Materials": ["FX_CHAR_Shared_Shield.Materials.Instances.Mati_Corrosive_Nova_Shield_Bubble"]}}, {"Common_Meshes.Blocking.Blocking_Cube": {"Rename": "Clear Wall", "Tags": [], "Metadata": "", "Location": [10816.0029296875, 39124.8671875, 11461.8681640625], "Rotation": [16400, -16400, 0], "Scale": 2.0, "Scale3D": [1.0, 1.0, 0.10000000149011612], "Materials": ["FX_CHAR_Shared_Shield.Materials.Instances.Mati_Corrosive_Nova_Shield_Bubble"]}}, {"Common_Meshes.Blocking.Blocking_Cube": {"Rename": "Clear Wall", "Tags": [], "Metadata": "", "Location": [10816.0029296875, 39690.8671875, 11461.8681640625], "Rotation": [16400, 0, 0], "Scale": 2.0, "Scale3D": [1.0, 1.0, 0.10000000149011612], "Materials": ["FX_CHAR_Shared_Shield.Materials.Instances.Mati_Corrosive_Nova_Shield_Bubble"]}}, {"Common_Meshes.Blocking.Blocking_Cube": {"Rename": "Clear Wall", "Tags": [], "Metadata": "", "Location": [11329.0029296875, 39124.8671875, 11461.8681640625], "Rotation": [16400, 0, 0], "Scale": 2.0, "Scale3D": [1.0, 1.0, 0.10000000149011612], "Materials": ["FX_CHAR_Shared_Shield.Materials.Instances.Mati_Corrosive_Nova_Shield_Bubble"]}}, {"Common_Meshes.Blocking.Blocking_Cube": {"Rename": "Clear Wall", "Tags": [], "Metadata": "", "Location": [11329.0029296875, 39636.8671875, 11461.8681640625], "Rotation": [16400, 0, 0], "Scale": 2.0, "Scale3D": [1.0, 1.0, 0.10000000149011612], "Materials": ["FX_CHAR_Shared_Shield.Materials.Instances.Mati_Corrosive_Nova_Shield_Bubble"]}}, {"Common_Meshes.Blocking.Blocking_Cube": {"Rename": "Clear Wall", "Tags": [], "Metadata": "", "Location": [11329.0029296875, 40148.8671875, 11461.8681640625], "Rotation": [16400, 0, 0], "Scale": 2.0, "Scale3D": [1.0, 1.1200000047683716, 0.10000000149011612], "Materials": ["FX_CHAR_Shared_Shield.Materials.Instances.Mati_Corrosive_Nova_Shield_Bubble"]}}, {"Common_Meshes.Blocking.Blocking_Cube": {"Rename": "Clear Wall", "Tags": [], "Metadata": "", "Location": [10813.0029296875, 38666.8671875, 11461.8681640625], "Rotation": [16400, -16400, 0], "Scale": 2.0, "Scale3D": [1.0, 1.0, 0.10000000149011612], "Materials": ["FX_CHAR_Shared_Shield.Materials.Instances.Mati_Corrosive_Nova_Shield_Bubble"]}}, {"Common_Meshes.Blocking.Blocking_Cube": {"Rename": "Clear Wall", "Tags": [], "Metadata": "", "Location": [10304.0029296875, 38103.8671875, 11461.8681640625], "Rotation": [16400, -16400, 0], "Scale": 2.0, "Scale3D": [1.0, 1.0, 0.10000000149011612], "Materials": ["FX_CHAR_Shared_Shield.Materials.Instances.Mati_Corrosive_Nova_Shield_Bubble"]}}, {"Common_Meshes.Blocking.Blocking_Cube": {"Rename": "Clear Wall", "Tags": [], "Metadata": "", "Location": [10304.0029296875, 38154.8671875, 11461.8681640625], "Rotation": [16400, -32800, 0], "Scale": 2.0, "Scale3D": [1.0, 1.0, 0.10000000149011612], "Materials": ["FX_CHAR_Shared_Shield.Materials.Instances.Mati_Corrosive_Nova_Shield_Bubble"]}}, {"Common_Meshes.Blocking.Blocking_Cube": {"Rename": "Clear Wall", "Tags": [], "Metadata": "", "Location": [10304.0029296875, 37644.8671875, 11461.8681640625], "Rotation": [16400, -16400, 0], "Scale": 2.0, "Scale3D": [1.0, 1.065000057220459, 0.10000000149011612], "Materials": ["FX_CHAR_Shared_Shield.Materials.Instances.Mati_Corrosive_Nova_Shield_Bubble"]}}, {"Common_Meshes.Blocking.Blocking_Cube": {"Rename": "Clear Wall", "Tags": [], "Metadata": "", "Location": [10814.0029296875, 38103.8671875, 11461.8681640625], "Rotation": [16400, -16400, 0], "Scale": 2.0, "Scale3D": [1.0, 1.0, 0.10000000149011612], "Materials": ["FX_CHAR_Shared_Shield.Materials.Instances.Mati_Corrosive_Nova_Shield_Bubble"]}}, {"Common_Meshes.Blocking.Blocking_Cube": {"Rename": "Clear Wall", "Tags": [], "Metadata": "", "Location": [10852.0029296875, 37645.8671875, 11461.8681640625], "Rotation": [16400, 0, 0], "Scale": 2.0, "Scale3D": [1.0, 1.0, 0.10000000149011612], "Materials": ["FX_CHAR_Shared_Shield.Materials.Instances.Mati_Corrosive_Nova_Shield_Bubble"]}}, {"Common_Meshes.Blocking.Blocking_Cube": {"Rename": "Clear Wall", "Tags": [], "Metadata": "", "Location": [11325.0029296875, 38666.8671875, 11461.8681640625], "Rotation": [16400, -16400, 0], "Scale": 2.0, "Scale3D": [1.0, 1.0, 0.10000000149011612], "Materials": ["FX_CHAR_Shared_Shield.Materials.Instances.Mati_Corrosive_Nova_Shield_Bubble"]}}, {"Common_Meshes.Blocking.Blocking_Cube": {"Rename": "Clear Wall", "Tags": [], "Metadata": "", "Location": [11273.0, 38152.8671875, 11461.8681640625], "Rotation": [16400, -32800, 0], "Scale": 2.0, "Scale3D": [1.0, 1.0, 0.10000000149011612], "Materials": ["FX_CHAR_Shared_Shield.Materials.Instances.Mati_Corrosive_Nova_Shield_Bubble"]}}, {"Common_Meshes.Blocking.Blocking_Cube": {"Rename": "Clear Wall", "Tags": [], "Metadata": "", "Location": [11837.0029296875, 38666.8671875, 11461.8681640625], "Rotation": [16400, -16400, 0], "Scale": 2.0, "Scale3D": [1.0, 1.0, 0.10000000149011612], "Materials": ["FX_CHAR_Shared_Shield.Materials.Instances.Mati_Corrosive_Nova_Shield_Bubble"]}}, {"Common_Meshes.Blocking.Blocking_Cube": {"Rename": "Clear Wall", "Tags": [], "Metadata": "", "Location": [12347.0029296875, 38666.8671875, 11461.8681640625], "Rotation": [16400, 0, 0], "Scale": 2.0, "Scale3D": [1.0, 1.0, 0.10000000149011612], "Materials": ["FX_CHAR_Shared_Shield.Materials.Instances.Mati_Corrosive_Nova_Shield_Bubble"]}}, {"Common_Meshes.Blocking.Blocking_Cube": {"Rename": "Clear Wall", "Tags": [], "Metadata": "", "Location": [11781.0029296875, 37645.8671875, 11461.8681640625], "Rotation": [16400, -16400, 0], "Scale": 2.0, "Scale3D": [1.0, 1.0, 0.10000000149011612], "Materials": ["FX_CHAR_Shared_Shield.Materials.Instances.Mati_Corrosive_Nova_Shield_Bubble"]}}, {"Common_Meshes.Blocking.Blocking_Cube": {"Rename": "Clear Wall", "Tags": [], "Metadata": "", "Location": [12857.0029296875, 38666.8671875, 11461.8681640625], "Rotation": [16400, 0, 0], "Scale": 2.0, "Scale3D": [1.0, 1.0, 0.10000000149011612], "Materials": ["FX_CHAR_Shared_Shield.Materials.Instances.Mati_Corrosive_Nova_Shield_Bubble"]}}, {"Common_Meshes.Blocking.Blocking_Cube": {"Rename": "Clear Wall", "Tags": [], "Metadata": "", "Location": [11783.0029296875, 38154.8671875, 11461.8681640625], "Rotation": [16400, -32800, 0], "Scale": 2.0, "Scale3D": [1.0, 1.0, 0.10000000149011612], "Materials": ["FX_CHAR_Shared_Shield.Materials.Instances.Mati_Corrosive_Nova_Shield_Bubble"]}}, {"Common_Meshes.Blocking.Blocking_Cube": {"Rename": "Clear Wall", "Tags": [], "Metadata": "", "Location": [11271.0, 37640.8671875, 11461.8681640625], "Rotation": [16400, -32800, 0], "Scale": 2.0, "Scale3D": [1.0, 1.1699999570846558, 0.10000000149011612], "Materials": ["FX_CHAR_Shared_Shield.Materials.Instances.Mati_Corrosive_Nova_Shield_Bubble"]}}, {"Common_Meshes.Blocking.Blocking_Cube": {"Rename": "Clear Wall", "Tags": [], "Metadata": "", "Location": [12292.0029296875, 37644.8671875, 11461.8681640625], "Rotation": [16400, -16400, 0], "Scale": 2.0, "Scale3D": [1.0, 1.100000023841858, 0.10000000149011612], "Materials": ["FX_CHAR_Shared_Shield.Materials.Instances.Mati_Corrosive_Nova_Shield_Bubble"]}}, {"Common_Meshes.Blocking.Blocking_Cube": {"Rename": "Clear Wall", "Tags": [], "Metadata": "", "Location": [12807.0, 39134.8671875, 11461.8681640625], "Rotation": [16400, -16400, 0], "Scale": 2.0, "Scale3D": [1.0, 1.0, 0.10000000149011612], "Materials": ["FX_CHAR_Shared_Shield.Materials.Instances.Mati_Corrosive_Nova_Shield_Bubble"]}}, {"Common_Meshes.Blocking.Blocking_Cube": {"Rename": "Clear Wall", "Tags": [], "Metadata": "", "Location": [12857.0, 37051.8671875, 11461.8681640625], "Rotation": [16400, 0, 0], "Scale": 2.0, "Scale3D": [1.0, 1.2599999904632568, 0.10000000149011612], "Materials": ["FX_CHAR_Shared_Shield.Materials.Instances.Mati_Corrosive_Nova_Shield_Bubble"]}}, {"Common_Meshes.Blocking.Blocking_Cube": {"Rename": "Clear Wall", "Tags": [], "Metadata": "", "Location": [12856.0, 38155.8671875, 11461.8681640625], "Rotation": [16400, 16400, 0], "Scale": 2.0, "Scale3D": [1.0, 1.0, 0.10000000149011612], "Materials": ["FX_CHAR_Shared_Shield.Materials.Instances.Mati_Corrosive_Nova_Shield_Bubble"]}}, {"Common_Meshes.Blocking.Blocking_Cube": {"Rename": "Clear Wall", "Tags": [], "Metadata": "", "Location": [12859.0, 38105.8671875, 11461.8681640625], "Rotation": [16400, 0, 0], "Scale": 2.0, "Scale3D": [1.0, 1.100000023841858, 0.10000000149011612], "Materials": ["FX_CHAR_Shared_Shield.Materials.Instances.Mati_Corrosive_Nova_Shield_Bubble"]}}, {"Common_Meshes.Blocking.Blocking_Cube": {"Rename": "Clear Wall", "Tags": [], "Metadata": "", "Location": [12857.0029296875, 39177.8671875, 11461.8681640625], "Rotation": [16400, 0, 0], "Scale": 2.0, "Scale3D": [1.0, 1.0, 0.10000000149011612], "Materials": ["FX_CHAR_Shared_Shield.Materials.Instances.Mati_Corrosive_Nova_Shield_Bubble"]}}, {"Common_Meshes.Blocking.Blocking_Cube": {"Rename": "Clear Wall", "Tags": [], "Metadata": "", "Location": [12857.0029296875, 39688.8671875, 11461.8681640625], "Rotation": [16400, 0, 0], "Scale": 2.0, "Scale3D": [1.0, 1.0, 0.10000000149011612], "Materials": ["FX_CHAR_Shared_Shield.Materials.Instances.Mati_Corrosive_Nova_Shield_Bubble"]}}, {"Common_Meshes.Blocking.Blocking_Cube": {"Rename": "Clear Wall", "Tags": [], "Metadata": "", "Location": [11837.0029296875, 39124.8671875, 11461.8681640625], "Rotation": [16400, -16400, 0], "Scale": 2.0, "Scale3D": [1.0, 1.0, 0.10000000149011612], "Materials": ["FX_CHAR_Shared_Shield.Materials.Instances.Mati_Corrosive_Nova_Shield_Bubble"]}}, {"Common_Meshes.Blocking.Blocking_Cube": {"Rename": "Clear Wall", "Tags": [], "Metadata": "", "Location": [11888.0029296875, 39125.8671875, 11461.8681640625], "Rotation": [16400, 0, 0], "Scale": 2.0, "Scale3D": [1.0, 1.100000023841858, 0.10000000149011612], "Materials": ["FX_CHAR_Shared_Shield.Materials.Instances.Mati_Corrosive_Nova_Shield_Bubble"]}}, {"Common_Meshes.Blocking.Blocking_Cube": {"Rename": "Clear Wall", "Tags": [], "Metadata": "", "Location": [12347.0029296875, 39637.8671875, 11461.8681640625], "Rotation": [16400, 0, 0], "Scale": 2.0, "Scale3D": [1.0, 1.0, 0.10000000149011612], "Materials": ["FX_CHAR_Shared_Shield.Materials.Instances.Mati_Corrosive_Nova_Shield_Bubble"]}}, {"Common_Meshes.Blocking.Blocking_Cube": {"Rename": "Clear Wall", "Tags": [], "Metadata": "", "Location": [12347.0029296875, 39686.8671875, 11461.8681640625], "Rotation": [16400, 16400, 0], "Scale": 2.0, "Scale3D": [1.0, 1.0, 0.10000000149011612], "Materials": ["FX_CHAR_Shared_Shield.Materials.Instances.Mati_Corrosive_Nova_Shield_Bubble"]}}, {"Common_Meshes.Blocking.Blocking_Cube": {"Rename": "Clear Wall", "Tags": [], "Metadata": "", "Location": [12347.0029296875, 40146.8671875, 11461.8681640625], "Rotation": [16400, 16400, 0], "Scale": 2.0, "Scale3D": [1.0, 1.0, 0.10000000149011612], "Materials": ["FX_CHAR_Shared_Shield.Materials.Instances.Mati_Corrosive_Nova_Shield_Bubble"]}}, {"Char_Anem_ButtStallion.Mesh.ButtStallion": {"Rename": "", "Tags": [], "Metadata": "", "Location": [11075.5634765625, 37923.21484375, 11461.12109375], "Rotation": [0, -21400, 0], "Scale": 1.0, "Scale3D": [1.0, 1.0, 1.0], "Materials": []}}, {"Common_Meshes.Blocking.Blocking_Cube": {"Rename": "Clear Wall", "Tags": [], "Metadata": "", "Location": [11329.0029296875, 38664.8671875, 11461.8681640625], "Rotation": [16400, 0, 0], "Scale": 2.0, "Scale3D": [1.0, 1.0, 0.10000000149011612], "Materials": ["FX_CHAR_Shared_Shield.Materials.Instances.Mati_Corrosive_Nova_Shield_Bubble"]}}, {"Common_Meshes.Blocking.Blocking_Cube": {"Rename": "Clear Wall", "Tags": [], "Metadata": "", "Location": [12347.0, 38154.8671875, 11461.8681640625], "Rotation": [16400, 16400, 0], "Scale": 2.0, "Scale3D": [1.0, 9.999999747378752e-05, 0.10000000149011612], "Materials": ["FX_CHAR_Shared_Shield.Materials.Instances.Mati_Corrosive_Nova_Shield_Bubble"]}}, {"Common_Meshes.Blocking.Blocking_Cube": {"Rename": "Clear Wall", "Tags": [], "Metadata": "", "Location": [12857.0029296875, 40194.8671875, 11461.8681640625], "Rotation": [16400, 0, 0], "Scale": 2.0, "Scale3D": [1.0, 0.009999999776482582, 0.10000000149011612], "Materials": ["FX_CHAR_Shared_Shield.Materials.Instances.Mati_Corrosive_Nova_Shield_Bubble"]}}, {"Common_Meshes.Blocking.Blocking_Cube": {"Rename": "Clear Wall", "Tags": [], "Metadata": "", "Location": [11840.0029296875, 40145.8671875, 11461.8681640625], "Rotation": [16400, 16400, 0], "Scale": 2.0, "Scale3D": [1.0, 0.009999999776482582, 0.10000000149011612], "Materials": ["FX_CHAR_Shared_Shield.Materials.Instances.Mati_Corrosive_Nova_Shield_Bubble"]}}, {"Common_Meshes.Blocking.Blocking_Cube": {"Rename": "Clear Wall", "Tags": [], "Metadata": "", "Location": [10815.0029296875, 40196.8671875, 11461.8681640625], "Rotation": [16400, 0, 0], "Scale": 2.0, "Scale3D": [1.0, 0.009999999776482582, 0.10000000149011612], "Materials": ["FX_CHAR_Shared_Shield.Materials.Instances.Mati_Corrosive_Nova_Shield_Bubble"]}}, {"Common_Meshes.Blocking.Blocking_Cube": {"Rename": "Clear Wall", "Tags": [], "Metadata": "", "Location": [11783.0029296875, 38154.8671875, 11461.8681640625], "Rotation": [16400, -32800, 0], "Scale": 2.0, "Scale3D": [1.0, 0.009999999776482582, 0.10000000149011612], "Materials": ["FX_CHAR_Shared_Shield.Materials.Instances.Mati_Corrosive_Nova_Shield_Bubble"]}}, {"Common_Meshes.Blocking.Blocking_Cube": {"Rename": "Ceiling", "Tags": [], "Metadata": "", "Location": [9805.0029296875, 36881.8671875, 11933.8681640625], "Rotation": [0, 0, 0], "Scale": 15.0, "Scale3D": [1.0, 1.0, 0.009999999776482582], "Materials": ["Prop_Rocks_03.Materials.Mati_AridRock"]}}]}}}