{"iris_moxxi_p": {"Create": {"StaticMesh": [{"Prop_Panels.Meshes.HullPanel2x": {"Rename": "", "Tags": [], "Metadata": "", "Location": [31231.736328125, -627.6749267578125, 2765.708984375], "Rotation": [0, 0, -16400], "Scale": 7.0, "Scale3D": [1.0, 1.0, 1.0], "Materials": []}}, {"Prop_Panels.Meshes.HullPanel2x": {"Rename": "", "Tags": [], "Metadata": "", "Location": [31237.736328125, -627.6749267578125, 2765.708984375], "Rotation": [16400, 0, -16400], "Scale": 7.0, "Scale3D": [1.0, 1.0, 1.0], "Materials": []}}, {"Prop_Panels.Meshes.HullPanel2x": {"Rename": "", "Tags": [], "Metadata": "", "Location": [33052.734375, -624.6749877929688, 2765.708984375], "Rotation": [16400, 0, -16400], "Scale": 7.0, "Scale3D": [1.0, 1.0, 1.0], "Materials": []}}, {"Prop_Panels.Meshes.HullPanel2x": {"Rename": "", "Tags": [], "Metadata": "", "Location": [31231.736328125, -627.6749267578125, 2765.708984375], "Rotation": [0, 0, 0], "Scale": 7.0, "Scale3D": [1.0, 1.0, 1.0], "Materials": []}}, {"Prop_Panels.Meshes.HullPanel2x": {"Rename": "", "Tags": [], "Metadata": "", "Location": [31231.736328125, -4237.6748046875, 2765.708984375], "Rotation": [0, 0, 0], "Scale": 7.0, "Scale3D": [1.0, 1.0, 1.0], "Materials": []}}, {"Prop_Panels.Meshes.HullPanel2x": {"Rename": "", "Tags": [], "Metadata": "", "Location": [31231.736328125, -627.6749267578125, 4545.708984375], "Rotation": [0, 0, -16400], "Scale": 7.0, "Scale3D": [1.0, 1.0, 1.0], "Materials": []}}, {"Prop_PandoraPark.Meshes.PPCage_Bottom": {"Rename": "", "Tags": [], "Metadata": "", "Location": [31927.98046875, -626.2990112304688, 3970.382080078125], "Rotation": [0, 0, 0], "Scale": 1.0, "Scale3D": [2.0, 1.0, 1.0], "Materials": []}}, {"Prop_PandoraPark.Meshes.PPCage_Bottom": {"Rename": "", "Tags": [], "Metadata": "", "Location": [31927.98046875, -3968.299072265625, 3970.382080078125], "Rotation": [0, 0, 0], "Scale": 1.0, "Scale3D": [2.0, 1.0, 1.0], "Materials": []}}, {"Prop_Carnival.LightStrip_01": {"Rename": "", "Tags": [], "Metadata": "", "Location": [33003.2109375, -1271.154052734375, 4502.373046875], "Rotation": [0, 16400, 0], "Scale": 5.5, "Scale3D": [0.8999999761581421, 0.8999999761581421, 0.8999999761581421], "Materials": []}}, {"Prop_Carnival.LightStrip_01": {"Rename": "", "Tags": [], "Metadata": "", "Location": [33003.2109375, -2526.154052734375, 4502.373046875], "Rotation": [0, 16400, 0], "Scale": 5.5, "Scale3D": [0.8999999761581421, 0.8999999761581421, 0.8999999761581421], "Materials": []}}, {"Prop_Carnival.LightStrip_01": {"Rename": "", "Tags": [], "Metadata": "", "Location": [33003.2109375, -3784.154052734375, 4502.373046875], "Rotation": [0, 16400, 0], "Scale": 5.5, "Scale3D": [0.8999999761581421, 0.8999999761581421, 0.8999999761581421], "Materials": []}}, {"Prop_Carnival.LightStrip_01": {"Rename": "", "Tags": [], "Metadata": "", "Location": [31241.2109375, -1271.154052734375, 4502.373046875], "Rotation": [0, 16400, 0], "Scale": 5.5, "Scale3D": [0.8999999761581421, 0.8999999761581421, 0.8999999761581421], "Materials": []}}, {"Prop_Carnival.LightStrip_01": {"Rename": "", "Tags": [], "Metadata": "", "Location": [31241.2109375, -2524.154052734375, 4502.373046875], "Rotation": [0, 16400, 0], "Scale": 5.5, "Scale3D": [0.8999999761581421, 0.8999999761581421, 0.8999999761581421], "Materials": []}}, {"Prop_Carnival.LightStrip_01": {"Rename": "", "Tags": [], "Metadata": "", "Location": [31241.2109375, -3783.154052734375, 4502.373046875], "Rotation": [0, 16400, 0], "Scale": 5.5, "Scale3D": [0.8999999761581421, 0.8999999761581421, 0.8999999761581421], "Materials": []}}, {"Prop_Carnival.MoxxiePoleBase": {"Rename": "", "Tags": [], "Metadata": "", "Location": [32170.248046875, -2425.2451171875, 4505.0390625], "Rotation": [0, 0, 0], "Scale": 1.0, "Scale3D": [2.4800000190734863, 2.4800000190734863, 1.2400000095367432], "Materials": []}}, {"Prop_Carnival.MoxxiePoleBase": {"Rename": "", "Tags": [], "Metadata": "", "Location": [32170.248046875, -1327.2449951171875, 4505.0390625], "Rotation": [0, 0, 0], "Scale": 1.0, "Scale3D": [2.4800000190734863, 2.4800000190734863, 1.2400000095367432], "Materials": []}}, {"Prop_Carnival.MoxxiePoleBase": {"Rename": "", "Tags": [], "Metadata": "", "Location": [32170.248046875, -3475.2451171875, 4505.0390625], "Rotation": [0, 0, 0], "Scale": 1.0, "Scale3D": [2.4800000190734863, 2.4800000190734863, 1.2400000095367432], "Materials": []}}, {"Prop_Supports.GirdersBase": {"Rename": "", "Tags": [], "Metadata": "", "Location": [32967.5625, -674.7420043945312, 2784.677978515625], "Rotation": [0, 0, 0], "Scale": 5.0, "Scale3D": [1.0, 1.0, 1.2300000190734863], "Materials": []}}, {"Prop_Supports.GirdersBase": {"Rename": "", "Tags": [], "Metadata": "", "Location": [32967.5625, -4146.7421875, 2784.677978515625], "Rotation": [0, 0, 0], "Scale": 5.0, "Scale3D": [1.0, 1.0, 1.2300000190734863], "Materials": []}}, {"Prop_Supports.GirdersBase": {"Rename": "", "Tags": [], "Metadata": "", "Location": [31296.5625, -4146.7421875, 2784.677978515625], "Rotation": [0, 0, 0], "Scale": 5.0, "Scale3D": [1.0, 1.0, 1.2300000190734863], "Materials": []}}, {"Prop_Supports.GirdersBase": {"Rename": "", "Tags": [], "Metadata": "", "Location": [31290.5625, -674.7420043945312, 2784.677978515625], "Rotation": [0, 0, 0], "Scale": 5.0, "Scale3D": [1.0, 1.0, 1.2300000190734863], "Materials": []}}, {"Char_Anem_ButtStallion.Mesh.ButtStallion": {"Rename": "", "Tags": [], "Metadata": "", "Location": [32337.873046875, -4097.18017578125, 3982.001953125], "Rotation": [0, 23200, 0], "Scale": 1.0, "Scale3D": [1.0, 1.0, 1.0], "Materials": []}}, {"GD_Anemone_Side_Claptocurrency.Meshes.BechoWaffer": {"Rename": "", "Tags": [], "Metadata": "", "Location": [32148.419921875, -2553.866943359375, 2788.56298828125], "Rotation": [0, 16400, 0], "Scale": 50.0, "Scale3D": [1.590000033378601, 1.5, 0.009999999776482582], "Materials": []}}, {"Prop_Pipes.Meshes.IndustrialElbowLarge64": {"Rename": "", "Tags": [], "Metadata": "", "Location": [31237.30078125, -1259.93994140625, 3446.56396484375], "Rotation": [0, 0, 0], "Scale": 3.0, "Scale3D": [1.0, 1.0, 1.0], "Materials": []}}, {"Prop_Pipes.Meshes.IndustrialElbowLarge64": {"Rename": "", "Tags": [], "Metadata": "", "Location": [33024.5, -3459.93994140625, 3446.56396484375], "Rotation": [0, 32800, 0], "Scale": 3.0, "Scale3D": [1.0, 1.0, 1.0], "Materials": []}}, {"prop_lightfixtures.Meshes.LightSpot": {"Rename": "", "Tags": [], "Metadata": "", "Location": [32770.984375, -4158.52587890625, 4477.92919921875], "Rotation": [-6000, -4000, 0], "Scale": 5.0, "Scale3D": [1.0, 1.0, 1.0], "Materials": []}}, {"prop_lightfixtures.Meshes.LightSpot": {"Rename": "", "Tags": [], "Metadata": "", "Location": [31500.984375, -4158.52587890625, 4477.92919921875], "Rotation": [-6000, -28000, 0], "Scale": 5.0, "Scale3D": [1.0, 1.0, 1.0], "Materials": []}}, {"Prop_Cameras.Meshes.SecCameraLens": {"Rename": "", "Tags": [], "Metadata": "", "Location": [31617.263671875, -1260.1839599609375, 4544.0], "Rotation": [0, 24000, -5000], "Scale": 2.0, "Scale3D": [1.0, 1.0, 1.0], "Materials": []}}, {"Prop_Cameras.Meshes.SecCameraLens": {"Rename": "", "Tags": [], "Metadata": "", "Location": [32747.263671875, -2410.18408203125, 4544.0], "Rotation": [0, 39000, -5000], "Scale": 2.0, "Scale3D": [1.0, 1.0, 1.0], "Materials": []}}, {"Prop_Carnival.Meshes.Tapestry_01": {"Rename": "", "Tags": [], "Metadata": "", "Location": [32135.732421875, -629.2680053710938, 4165.22900390625], "Rotation": [0, 0, 0], "Scale": 1.0, "Scale3D": [2.0, 0.10000000149011612, 1.0], "Materials": []}}, {"Prop_Carnival.Meshes.Tapestry_01": {"Rename": "", "Tags": [], "Metadata": "", "Location": [32135.732421875, -4199.26806640625, 4165.22900390625], "Rotation": [0, 0, 0], "Scale": 1.0, "Scale3D": [2.0, 0.10000000149011612, 1.0], "Materials": []}}, {"Prop_Carnival.Meshes.Tapestry_01": {"Rename": "", "Tags": [], "Metadata": "", "Location": [31245.732421875, -1519.2679443359375, 4165.22900390625], "Rotation": [0, 16400, 0], "Scale": 1.0, "Scale3D": [2.0, 0.10000000149011612, 1.0], "Materials": []}}, {"Prop_Carnival.Meshes.Tapestry_01": {"Rename": "", "Tags": [], "Metadata": "", "Location": [31245.732421875, -2889.26806640625, 4165.22900390625], "Rotation": [0, 16400, 0], "Scale": 1.0, "Scale3D": [2.0, 0.10000000149011612, 1.0], "Materials": []}}, {"Prop_Carnival.Meshes.Tapestry_01": {"Rename": "", "Tags": [], "Metadata": "", "Location": [31245.732421875, -4259.26806640625, 4165.22900390625], "Rotation": [0, 16400, 0], "Scale": 1.0, "Scale3D": [2.0, 0.10000000149011612, 1.0], "Materials": []}}, {"Prop_Carnival.Meshes.Tapestry_01": {"Rename": "", "Tags": [], "Metadata": "", "Location": [33015.734375, -1519.2679443359375, 4165.22900390625], "Rotation": [0, 16400, 0], "Scale": 1.0, "Scale3D": [2.0, 0.10000000149011612, 1.0], "Materials": []}}, {"Prop_Carnival.Meshes.Tapestry_01": {"Rename": "", "Tags": [], "Metadata": "", "Location": [33015.734375, -2899.26806640625, 4165.22900390625], "Rotation": [0, 16400, 0], "Scale": 1.0, "Scale3D": [2.0, 0.10000000149011612, 1.0], "Materials": []}}, {"Prop_Carnival.Meshes.Tapestry_01": {"Rename": "", "Tags": [], "Metadata": "", "Location": [33015.734375, -4279.26806640625, 4165.22900390625], "Rotation": [0, 16400, 0], "Scale": 1.0, "Scale3D": [2.0, 0.10000000149011612, 1.0], "Materials": []}}, {"Prop_Machines.Meshes.WallGenerator": {"Rename": "", "Tags": [], "Metadata": "", "Location": [31345.25, -1247.822998046875, 3592.010009765625], "Rotation": [0, -16400, 0], "Scale": 1.5, "Scale3D": [1.0, 1.0, 1.0], "Materials": []}}, {"Prop_Machines.Meshes.WallGenerator": {"Rename": "", "Tags": [], "Metadata": "", "Location": [32915.25, -3457.822998046875, 3592.010009765625], "Rotation": [0, 16400, 0], "Scale": 1.5, "Scale3D": [1.0, 1.0, 1.0], "Materials": []}}, {"Prop_Barrels.Meshes.WoodenBarrel": {"Rename": "", "Tags": [], "Metadata": "", "Location": [32656.509765625, -1332.1484375, 2690.802978515625], "Rotation": [2000, 9000, 0], "Scale": 2.0, "Scale3D": [1.0, 1.0, 1.0], "Materials": []}}, {"Prop_Barrels.Meshes.WoodenBarrel": {"Rename": "", "Tags": [], "Metadata": "", "Location": [31586.509765625, -2952.14794921875, 2790.802978515625], "Rotation": [16400, -25000, 0], "Scale": 2.0, "Scale3D": [1.0, 1.0, 1.0], "Materials": []}}, {"prop_doors.NewHavenDoor": {"Rename": "", "Tags": [], "Metadata": "", "Location": [32566.00390625, -2463.56396484375, 2816.653076171875], "Rotation": [0, 3000, 16400], "Scale": 2.0, "Scale3D": [1.0, 1.0, 1.0], "Materials": []}}, {"Prop_Corpses.Meshes.DeadBandit_03": {"Rename": "", "Tags": [], "Metadata": "", "Location": [32643.40234375, -2253.06005859375, 2815.050048828125], "Rotation": [0, -30000, 0], "Scale": 2.0, "Scale3D": [1.0, 1.0, 1.0], "Materials": []}}, {"Prop_Corpses.Meshes.DeadBandit_03": {"Rename": "", "Tags": [], "Metadata": "", "Location": [32670.837890625, -2484.714111328125, 2710.699951171875], "Rotation": [-18000, -16000, 0], "Scale": 2.0, "Scale3D": [1.0, 1.0, 1.0], "Materials": []}}, {"prop_piles.JunkPile_03": {"Rename": "", "Tags": [], "Metadata": "", "Location": [31860.67578125, -1690.9420166015625, 2802.860107421875], "Rotation": [0, 8000, 0], "Scale": 2.0, "Scale3D": [1.0, 1.0, 1.0], "Materials": []}}, {"prop_piles.Junkpile_04": {"Rename": "", "Tags": [], "Metadata": "", "Location": [32374.767578125, -2428.7919921875, 2810.406982421875], "Rotation": [0, 0, 0], "Scale": 2.0, "Scale3D": [1.0, 1.0, 1.0], "Materials": []}}, {"Prop_Costumes.Wig": {"Rename": "", "Tags": [], "Metadata": "", "Location": [32685.439453125, -2406.35302734375, 2839.0], "Rotation": [-16400, -12000, 2000], "Scale": 2.299999952316284, "Scale3D": [1.100000023841858, 1.0, 1.0], "Materials": []}}, {"Prop_LynchWood.Mesh.LynchWoodTechPiece": {"Rename": "", "Tags": [], "Metadata": "", "Location": [32172.41015625, -4286.35400390625, 3276.616943359375], "Rotation": [0, 0, 0], "Scale": 2.0, "Scale3D": [1.0, 1.0, 1.0], "Materials": []}}, {"Char_BattleDroid.Gibs.BattleBot_Wires": {"Rename": "", "Tags": [], "Metadata": "", "Location": [31827.95703125, -4147.18994140625, 3552.196044921875], "Rotation": [-15000, 19400, 12000], "Scale": 14.399999618530273, "Scale3D": [1.5, 0.10000000149011612, 1.600000023841858], "Materials": []}}, {"Prop_LynchWood.Mesh.LynchWoodTechWallLG": {"Rename": "", "Tags": [], "Metadata": "", "Location": [31458.9296875, -4079.0791015625, 3709.7431640625], "Rotation": [0, 0, -16400], "Scale": 0.30000001192092896, "Scale3D": [1.0, 1.0, 1.0], "Materials": []}}, {"GD_Anemone_TentacleDoor.Mesh.SM_Infection_Wall": {"Rename": "", "Tags": [], "Metadata": "", "Location": [31558.5, -3689.3701171875, 2797.618896484375], "Rotation": [0, 1000, -16400], "Scale": 1.0, "Scale3D": [1.5, 0.10000000149011612, 1.0], "Materials": []}}, {"Prop_Pipes.Meshes.DamPipesA": {"Rename": "", "Tags": [], "Metadata": "", "Location": [31240.400390625, -3191.8330078125, 2797.133056640625], "Rotation": [0, -16400, 0], "Scale": 1.0, "Scale3D": [1.0, 1.0, 1.0], "Materials": []}}, {"Prop_Pipes.Meshes.DamPipesA": {"Rename": "", "Tags": [], "Metadata": "", "Location": [31240.400390625, -3441.8330078125, 3567.133056640625], "Rotation": [-16400, -16400, 0], "Scale": 1.0, "Scale3D": [1.0, 1.0, 1.100000023841858], "Materials": []}}, {"Prop_Pipes.Meshes.DamPipesA": {"Rename": "", "Tags": [], "Metadata": "", "Location": [31010.400390625, -3191.8330078125, 3787.133056640625], "Rotation": [0, -16400, 0], "Scale": 1.0, "Scale3D": [1.0, 1.0, 1.0], "Materials": []}}, {"Prop_Pipes.Meshes.DamPipesA": {"Rename": "", "Tags": [], "Metadata": "", "Location": [31030.400390625, -3191.8330078125, 4267.1328125], "Rotation": [0, -16400, 0], "Scale": 1.0, "Scale3D": [1.0, 1.0, 1.0], "Materials": []}}, {"Prop_Pipes.Meshes.DamPipesC": {"Rename": "", "Tags": [], "Metadata": "", "Location": [31240.400390625, -3191.0, 3821.0], "Rotation": [32800, -16400, 0], "Scale": 1.0, "Scale3D": [1.0, 1.0, 1.0], "Materials": []}}, {"Prop_Pickups.Meshes.EridiumBar": {"Rename": "", "Tags": [], "Metadata": "", "Location": [32072.46484375, -4123.7373046875, 3984.0], "Rotation": [0, -4000, 0], "Scale": 1.0, "Scale3D": [1.0, 1.0, 1.0], "Materials": []}}, {"Prop_Pickups.Meshes.EridiumBar": {"Rename": "", "Tags": [], "Metadata": "", "Location": [32030.0, -4123.7373046875, 3984.0], "Rotation": [0, 0, 0], "Scale": 1.0, "Scale3D": [1.0, 1.0, 1.0], "Materials": []}}, {"Prop_Pickups.Meshes.EridiumBar": {"Rename": "", "Tags": [], "Metadata": "", "Location": [32045.0, -4084.0, 3984.0], "Rotation": [0, -1000, 0], "Scale": 1.0, "Scale3D": [1.0, 1.0, 1.0], "Materials": []}}, {"Prop_Pickups.Meshes.EridiumBar": {"Rename": "", "Tags": [], "Metadata": "", "Location": [32045.0, -4114.0, 4001.0], "Rotation": [0, 8000, 0], "Scale": 1.0, "Scale3D": [1.0, 1.0, 1.0], "Materials": []}}, {"Env_GaiusSanctuary.Meshes.SM_Eridium_Pile": {"Rename": "", "Tags": [], "Metadata": "", "Location": [31985.0, -4081.93310546875, 3984.300048828125], "Rotation": [0, 0, 0], "Scale": 1.0, "Scale3D": [1.0, 1.0, 1.0], "Materials": []}}, {"GD_Anemone_Side_Sirentology.Meshes.Hyperion_DestroyConduit_State1": {"Rename": "", "Tags": [], "Metadata": "", "Location": [32178.509765625, -620.7239990234375, 2807.06494140625], "Rotation": [-16400, -16400, 0], "Scale": 2.0, "Scale3D": [1.0, 1.0, 0.800000011920929], "Materials": []}}, {"Prop_Tires.RubberTire": {"Rename": "", "Tags": [], "Metadata": "", "Location": [31608.890625, -1066.9329833984375, 2748.427978515625], "Rotation": [2000, -4000, 0], "Scale": 2.0, "Scale3D": [1.0, 1.0, 1.0], "Materials": []}}, {"Prop_Carnival.StageTrim": {"Rename": "", "Tags": [], "Metadata": "", "Location": [32163.15234375, -582.5180053710938, 2664.906005859375], "Rotation": [0, 0, -16400], "Scale": 1.0, "Scale3D": [1.7000000476837158, 0.5, 1.0], "Materials": []}}, {"Prop_Carnival.StageTrim": {"Rename": "", "Tags": [], "Metadata": "", "Location": [31193.15234375, -1662.5179443359375, 2664.906005859375], "Rotation": [0, 16400, -16400], "Scale": 1.0, "Scale3D": [1.7000000476837158, 0.5, 1.0], "Materials": []}}, {"Prop_Carnival.StageTrim": {"Rename": "", "Tags": [], "Metadata": "", "Location": [31193.15234375, -3342.51806640625, 2664.906005859375], "Rotation": [0, 16400, -16400], "Scale": 1.0, "Scale3D": [1.7000000476837158, 0.5, 1.0], "Materials": []}}, {"Prop_Carnival.StageTrim": {"Rename": "", "Tags": [], "Metadata": "", "Location": [33073.15234375, -1662.5179443359375, 2664.906005859375], "Rotation": [0, -16400, -16400], "Scale": 1.0, "Scale3D": [1.7000000476837158, 0.5, 1.0], "Materials": []}}, {"Prop_Carnival.StageTrim": {"Rename": "", "Tags": [], "Metadata": "", "Location": [33073.15234375, -3342.51806640625, 2664.906005859375], "Rotation": [0, -16400, -16400], "Scale": 1.0, "Scale3D": [1.7000000476837158, 0.5, 1.0], "Materials": []}}, {"Prop_Carnival.StageTrim": {"Rename": "", "Tags": [], "Metadata": "", "Location": [32163.15234375, -4242.51806640625, 2664.906005859375], "Rotation": [0, 32800, -16400], "Scale": 1.0, "Scale3D": [1.7000000476837158, 0.5, 1.0], "Materials": []}}, {"Prop_LynchWood.Mesh.LynchWoodTechWallLG": {"Rename": "", "Tags": [], "Metadata": "", "Location": [33189.9296875, -1321.3360595703125, 3370.281982421875], "Rotation": [0, 0, 0], "Scale": 1.0, "Scale3D": [1.0, 1.0, 1.0], "Materials": []}}, {"Prop_Pipes.Meshes.IndustrialPipeLarge1024": {"Rename": "", "Tags": [], "Metadata": "", "Location": [32965.0859375, -1441.9200439453125, 3751.27099609375], "Rotation": [0, 16400, 0], "Scale": 0.699999988079071, "Scale3D": [1.0, 1.0, 1.0], "Materials": []}}, {"Prop_Pipes.Meshes.IndustrialPipeLarge1024": {"Rename": "", "Tags": [], "Metadata": "", "Location": [32965.0859375, -1441.9200439453125, 3571.27099609375], "Rotation": [0, 16400, 0], "Scale": 0.699999988079071, "Scale3D": [1.0, 1.0, 1.0], "Materials": []}}, {"EngineMeshes.Cube": {"Rename": "floor 1", "Tags": ["floor 1"], "Metadata": "", "Location": [32024.55078125, -998.697021484375, 3982.7109375], "Rotation": [0, 0, -16400], "Scale": 0.75, "Scale3D": [1.0, 0.009999999776482582, 1.0], "Materials": ["FX_CHAR_Shared_Shield.Materials.Instances.Mati_Corrosive_Nova_Shield_Bubble"]}}, {"EngineMeshes.Cube": {"Rename": "floor 2", "Tags": ["floor 2"], "Metadata": "", "Location": [32343.55078125, -998.697021484375, 3982.7109375], "Rotation": [0, 0, -16400], "Scale": 0.75, "Scale3D": [1.0, 0.009999999776482582, 1.0], "Materials": ["FX_CHAR_Shared_Shield.Materials.Instances.Mati_Corrosive_Nova_Shield_Bubble"]}}, {"EngineMeshes.Cube": {"Rename": "floor 3", "Tags": ["floor 3"], "Metadata": "", "Location": [32024.55078125, -1305.697021484375, 3982.7109375], "Rotation": [0, 0, -16400], "Scale": 0.75, "Scale3D": [1.0, 0.009999999776482582, 1.0], "Materials": ["FX_CHAR_Shared_Shield.Materials.Instances.Mati_Corrosive_Nova_Shield_Bubble"]}}, {"EngineMeshes.Cube": {"Rename": "floor 4", "Tags": ["floor 4"], "Metadata": "", "Location": [32343.55078125, -1305.697021484375, 3982.7109375], "Rotation": [0, 0, -16400], "Scale": 0.75, "Scale3D": [1.0, 0.009999999776482582, 1.0], "Materials": ["FX_CHAR_Shared_Shield.Materials.Instances.Mati_Corrosive_Nova_Shield_Bubble"]}}, {"EngineMeshes.Cube": {"Rename": "floor 5", "Tags": ["floor 5"], "Metadata": "", "Location": [32024.55078125, -1612.697021484375, 3982.7109375], "Rotation": [0, 0, -16400], "Scale": 0.75, "Scale3D": [1.0, 0.009999999776482582, 1.0], "Materials": ["FX_CHAR_Shared_Shield.Materials.Instances.Mati_Corrosive_Nova_Shield_Bubble"]}}, {"EngineMeshes.Cube": {"Rename": "floor 6", "Tags": ["floor 6"], "Metadata": "", "Location": [32343.55078125, -1612.697021484375, 3982.7109375], "Rotation": [0, 0, -16400], "Scale": 0.75, "Scale3D": [1.0, 0.009999999776482582, 1.0], "Materials": ["FX_CHAR_Shared_Shield.Materials.Instances.Mati_Corrosive_Nova_Shield_Bubble"]}}, {"EngineMeshes.Cube": {"Rename": "floor 7", "Tags": ["floor 7"], "Metadata": "", "Location": [32024.55078125, -1916.697021484375, 3982.7109375], "Rotation": [0, 0, -16400], "Scale": 0.75, "Scale3D": [1.0, 0.009999999776482582, 1.0], "Materials": ["FX_CHAR_Shared_Shield.Materials.Instances.Mati_Corrosive_Nova_Shield_Bubble"]}}, {"EngineMeshes.Cube": {"Rename": "floor 8", "Tags": ["floor 8"], "Metadata": "", "Location": [32343.55078125, -1916.697021484375, 3982.7109375], "Rotation": [0, 0, -16400], "Scale": 0.75, "Scale3D": [1.0, 0.009999999776482582, 1.0], "Materials": ["FX_CHAR_Shared_Shield.Materials.Instances.Mati_Corrosive_Nova_Shield_Bubble"]}}, {"EngineMeshes.Cube": {"Rename": "floor 9", "Tags": ["floor 9"], "Metadata": "", "Location": [32024.55078125, -2226.697021484375, 3982.7109375], "Rotation": [0, 0, -16400], "Scale": 0.75, "Scale3D": [1.0, 0.009999999776482582, 1.0], "Materials": ["FX_CHAR_Shared_Shield.Materials.Instances.Mati_Corrosive_Nova_Shield_Bubble"]}}, {"EngineMeshes.Cube": {"Rename": "floor 10", "Tags": ["floor 10"], "Metadata": "", "Location": [32343.55078125, -2226.697021484375, 3982.7109375], "Rotation": [0, 0, -16400], "Scale": 0.75, "Scale3D": [1.0, 0.009999999776482582, 1.0], "Materials": ["FX_CHAR_Shared_Shield.Materials.Instances.Mati_Corrosive_Nova_Shield_Bubble"]}}, {"EngineMeshes.Cube": {"Rename": "floor 11", "Tags": ["floor 11"], "Metadata": "", "Location": [32024.55078125, -2540.697021484375, 3982.7109375], "Rotation": [0, 0, -16400], "Scale": 0.75, "Scale3D": [1.0, 0.009999999776482582, 1.0], "Materials": ["FX_CHAR_Shared_Shield.Materials.Instances.Mati_Corrosive_Nova_Shield_Bubble"]}}, {"EngineMeshes.Cube": {"Rename": "floor 12", "Tags": ["floor 12"], "Metadata": "", "Location": [32343.55078125, -2540.697021484375, 3982.7109375], "Rotation": [0, 0, -16400], "Scale": 0.75, "Scale3D": [1.0, 0.009999999776482582, 1.0], "Materials": ["FX_CHAR_Shared_Shield.Materials.Instances.Mati_Corrosive_Nova_Shield_Bubble"]}}, {"EngineMeshes.Cube": {"Rename": "floor 13", "Tags": ["floor 13"], "Metadata": "", "Location": [32024.55078125, -2855.697021484375, 3982.7109375], "Rotation": [0, 0, -16400], "Scale": 0.75, "Scale3D": [1.0, 0.009999999776482582, 1.0], "Materials": ["FX_CHAR_Shared_Shield.Materials.Instances.Mati_Corrosive_Nova_Shield_Bubble"]}}, {"EngineMeshes.Cube": {"Rename": "floor 14", "Tags": ["floor 14"], "Metadata": "", "Location": [32343.55078125, -2855.697021484375, 3982.7109375], "Rotation": [0, 0, -16400], "Scale": 0.75, "Scale3D": [1.0, 0.009999999776482582, 1.0], "Materials": ["FX_CHAR_Shared_Shield.Materials.Instances.Mati_Corrosive_Nova_Shield_Bubble"]}}, {"EngineMeshes.Cube": {"Rename": "floor 15", "Tags": ["floor 15"], "Metadata": "", "Location": [32024.55078125, -3167.697021484375, 3982.7109375], "Rotation": [0, 0, -16400], "Scale": 0.75, "Scale3D": [1.0, 0.009999999776482582, 1.0], "Materials": ["FX_CHAR_Shared_Shield.Materials.Instances.Mati_Corrosive_Nova_Shield_Bubble"]}}, {"EngineMeshes.Cube": {"Rename": "floor 16", "Tags": ["floor 16"], "Metadata": "", "Location": [32343.55078125, -3167.697021484375, 3982.7109375], "Rotation": [0, 0, -16400], "Scale": 0.75, "Scale3D": [1.0, 0.009999999776482582, 1.0], "Materials": ["FX_CHAR_Shared_Shield.Materials.Instances.Mati_Corrosive_Nova_Shield_Bubble"]}}, {"EngineMeshes.Cube": {"Rename": "floor 17", "Tags": ["floor 17"], "Metadata": "", "Location": [32024.55078125, -3482.697021484375, 3982.7109375], "Rotation": [0, 0, -16400], "Scale": 0.75, "Scale3D": [1.0, 0.009999999776482582, 1.0], "Materials": ["FX_CHAR_Shared_Shield.Materials.Instances.Mati_Corrosive_Nova_Shield_Bubble"]}}, {"EngineMeshes.Cube": {"Rename": "floor 18", "Tags": ["floor 18"], "Metadata": "", "Location": [32343.55078125, -3482.697021484375, 3982.7109375], "Rotation": [0, 0, -16400], "Scale": 0.75, "Scale3D": [1.0, 0.009999999776482582, 1.0], "Materials": ["FX_CHAR_Shared_Shield.Materials.Instances.Mati_Corrosive_Nova_Shield_Bubble"]}}, {"EngineMeshes.Cube": {"Rename": "floor 19", "Tags": ["floor 19"], "Metadata": "", "Location": [32024.55078125, -3802.697021484375, 3982.7109375], "Rotation": [0, 0, -16400], "Scale": 0.75, "Scale3D": [1.0, 0.009999999776482582, 1.0], "Materials": ["FX_CHAR_Shared_Shield.Materials.Instances.Mati_Corrosive_Nova_Shield_Bubble"]}}, {"EngineMeshes.Cube": {"Rename": "floor 20", "Tags": ["floor 20"], "Metadata": "", "Location": [32343.55078125, -3802.697021484375, 3982.7109375], "Rotation": [0, 0, -16400], "Scale": 0.75, "Scale3D": [1.0, 0.009999999776482582, 1.0], "Materials": ["FX_CHAR_Shared_Shield.Materials.Instances.Mati_Corrosive_Nova_Shield_Bubble"]}}, {"EngineMeshes.Cube": {"Rename": "invisible wall 1", "Tags": [], "Metadata": "", "Location": [31781.55078125, -2410.697021484375, 4235.7109375], "Rotation": [0, -16400, 0], "Scale": 0.75, "Scale3D": [18.360000610351562, 0.009999999776482582, 2.2100000381469727], "Materials": ["FX_ENV_VOG.Materials.Angel_Echo_INST"]}}, {"EngineMeshes.Cube": {"Rename": "invisible wall 2", "Tags": [], "Metadata": "", "Location": [32592.55078125, -2406.697021484375, 4235.7109375], "Rotation": [0, -16400, 0], "Scale": 0.75, "Scale3D": [18.360000610351562, 0.009999999776482582, 2.2100000381469727], "Materials": ["FX_ENV_VOG.Materials.Angel_Echo_INST"]}}, {"EngineMeshes.Cube": {"Rename": "invisible wall 3", "Tags": [], "Metadata": "", "Location": [32180.55078125, -2403.697021484375, 4230.7109375], "Rotation": [0, -16400, -16400], "Scale": 0.75, "Scale3D": [18.360000610351562, 0.009999999776482582, 3.940000057220459], "Materials": ["FX_ENV_VOG.Materials.Angel_Echo_INST"]}}]}}}