{"interlude_p": {"Create": {"StaticMesh": [{"Prop_Rocks_03.Meshes.AridRockCliff_05_Low": {"Rename": "", "Tags": [], "Metadata": "", "Location": [-12307.861328125, 55448.44140625, -1420.72998046875], "Rotation": [-700, -12700, 0], "Scale": 1.2300000190734863, "Scale3D": [1.0, 1.0, 1.0], "Materials": []}}, {"Prop_Rocks_03.Meshes.AridRockCliff_05_Low": {"Rename": "", "Tags": [], "Metadata": "", "Location": [-8361.3701171875, 51075.09375, 283.0060119628906], "Rotation": [0, -7900, 0], "Scale": 1.1100000143051147, "Scale3D": [1.0, 1.0, 1.0], "Materials": []}}, {"prop_gates.Meshes.CorrugatedGateMed": {"Rename": "", "Tags": [], "Metadata": "", "Location": [-20810.701171875, 40921.7890625, -811.7329711914062], "Rotation": [400, 26200, 0], "Scale": 1.0499999523162842, "Scale3D": [1.0, 1.0, 1.0], "Materials": []}}, {"Common_Meshes.Blocking.Blocking_Cube": {"Rename": "Invisible Wall 1", "Tags": [], "Metadata": "", "Location": [-7635.39990234375, 49192.6640625, 302.9739990234375], "Rotation": [0, 8200, 0], "Scale": 5.0, "Scale3D": [0.009999999776482582, 2.9700000286102295, 1.0], "Materials": ["FX_ENV_VOG.Materials.Angel_Echo_INST"]}}, {"Common_Meshes.Blocking.Blocking_Cube": {"Rename": "Invisible Wall 2", "Tags": [], "Metadata": "", "Location": [-12851.7216796875, 53812.5234375, -1400.43994140625], "Rotation": [0, 2600, 0], "Scale": 5.0, "Scale3D": [0.009999999776482582, 2.2300000190734863, 1.0], "Materials": ["FX_ENV_VOG.Materials.Angel_Echo_INST"]}}, {"EngineMeshes.Sphere": {"Rename": "Pressure Plate", "Tags": ["Pressure Plate"], "Metadata": "", "Location": [-13506.3671875, 50589.34375, 476.0], "Rotation": [0, 6000, -1600], "Scale": 0.5, "Scale3D": [1.0, 1.0, 0.0010000000474974513], "Materials": ["Anemone_GunMaterials.Materials.SMG.Mati_Tediore_6_Infection_Cleaner"]}}, {"Char_Anem_ButtStallion.Mesh.ButtStallion": {"Rename": "", "Tags": [], "Metadata": "", "Location": [-13537.455078125, 50581.38671875, 478.0], "Rotation": [-1500, -11000, 16400], "Scale": 0.5, "Scale3D": [1.0, 0.0010000000474974513, 1.0], "Materials": []}}], "InteractiveObjectDefinition": [{"GD_Balance_Treasure.ChestGrades.ObjectGrade_DahlEpic": {"Rename": "", "Tags": [], "Metadata": "", "Location": [-20423.755859375, 42246.08984375, -1028.1390380859375], "Rotation": [-900, -17800, 1500], "Scale": 1.0, "Scale3D": [1.0, 1.0, 1.0], "Materials": ["Interlude_P.TheWorld:PersistentLevel.WillowInteractiveObject_117.SkeletalMeshComponent_442.MaterialInstanceConstant_371"]}}, {"GD_Balance_Treasure.ChestGrades.ObjectGrade_DahlEpic": {"Rename": "", "Tags": [], "Metadata": "", "Location": [-16174.1455078125, 45086.71484375, -744.333984375], "Rotation": [-2500, -28700, -600], "Scale": 1.0, "Scale3D": [1.0, 1.0, 1.0], "Materials": ["Interlude_P.TheWorld:PersistentLevel.WillowInteractiveObject_118.SkeletalMeshComponent_443.MaterialInstanceConstant_372"]}}, {"GD_Balance_Treasure.ChestGrades.ObjectGrade_DahlEpic": {"Rename": "", "Tags": [], "Metadata": "", "Location": [-9065.53515625, 50159.66796875, 325.12701416015625], "Rotation": [700, -23700, -300], "Scale": 1.0, "Scale3D": [1.0, 1.0, 1.0], "Materials": ["Interlude_P.TheWorld:PersistentLevel.WillowInteractiveObject_119.SkeletalMeshComponent_444.MaterialInstanceConstant_373"]}}, {"GD_Balance_Treasure.ChestGrades.ObjectGrade_DahlEpic": {"Rename": "", "Tags": [], "Metadata": "", "Location": [-19128.294921875, 50538.53125, -960.2139892578125], "Rotation": [-1600, -4900, -200], "Scale": 1.0, "Scale3D": [1.0, 1.0, 1.0], "Materials": ["Interlude_P.TheWorld:PersistentLevel.WillowInteractiveObject_120.SkeletalMeshComponent_445.MaterialInstanceConstant_374"]}}, {"GD_Balance_Treasure.ChestGrades.ObjectGrade_DahlEpic": {"Rename": "", "Tags": [], "Metadata": "", "Location": [-13275.6337890625, 54806.08203125, -1410.9949951171875], "Rotation": [-1800, -29400, 200], "Scale": 1.0, "Scale3D": [1.0, 1.0, 1.0], "Materials": ["Interlude_P.TheWorld:PersistentLevel.WillowInteractiveObject_121.SkeletalMeshComponent_446.MaterialInstanceConstant_375"]}}, {"GD_LevelChallenges.InteractiveObjects.IO_VaultRoy": {"Rename": "Vault Symbol Reward", "Tags": ["Vault Symbol Reward"], "Metadata": "", "Location": [-10414.4287109375, 47053.6484375, 1114.0], "Rotation": [5100, 0, -12200], "Scale": 1.0, "Scale3D": [1.0, 1.0, 1.0], "Materials": []}}]}}}