{
    "hypinterlude_p": {
        "Create": {
            "StaticMesh": [
                {
                    "Prop_HyperionArchitecture.Mesh.HyperionRoadShort": {
                        "Rename": "",
                        "Tags": [],
                        "Metadata": "",
                        "Location": [
                            42962.23828125,
                            47352.66796875,
                            750.4010009765625
                        ],
                        "Rotation": [
                            0,
                            16400,
                            0
                        ],
                        "Scale": 4.010000228881836,
                        "Scale3D": [
                            3.259999990463257,
                            0.07000000029802322,
                            1
                        ],
                        "Materials": []
                    }
                },
                {
                    "Prop_HyperionArchitecture.Mesh.HyperionRoadShort": {
                        "Rename": "",
                        "Tags": [],
                        "Metadata": "",
                        "Location": [
                            44403.05078125,
                            38838.359375,
                            753.9190063476562
                        ],
                        "Rotation": [
                            0,
                            16400,
                            0
                        ],
                        "Scale": 4.010000228881836,
                        "Scale3D": [
                            0.8299999833106995,
                            0.07000000029802322,
                            1
                        ],
                        "Materials": []
                    }
                },
                {
                    "Prop_Panels.DiamondPlate": {
                        "Rename": "",
                        "Tags": [],
                        "Metadata": "",
                        "Location": [
                            47656.09765625,
                            41420.44921875,
                            1044.8780517578125
                        ],
                        "Rotation": [
                            14600,
                            0,
                            0
                        ],
                        "Scale": 0.7099999785423279,
                        "Scale3D": [
                            0.8700000047683716,
                            1,
                            0.009999999776482582
                        ],
                        "Materials": []
                    }
                },
                {
                    "EngineMeshes.Sphere": {
                        "Rename": "Pressure Plate",
                        "Tags": [
                            "Pressure Plate"
                        ],
                        "Metadata": "",
                        "Location": [
                            47885.0703125,
                            41231.9296875,
                            993.8889770507812
                        ],
                        "Rotation": [
                            0,
                            0,
                            0
                        ],
                        "Scale": 0.5,
                        "Scale3D": [
                            1,
                            1,
                            0.0010000000474974513
                        ],
                        "Materials": [
                            "Anemone_GunMaterials.Materials.SMG.Mati_Tediore_6_Infection_Cleaner"
                        ]
                    }
                },
                {
                    "Char_Anem_ButtStallion.Mesh.ButtStallion": {
                        "Rename": "",
                        "Tags": [],
                        "Metadata": "",
                        "Location": [
                            47859.46875,
                            41270.62890625,
                            995
                        ],
                        "Rotation": [
                            0,
                            5000,
                            -16400
                        ],
                        "Scale": 0.5,
                        "Scale3D": [
                            1,
                            0.0010000000474974513,
                            1
                        ],
                        "Materials": []
                    }
                }
            ],
            "InteractiveObjectDefinition": [
                {
                    "GD_Balance_Treasure.ChestGrades.ObjectGrade_HyperionChest": {
                        "Rename": "",
                        "Location": [
                            44672.67578125,
                            46183.42578125,
                            993.4530029296875
                        ],
                        "Rotation": [
                            0,
                            16400,
                            0
                        ],
                        "Scale": 1,
                        "Scale3D": [
                            1,
                            1,
                            1
                        ],
                        "Materials": [
                            "HypInterlude_P.TheWorld:PersistentLevel.WillowInteractiveObject_396.SkeletalMeshComponent_1445.MaterialInstanceConstant_1558"
                        ]
                    }
                },
                {
                    "GD_Balance_Treasure.ChestGrades.ObjectGrade_HyperionChest": {
                        "Rename": "",
                        "Location": [
                            43377.08203125,
                            43675.2421875,
                            753.2039794921875
                        ],
                        "Rotation": [
                            0,
                            3000,
                            0
                        ],
                        "Scale": 1,
                        "Scale3D": [
                            1,
                            1,
                            1
                        ],
                        "Materials": [
                            "HypInterlude_P.TheWorld:PersistentLevel.WillowInteractiveObject_397.SkeletalMeshComponent_1446.MaterialInstanceConstant_1559"
                        ]
                    }
                },
                {
                    "GD_Balance_Treasure.ChestGrades.ObjectGrade_HyperionChest": {
                        "Rename": "",
                        "Location": [
                            46889.8125,
                            41763.22265625,
                            992.8870239257812
                        ],
                        "Rotation": [
                            0,
                            16400,
                            0
                        ],
                        "Scale": 1,
                        "Scale3D": [
                            1,
                            1,
                            1
                        ],
                        "Materials": [
                            "HypInterlude_P.TheWorld:PersistentLevel.WillowInteractiveObject_398.SkeletalMeshComponent_1447.MaterialInstanceConstant_1560"
                        ]
                    }
                },
                {
                    "GD_LevelChallenges.InteractiveObjects.IO_VaultRoy": {
                        "Rename": "Vault Symbol Reward",
                        "Tags": [
                            "Vault Symbol Reward"
                        ],
                        "Location": [
                            46643.04296875,
                            38854.55859375,
                            878.905029296875
                        ],
                        "Rotation": [
                            -3000,
                            16400,
                            0
                        ],
                        "Scale": 0.800000011920929,
                        "Scale3D": [
                            1,
                            1,
                            1
                        ],
                        "Materials": []
                    }
                }
            ]
        }
    }
}