{"dam_p": {"Create": {"StaticMesh": [{"Prop_Panels.DiamondPlate": {"Rename": "", "Tags": [], "Metadata": "", "Location": [-12995.5341796875, 7982.916015625, -1021.3140258789062], "Rotation": [16400, 0, 0], "Scale": 1.4800000190734863, "Scale3D": [1.0, 1.1699999570846558, 1.0], "Materials": []}}, {"Prop_Panels.DiamondPlate": {"Rename": "", "Tags": [], "Metadata": "", "Location": [-6898.0751953125, 7472.3427734375, -1037.425048828125], "Rotation": [16400, 0, 0], "Scale": 1.2100000381469727, "Scale3D": [0.9100000262260437, 1.4700000286102295, 1.0], "Materials": []}}, {"EngineMeshes.Sphere": {"Rename": "Pressure Plate", "Tags": ["Pressure Plate"], "Metadata": "", "Location": [-10686.2880859375, 6675.31005859375, -824.18798828125], "Rotation": [0, 0, 0], "Scale": 0.30000001192092896, "Scale3D": [1.0, 1.0, 0.0010000000474974513], "Materials": ["Anemone_GunMaterials.Materials.SMG.Mati_Tediore_6_Infection_Cleaner"]}}, {"Char_Anem_ButtStallion.Mesh.ButtStallion": {"Rename": "", "Tags": [], "Metadata": "", "Location": [-10695.158203125, 6695.92578125, -824.0], "Rotation": [0, 3800, -16400], "Scale": 0.30000001192092896, "Scale3D": [1.0, 0.0010000000474974513, 1.0], "Materials": []}}], "InteractiveObjectDefinition": [{"GD_Balance_Treasure.ChestGrades.ObjectGrade_DahlEpic": {"Rename": "", "Tags": [], "Metadata": "", "Location": [-12287.1923828125, 7451.34130859375, -1022.2999877929688], "Rotation": [0, 32800, 0], "Scale": 1.0, "Scale3D": [1.0, 1.0, 1.0], "Materials": ["dam_p.TheWorld:PersistentLevel.WillowInteractiveObject_201.SkeletalMeshComponent_813.MaterialInstanceConstant_805"]}}, {"GD_Balance_Treasure.ChestGrades.ObjectGrade_DahlEpic": {"Rename": "", "Tags": [], "Metadata": "", "Location": [-10270.494140625, 8809.32421875, -963.0], "Rotation": [0, -16400, 0], "Scale": 1.0, "Scale3D": [1.0, 1.0, 1.0], "Materials": ["dam_p.TheWorld:PersistentLevel.WillowInteractiveObject_202.SkeletalMeshComponent_814.MaterialInstanceConstant_806"]}}, {"GD_Balance_Treasure.ChestGrades.ObjectGrade_DahlEpic": {"Rename": "", "Tags": [], "Metadata": "", "Location": [-10010.0, 6590.66015625, -1162.0], "Rotation": [0, 16400, 0], "Scale": 0.9900000095367432, "Scale3D": [1.0, 1.0, 1.0], "Materials": ["dam_p.TheWorld:PersistentLevel.WillowInteractiveObject_203.SkeletalMeshComponent_815.MaterialInstanceConstant_807"]}}, {"GD_Balance_Treasure.ChestGrades.ObjectGrade_DahlEpic": {"Rename": "", "Tags": [], "Metadata": "", "Location": [-7026.0, 7212.8369140625, -1023.0], "Rotation": [0, 32800, 0], "Scale": 1.0, "Scale3D": [1.0, 1.0, 1.0], "Materials": ["dam_p.TheWorld:PersistentLevel.WillowInteractiveObject_204.SkeletalMeshComponent_816.MaterialInstanceConstant_808"]}}, {"GD_Balance_Treasure.ChestGrades.ObjectGrade_DahlEpic": {"Rename": "", "Tags": [], "Metadata": "", "Location": [-8569.73828125, 5853.73681640625, -851.0], "Rotation": [0, 16400, 0], "Scale": 1.0, "Scale3D": [1.0, 1.0, 1.0], "Materials": ["dam_p.TheWorld:PersistentLevel.WillowInteractiveObject_205.SkeletalMeshComponent_817.MaterialInstanceConstant_809"]}}, {"GD_LevelChallenges.InteractiveObjects.IO_VaultRoy": {"Rename": "Vault Symbol Reward", "Tags": ["Vault Symbol Reward"], "Metadata": "", "Location": [-7670.955078125, 8059.97998046875, -807.656005859375], "Rotation": [-3000, -16400, 0], "Scale": 0.6899999976158142, "Scale3D": [1.0, 1.0, 1.0], "Materials": []}}]}}}