{
    "tundraexpress_p": {
        "Create": {
            "StaticMesh": [
                {
                    "prop_gates.Meshes.CorrugatedGate": {
                        "Rename": "",
                        "Tags": [],
                        "Metadata": "",
                        "Location": [
                            -9570.2490234375,
                            27527.765625,
                            634.7930297851562
                        ],
                        "Rotation": [
                            0,
                            25800,
                            0
                        ],
                        "Scale": 1,
                        "Scale3D": [
                            0.75,
                            0.75,
                            0.75
                        ],
                        "Materials": []
                    }
                },
                {
                    "prop_gates.Meshes.CorrugatedGate": {
                        "Rename": "",
                        "Tags": [],
                        "Metadata": "",
                        "Location": [
                            -11399.1083984375,
                            28386.193359375,
                            733.6669921875
                        ],
                        "Rotation": [
                            200,
                            29400,
                            0
                        ],
                        "Scale": 1,
                        "Scale3D": [
                            0.75,
                            0.75,
                            0.75
                        ],
                        "Materials": []
                    }
                },
                {
                    "Prop_Buildings_02.Meshes.BanditColumn_01": {
                        "Rename": "",
                        "Tags": [],
                        "Metadata": "",
                        "Location": [
                            -11884.384765625,
                            28515.5859375,
                            333.8599853515625
                        ],
                        "Rotation": [
                            0,
                            -2800,
                            0
                        ],
                        "Scale": 1,
                        "Scale3D": [
                            1,
                            1,
                            1
                        ],
                        "Materials": []
                    }
                },
                {
                    "prop_gates.Meshes.CorrugatedGate": {
                        "Rename": "",
                        "Tags": [],
                        "Metadata": "",
                        "Location": [
                            -11675.1572265625,
                            29103.41015625,
                            693.1389770507812
                        ],
                        "Rotation": [
                            -900,
                            12400,
                            0
                        ],
                        "Scale": 1,
                        "Scale3D": [
                            0.75,
                            0.75,
                            0.75
                        ],
                        "Materials": []
                    }
                },
                {
                    "Prop_Buildings_02.Meshes.BanditColumn_01": {
                        "Rename": "",
                        "Tags": [],
                        "Metadata": "",
                        "Location": [
                            -11467.384765625,
                            29695.5859375,
                            210.86000061035156
                        ],
                        "Rotation": [
                            0,
                            -700,
                            0
                        ],
                        "Scale": 1,
                        "Scale3D": [
                            1,
                            1,
                            1
                        ],
                        "Materials": []
                    }
                },
                {
                    "prop_gates.Meshes.CorrugatedGate": {
                        "Rename": "",
                        "Tags": [],
                        "Metadata": "",
                        "Location": [
                            -11257.1572265625,
                            30296.41015625,
                            673.1389770507812
                        ],
                        "Rotation": [
                            400,
                            12600,
                            0
                        ],
                        "Scale": 1,
                        "Scale3D": [
                            0.75,
                            0.75,
                            0.75
                        ],
                        "Materials": []
                    }
                },
                {
                    "Prop_Buildings_02.Meshes.BanditColumn_01": {
                        "Rename": "",
                        "Tags": [],
                        "Metadata": "",
                        "Location": [
                            -11000.384765625,
                            30875.5859375,
                            236.86000061035156
                        ],
                        "Rotation": [
                            0,
                            -10200,
                            0
                        ],
                        "Scale": 1,
                        "Scale3D": [
                            1,
                            1,
                            1
                        ],
                        "Materials": []
                    }
                },
                {
                    "prop_gates.Meshes.CorrugatedGate": {
                        "Rename": "",
                        "Tags": [],
                        "Metadata": "",
                        "Location": [
                            -10476.1572265625,
                            31224.41015625,
                            751.1389770507812
                        ],
                        "Rotation": [
                            1300,
                            5900,
                            0
                        ],
                        "Scale": 1,
                        "Scale3D": [
                            0.75,
                            0.75,
                            0.75
                        ],
                        "Materials": []
                    }
                },
                {
                    "Prop_Buildings_02.Meshes.BanditColumn_01": {
                        "Rename": "",
                        "Tags": [],
                        "Metadata": "",
                        "Location": [
                            -9952.384765625,
                            31550.5859375,
                            413.8599853515625
                        ],
                        "Rotation": [
                            0,
                            -10200,
                            0
                        ],
                        "Scale": 1,
                        "Scale3D": [
                            1,
                            1,
                            1
                        ],
                        "Materials": []
                    }
                },
                {
                    "prop_gates.Meshes.CorrugatedGate": {
                        "Rename": "",
                        "Tags": [],
                        "Metadata": "",
                        "Location": [
                            -9452.1572265625,
                            31894.41015625,
                            868.1389770507812
                        ],
                        "Rotation": [
                            100,
                            5900,
                            0
                        ],
                        "Scale": 1,
                        "Scale3D": [
                            0.75,
                            0.75,
                            0.75
                        ],
                        "Materials": []
                    }
                },
                {
                    "prop_gates.Meshes.CorrugatedGateMed": {
                        "Rename": "",
                        "Tags": [],
                        "Metadata": "",
                        "Location": [
                            -7282.57080078125,
                            25751.978515625,
                            630.1939697265625
                        ],
                        "Rotation": [
                            400,
                            26600,
                            0
                        ],
                        "Scale": 1,
                        "Scale3D": [
                            0.75,
                            0.75,
                            0.75
                        ],
                        "Materials": []
                    }
                },
                {
                    "Prop_Weapons.CrimsonLanceBomb": {
                        "Rename": "",
                        "Tags": [],
                        "Metadata": "",
                        "Location": [
                            -8872.580078125,
                            26935.173828125,
                            512.9810180664062
                        ],
                        "Rotation": [
                            0,
                            8000,
                            0
                        ],
                        "Scale": 1.2999999523162842,
                        "Scale3D": [
                            0.550000011920929,
                            0.550000011920929,
                            0.550000011920929
                        ],
                        "Materials": [
                            "Prop_Weapons.Materials.Mati_BanditBomb"
                        ]
                    }
                },
                {
                    "EngineMeshes.Sphere": {
                        "Rename": "Pressure Plate",
                        "Tags": [
                            "Pressure Plate"
                        ],
                        "Metadata": "",
                        "Location": [
                            -4009.154052734375,
                            27941.90234375,
                            1500
                        ],
                        "Rotation": [
                            2000,
                            -9700,
                            200
                        ],
                        "Scale": 0.5,
                        "Scale3D": [
                            1,
                            1,
                            0.0010000000474974513
                        ],
                        "Materials": [
                            "Anemone_GunMaterials.Materials.SMG.Mati_Tediore_6_Infection_Cleaner"
                        ]
                    }
                },
                {
                    "Char_Anem_ButtStallion.Mesh.ButtStallion": {
                        "Rename": "",
                        "Tags": [],
                        "Metadata": "",
                        "Location": [
                            -4055.325927734375,
                            27951.67578125,
                            1494.6009521484375
                        ],
                        "Rotation": [
                            -1200,
                            12200,
                            -14800
                        ],
                        "Scale": 0.5,
                        "Scale3D": [
                            1,
                            0.0010000000474974513,
                            1
                        ],
                        "Materials": []
                    }
                }
            ],
            "InteractiveObjectDefinition": [
                {
                    "GD_Balance_Treasure.ChestGrades.ObjectGrade_TreasureChest": {
                        "Rename": "",
                        "Location": [
                            -6151.02490234375,
                            28511.087890625,
                            846.2449951171875
                        ],
                        "Rotation": [
                            0,
                            -9400,
                            0
                        ],
                        "Scale": 1,
                        "Scale3D": [
                            1,
                            1,
                            1
                        ],
                        "Materials": [
                            "tundraexpress_p.TheWorld:PersistentLevel.WillowInteractiveObject_480.SkeletalMeshComponent_1997.MaterialInstanceConstant_2073"
                        ]
                    }
                },
                {
                    "GD_Balance_Treasure.ChestGrades.ObjectGrade_TreasureChest": {
                        "Rename": "",
                        "Location": [
                            -8350.255859375,
                            27999.875,
                            481.53900146484375
                        ],
                        "Rotation": [
                            -200,
                            16800,
                            -300
                        ],
                        "Scale": 1,
                        "Scale3D": [
                            1,
                            1,
                            1
                        ],
                        "Materials": [
                            "tundraexpress_p.TheWorld:PersistentLevel.WillowInteractiveObject_481.SkeletalMeshComponent_1998.MaterialInstanceConstant_2074"
                        ]
                    }
                },
                {
                    "GD_Balance_Treasure.ChestGrades.ObjectGrade_TreasureChest": {
                        "Rename": "",
                        "Location": [
                            -5411.6923828125,
                            27220.373046875,
                            435
                        ],
                        "Rotation": [
                            200,
                            -5000,
                            0
                        ],
                        "Scale": 1,
                        "Scale3D": [
                            1,
                            1,
                            1
                        ],
                        "Materials": [
                            "tundraexpress_p.TheWorld:PersistentLevel.WillowInteractiveObject_482.SkeletalMeshComponent_1999.MaterialInstanceConstant_2075"
                        ]
                    }
                },
                {
                    "GD_Balance_Treasure.ChestGrades.ObjectGrade_TreasureChest": {
                        "Rename": "",
                        "Location": [
                            -11522.5830078125,
                            28730.173828125,
                            540
                        ],
                        "Rotation": [
                            400,
                            -9000,
                            1000
                        ],
                        "Scale": 1,
                        "Scale3D": [
                            1,
                            1,
                            1
                        ],
                        "Materials": [
                            "tundraexpress_p.TheWorld:PersistentLevel.WillowInteractiveObject_483.SkeletalMeshComponent_2000.MaterialInstanceConstant_2076"
                        ]
                    }
                },
                {
                    "GD_Balance_Treasure.ChestGrades.ObjectGrade_TreasureChest": {
                        "Rename": "",
                        "Location": [
                            -7665.11181640625,
                            30240.89453125,
                            473
                        ],
                        "Rotation": [
                            600,
                            10000,
                            -2000
                        ],
                        "Scale": 1,
                        "Scale3D": [
                            1,
                            1,
                            1
                        ],
                        "Materials": [
                            "tundraexpress_p.TheWorld:PersistentLevel.WillowInteractiveObject_484.SkeletalMeshComponent_2001.MaterialInstanceConstant_2077"
                        ]
                    }
                },
                {
                    "GD_LevelChallenges.InteractiveObjects.IO_VaultRoy": {
                        "Rename": "Vault Symbol Reward",
                        "Tags": [
                            "Vault Symbol Reward"
                        ],
                        "Location": [
                            -7722,
                            27026.337890625,
                            638.9635620117188
                        ],
                        "Rotation": [
                            -3000,
                            -16400,
                            2000
                        ],
                        "Scale": 0.4000000059604645,
                        "Scale3D": [
                            1,
                            1,
                            1
                        ],
                        "Materials": []
                    }
                }
            ]
        }
    }
}