{"fridge_p": {"Create": {"StaticMesh": [{"Prop_LynchWood.Mesh.LynchWoodTechWallDoor": {"Rename": "", "Tags": [], "Metadata": "", "Location": [10730.0234375, 15002.2822265625, 10641.921875], "Rotation": [32800, -4000, -4000], "Scale": 3.0, "Scale3D": [1.0, 1.0, 1.0], "Materials": []}}, {"Prop_LynchWood.Mesh.LynchWoodTechWallDoor": {"Rename": "", "Tags": [], "Metadata": "", "Location": [10730.0234375, 15002.2822265625, 10641.921875], "Rotation": [32800, -4000, -4000], "Scale": 3.0, "Scale3D": [-1.0, 1.0, 1.0], "Materials": []}}, {"Prop_Barrels.Meshes.MetalBarrel": {"Rename": "", "Tags": [], "Metadata": "", "Location": [11326.2724609375, 18960.84375, 9839.84375], "Rotation": [16400, 4500, 0], "Scale": 9.819999694824219, "Scale3D": [1.0, 1.0, 0.009999999776482582], "Materials": []}}, {"Env_Caverns.Meshes.Dahl_ConcWalk": {"Rename": "", "Tags": [], "Metadata": "", "Location": [6668.865234375, 17198.53125, 11321.07421875], "Rotation": [0, -4100, 16400], "Scale": 1.0, "Scale3D": [1.0, 1.0, 0.009999999776482582], "Materials": []}}, {"Prop_Stairs.Meshes.Sanc_Stairs": {"Rename": "", "Tags": [], "Metadata": "", "Location": [7872.4580078125, 14656.47265625, 10961.4072265625], "Rotation": [0, -4100, 0], "Scale": 2.0, "Scale3D": [9.999999747378752e-05, 1.7000000476837158, 1.0], "Materials": []}}, {"Prop_Stairs.Meshes.Sanc_Stairs": {"Rename": "", "Tags": [], "Metadata": "", "Location": [9082.4580078125, 14246.47265625, 10961.4072265625], "Rotation": [0, 28670, 0], "Scale": 2.0, "Scale3D": [9.999999747378752e-05, 1.7000000476837158, 1.0], "Materials": []}}, {"Prop_Stairs.Meshes.Sanc_Stairs": {"Rename": "", "Tags": [], "Metadata": "", "Location": [8149.4580078125, 13662.47265625, 10943.4072265625], "Rotation": [0, 12300, 0], "Scale": 2.0, "Scale3D": [9.999999747378752e-05, 1.2999999523162842, 1.2100000381469727], "Materials": []}}, {"Prop_Stairs.Meshes.Sanc_Stairs": {"Rename": "", "Tags": [], "Metadata": "", "Location": [9188.5224609375, 18511.302734375, 10299.90234375], "Rotation": [0, 12300, 0], "Scale": 1.7799999713897705, "Scale3D": [-0.009999999776482582, 0.4300000071525574, 1.0], "Materials": []}}, {"EngineMeshes.Sphere": {"Rename": "Pressure Plate", "Tags": ["Pressure Plate"], "Metadata": "", "Location": [9254.25, 15235.90234375, 10999.0], "Rotation": [0, 0, 0], "Scale": 0.5, "Scale3D": [1.0, 1.0, 0.0010000000474974513], "Materials": ["Anemone_GunMaterials.Materials.SMG.Mati_Tediore_6_Infection_Cleaner"]}}, {"Char_Anem_ButtStallion.Mesh.ButtStallion": {"Rename": "", "Tags": [], "Metadata": "", "Location": [9264.705078125, 15279.7197265625, 11000.0], "Rotation": [0, -3600, -16400], "Scale": 0.5, "Scale3D": [1.0, 0.0010000000474974513, 1.0], "Materials": []}}, {"Prop_Corpses.Meshes.DeadMaleVillager_01": {"Rename": "", "Tags": [], "Metadata": "", "Location": [9174.435546875, 18460.98828125, 10316.904296875], "Rotation": [0, 0, 0], "Scale": 1.0, "Scale3D": [1.0, 1.0, 1.0], "Materials": []}}, {"Prop_Corpses.Meshes.DeadBandit_03": {"Rename": "", "Tags": [], "Metadata": "", "Location": [9089.1689453125, 18305.849609375, 10302.064453125], "Rotation": [0, -6000, 0], "Scale": 1.0, "Scale3D": [1.0, 1.0, 1.0], "Materials": []}}, {"Weap_BuzzAxe.Mesh.Buzzaxe": {"Rename": "", "Tags": [], "Metadata": "", "Location": [9043.46875, 18340.19921875, 10307.3447265625], "Rotation": [16400, -15000, 0], "Scale": 1.2999999523162842, "Scale3D": [1.0, 1.0, 1.0], "Materials": []}}, {"Prop_Icicles.Mesh.IcicleMultiple": {"Rename": "", "Tags": [], "Metadata": "", "Location": [8101.35986328125, 13701.021484375, 11436.412109375], "Rotation": [0, -4400, 0], "Scale": 1.0, "Scale3D": [1.0, 1.0, 1.0], "Materials": []}}], "InteractiveObjectDefinition": [{"GD_Balance_Treasure.ChestGrades.ObjectGrade_DahlEpic": {"Rename": "", "Tags": [], "Metadata": "", "Location": [11221.107421875, 15690.908203125, 9973.751953125], "Rotation": [0, -26900, 0], "Scale": 1.0, "Scale3D": [1.0, 1.0, 1.0], "Materials": ["Fridge_P.TheWorld:PersistentLevel.WillowInteractiveObject_230.SkeletalMeshComponent_1088.MaterialInstanceConstant_931"]}}, {"GD_Balance_Treasure.ChestGrades.ObjectGrade_DahlEpic": {"Rename": "", "Tags": [], "Metadata": "", "Location": [11137.4697265625, 18879.017578125, 9658.0], "Rotation": [0, -28000, 0], "Scale": 1.0, "Scale3D": [1.0, 1.0, 1.0], "Materials": ["Fridge_P.TheWorld:PersistentLevel.WillowInteractiveObject_231.SkeletalMeshComponent_1089.MaterialInstanceConstant_932"]}}, {"GD_Balance_Treasure.ChestGrades.ObjectGrade_DahlEpic": {"Rename": "", "Tags": [], "Metadata": "", "Location": [5171.3837890625, 18777.783203125, 10343.2001953125], "Rotation": [0, 5000, 0], "Scale": 1.0, "Scale3D": [1.0, 1.0, 1.0], "Materials": ["Fridge_P.TheWorld:PersistentLevel.WillowInteractiveObject_232.SkeletalMeshComponent_1090.MaterialInstanceConstant_933"]}}, {"GD_Balance_Treasure.ChestGrades.ObjectGrade_DahlEpic": {"Rename": "", "Tags": [], "Metadata": "", "Location": [7933.4580078125, 18301.447265625, 10950.37109375], "Rotation": [0, -34100, 0], "Scale": 1.0, "Scale3D": [1.0, 1.0, 1.0], "Materials": ["Fridge_P.TheWorld:PersistentLevel.WillowInteractiveObject_233.SkeletalMeshComponent_1091.MaterialInstanceConstant_934"]}}, {"GD_Balance_Treasure.ChestGrades.ObjectGrade_DahlEpic": {"Rename": "", "Tags": [], "Metadata": "", "Location": [8238.48046875, 13883.28515625, 10938.236328125], "Rotation": [0, 12400, 0], "Scale": 1.0, "Scale3D": [1.0, 1.0, 1.0], "Materials": ["Fridge_P.TheWorld:PersistentLevel.WillowInteractiveObject_234.SkeletalMeshComponent_1092.MaterialInstanceConstant_935"]}}, {"GD_LevelChallenges.InteractiveObjects.IO_VaultRoy": {"Rename": "Vault Symbol Reward", "Tags": ["Vault Symbol Reward"], "Metadata": "", "Location": [11804.6552734375, 15849.6318359375, 10153.0], "Rotation": [-3000, -15000, 0], "Scale": 0.5, "Scale3D": [1.0, 1.0, 1.0], "Materials": []}}]}}}