{"pandorapark_p": {"Create": {"StaticMesh": [{"prop_dams.Mesh.HyperionDamPanel": {"Rename": "", "Tags": [], "Metadata": "", "Location": [-13237.0576171875, 44846.546875, -3724.489990234375], "Rotation": [0, -4500, 0], "Scale": 1.0, "Scale3D": [1.0, 1.399999976158142, 0.3799999952316284], "Materials": []}}, {"prop_dams.Mesh.HyperionDamWall": {"Rename": "", "Tags": [], "Metadata": "", "Location": [-5731.6748046875, 38717.37890625, -3458.48193359375], "Rotation": [0, 0, 0], "Scale": 0.8199999928474426, "Scale3D": [0.6000000238418579, 0.8899999856948853, 0.4300000071525574], "Materials": []}}, {"prop_dams.Mesh.HyperionDamWall": {"Rename": "", "Tags": [], "Metadata": "", "Location": [-5633.6748046875, 39527.37890625, -3458.48193359375], "Rotation": [0, 16400, 0], "Scale": 0.8199999928474426, "Scale3D": [0.6000000238418579, 1.2200000286102295, 0.4300000071525574], "Materials": []}}, {"Prop_HyperionArchitecture.Mesh.HyperionTrim01": {"Rename": "", "Tags": [], "Metadata": "", "Location": [-7263.32421875, 40760.98046875, -2897.56201171875], "Rotation": [0, 0, 0], "Scale": 0.5400000214576721, "Scale3D": [4.0, 4.0, 4.0], "Materials": []}}, {"Prop_HyperionArchitecture.Mesh.HyperionPillar01B": {"Rename": "", "Tags": [], "Metadata": "", "Location": [-6701.251953125, 40788.01171875, -2738.0], "Rotation": [0, 0, -16400], "Scale": 0.5, "Scale3D": [2.0, 2.0, 2.0999999046325684], "Materials": []}}, {"Prop_Crate.Meshes.HyperionCrate": {"Rename": "", "Tags": [], "Metadata": "", "Location": [-3465.001953125, 39399.9765625, -2830.7919921875], "Rotation": [0, 3000, -4000], "Scale": 1.2999999523162842, "Scale3D": [1.0, 1.0, 1.0], "Materials": []}}, {"EngineMeshes.Sphere": {"Rename": "Pressure Plate", "Tags": ["Pressure Plate"], "Metadata": "", "Location": [-3722.41796875, 43528.0703125, -2982.0], "Rotation": [0, 0, 0], "Scale": 0.5, "Scale3D": [1.0, 1.0, 0.0010000000474974513], "Materials": ["Anemone_GunMaterials.Materials.SMG.Mati_Tediore_6_Infection_Cleaner"]}}, {"Char_Anem_ButtStallion.Mesh.ButtStallion": {"Rename": "", "Tags": [], "Metadata": "", "Location": [-3755.58203125, 43546.25, -2981.06298828125], "Rotation": [0, 10400, -16400], "Scale": 0.5, "Scale3D": [1.0, 0.0010000000474974513, 1.0], "Materials": []}}, {"prop_containers.Meshes.HyperionContainerPanel": {"Rename": "", "Tags": [], "Metadata": "", "Location": [-4453.94580078125, 43523.625, -2885.548095703125], "Rotation": [21600, 0, 0], "Scale": 0.8100000023841858, "Scale3D": [1.090000033378601, 0.8799999952316284, 1.0], "Materials": []}}, {"Char_Bloodwing.Meshes.Bloodwing": {"Rename": "", "Tags": [], "Metadata": "", "Location": [-4127.2978515625, 43821.05078125, -2891.0], "Rotation": [0, -24900, 0], "Scale": 1.0, "Scale3D": [1.0, 1.0, 1.0], "Materials": []}}, {"Prop_Feathers.Mesh.BloodWingFeatherPile": {"Rename": "", "Tags": [], "Metadata": "", "Location": [-4086.81103515625, 43814.67578125, -2982.3740234375], "Rotation": [0, 0, 0], "Scale": 1.0, "Scale3D": [1.0, 1.0, 1.0], "Materials": []}}, {"Char_Crystalisk.Mesh.Crystalisk_Crystal_Projectile": {"Rename": "", "Tags": [], "Metadata": "", "Location": [-4110.63818359375, 43814.640625, -2828.0], "Rotation": [0, 12400, -4500], "Scale": 0.5799999833106995, "Scale3D": [0.699999988079071, 2.0, 0.699999988079071], "Materials": []}}, {"FX_ENV_Fire.Meshes.Smesh_CyclinderFire": {"Rename": "", "Tags": [], "Metadata": "", "Location": [-4106.755859375, 43812.8515625, -2831.81201171875], "Rotation": [0, 0, 0], "Scale": 0.05000000074505806, "Scale3D": [1.0, 1.0, 0.6000000238418579], "Materials": []}}, {"Prop_Details.Meshes.BeerBottle": {"Rename": "", "Tags": [], "Metadata": "", "Location": [-4108.0029296875, 43889.0859375, -2874.274658203125], "Rotation": [0, 0, -5600], "Scale": 2.0, "Scale3D": [1.0, 1.0, 1.0], "Materials": []}}, {"Prop_Pickups.Meshes.CashPickup": {"Rename": "", "Tags": [], "Metadata": "", "Location": [-4150.72216796875, 43779.3125, -2982.212890625], "Rotation": [0, -5100, 0], "Scale": 2.0, "Scale3D": [1.0, 1.0, 1.0], "Materials": []}}, {"Prop_Pickups.Meshes.CashPickup": {"Rename": "", "Tags": [], "Metadata": "", "Location": [-4065.721923828125, 43779.3125, -2982.212890625], "Rotation": [0, 3300, 0], "Scale": 2.0, "Scale3D": [1.0, 1.0, 1.0], "Materials": []}}, {"Prop_Pickups.Meshes.CashPickup": {"Rename": "", "Tags": [], "Metadata": "", "Location": [-4078.721923828125, 43840.3125, -2982.212890625], "Rotation": [0, 11500, 0], "Scale": 2.0, "Scale3D": [1.0, 1.0, 1.0], "Materials": []}}, {"GD_Anemone_Side_SpaceCowboy.Meshes.GuyMagazine_SirensCall": {"Rename": "", "Tags": [], "Metadata": "", "Location": [-4121.6748046875, 43719.01171875, -2982.626953125], "Rotation": [0, 20800, 0], "Scale": 2.0, "Scale3D": [1.0, 1.0, 1.0], "Materials": []}}, {"GD_Anemone_Side_SpaceCowboy.Meshes.GuyMagazine_Racks": {"Rename": "", "Tags": [], "Metadata": "", "Location": [-4212.32080078125, 43853.0, -2893.64990234375], "Rotation": [0, 18100, 0], "Scale": 2.0, "Scale3D": [1.0, 1.0, 1.0], "Materials": []}}, {"Prop_Plants.Meshes.HangingMossSheet": {"Rename": "", "Tags": [], "Metadata": "", "Location": [-4143.11279296875, 43925.30859375, -2892.344970703125], "Rotation": [0, 0, 16400], "Scale": 0.1599999964237213, "Scale3D": [0.6200000047683716, 1.7400000095367432, 0.3799999952316284], "Materials": []}}, {"Prop_Plants.Meshes.HangingMossSheet": {"Rename": "", "Tags": [], "Metadata": "", "Location": [-4143.11279296875, 43925.30859375, -2892.344970703125], "Rotation": [0, 0, 16400], "Scale": 0.1599999964237213, "Scale3D": [0.6200000047683716, 1.7400000095367432, -0.3799999952316284], "Materials": []}}, {"Prop_Plants.Meshes.HangingMossSheet": {"Rename": "", "Tags": [], "Metadata": "", "Location": [-4143.11279296875, 43925.30859375, -2892.344970703125], "Rotation": [0, 12500, 16400], "Scale": 0.1599999964237213, "Scale3D": [0.6200000047683716, 1.2699999809265137, -0.6600000262260437], "Materials": []}}, {"FX_CREA_PrimalBeast.Meshes.Mesh_Bullymong_Rock_01": {"Rename": "", "Tags": [], "Metadata": "", "Location": [-4146.4599609375, 43968.55078125, -2897.797119140625], "Rotation": [-16400, 0, 0], "Scale": 0.2800000011920929, "Scale3D": [1.0, 0.9100000262260437, 1.0], "Materials": []}}, {"FX_CREA_PrimalBeast.Meshes.Mesh_Bullymong_Rock_04": {"Rename": "", "Tags": [], "Metadata": "", "Location": [-4147.8330078125, 43988.65625, -2895.343994140625], "Rotation": [6700, 0, 0], "Scale": 0.17000000178813934, "Scale3D": [1.0, 0.14000000059604645, 1.0], "Materials": []}}, {"FX_CREA_PrimalBeast.Meshes.Mesh_Bullymong_Rock_04": {"Rename": "", "Tags": [], "Metadata": "", "Location": [-4150.8330078125, 43981.65625, -2895.343994140625], "Rotation": [7100, 32600, 200], "Scale": 0.17000000178813934, "Scale3D": [1.0, 0.14000000059604645, 1.1699999570846558], "Materials": []}}, {"Prop_Weapons.Meshes.RolandKnife": {"Rename": "", "Tags": [], "Metadata": "", "Location": [-4167.39013671875, 43969.87890625, -2857.739990234375], "Rotation": [1500, -1200, 13500], "Scale": 1.0, "Scale3D": [1.0, 1.0, 1.0], "Materials": []}}, {"Prop_Plants.Mushrooms": {"Rename": "", "Tags": [], "Metadata": "", "Location": [-4142.330078125, 44027.3203125, -2889.68310546875], "Rotation": [0, -9300, 0], "Scale": 0.20999999344348907, "Scale3D": [1.0, 1.0, 1.0], "Materials": []}}, {"Prop_Plants.SkagBush": {"Rename": "", "Tags": [], "Metadata": "", "Location": [-4137.505859375, 43933.29296875, -2892.52392578125], "Rotation": [0, 0, 0], "Scale": 0.23000000417232513, "Scale3D": [1.0, 1.0, 1.0], "Materials": []}}], "InteractiveObjectDefinition": [{"GD_Balance_Treasure.ChestGrades.ObjectGrade_HyperionChest": {"Rename": "", "Tags": [], "Metadata": "", "Location": [-4647.90576171875, 40529.98046875, -3456.423095703125], "Rotation": [0, -16400, 0], "Scale": 1.0, "Scale3D": [1.0, 1.0, 1.0], "Materials": ["PandoraPark_P.TheWorld:PersistentLevel.WillowInteractiveObject_1193.SkeletalMeshComponent_7284.MaterialInstanceConstant_7057"]}}, {"GD_Balance_Treasure.ChestGrades.ObjectGrade_HyperionChest": {"Rename": "", "Tags": [], "Metadata": "", "Location": [-7439.09716796875, 43733.37890625, -3694.14599609375], "Rotation": [0, -32800, 0], "Scale": 1.0, "Scale3D": [1.0, 1.0, 1.0], "Materials": ["PandoraPark_P.TheWorld:PersistentLevel.WillowInteractiveObject_1194.SkeletalMeshComponent_7285.MaterialInstanceConstant_7058"]}}, {"GD_Balance_Treasure.ChestGrades.ObjectGrade_HyperionChest": {"Rename": "", "Tags": [], "Metadata": "", "Location": [-12440.0390625, 44975.5703125, -3712.93310546875], "Rotation": [0, -12900, 0], "Scale": 1.0, "Scale3D": [1.0, 1.0, 1.0], "Materials": ["PandoraPark_P.TheWorld:PersistentLevel.WillowInteractiveObject_1195.SkeletalMeshComponent_7286.MaterialInstanceConstant_7059"]}}, {"GD_Balance_Treasure.ChestGrades.ObjectGrade_HyperionChest": {"Rename": "", "Tags": [], "Metadata": "", "Location": [-8001.7412109375, 47691.578125, -3565.261962890625], "Rotation": [0, -19000, 0], "Scale": 1.0, "Scale3D": [1.0, 1.0, 1.0], "Materials": ["PandoraPark_P.TheWorld:PersistentLevel.WillowInteractiveObject_1196.SkeletalMeshComponent_7287.MaterialInstanceConstant_7060"]}}, {"GD_Balance_Treasure.ChestGrades.ObjectGrade_HyperionChest": {"Rename": "", "Tags": [], "Metadata": "", "Location": [-4011.841064453125, 45691.078125, -3712.388916015625], "Rotation": [0, 0, 0], "Scale": 1.0, "Scale3D": [1.0, 1.0, 1.0], "Materials": ["PandoraPark_P.TheWorld:PersistentLevel.WillowInteractiveObject_1197.SkeletalMeshComponent_7288.MaterialInstanceConstant_7061"]}}, {"GD_Balance_Treasure.ChestGrades.ObjectGrade_HyperionChest": {"Rename": "", "Tags": [], "Metadata": "", "Location": [-3731.425048828125, 44357.29296875, -2985.613037109375], "Rotation": [0, -16400, 0], "Scale": 1.0, "Scale3D": [1.0, 1.0, 1.0], "Materials": ["PandoraPark_P.TheWorld:PersistentLevel.WillowInteractiveObject_1198.SkeletalMeshComponent_7289.MaterialInstanceConstant_7062"]}}, {"GD_LevelChallenges.InteractiveObjects.IO_VaultRoy": {"Rename": "Vault Symbol Reward", "Tags": ["Vault Symbol Reward"], "Metadata": "", "Location": [-9415.0400390625, 42547.62890625, -3504.627197265625], "Rotation": [3000, 16400, 0], "Scale": 1.0, "Scale3D": [1.0, 1.0, 1.0], "Materials": []}}]}}}