{"pandorapark_p": {"Create": {"StaticMesh": [{"prop_dams.Mesh.HyperionDamWallDouble": {"Rename": "", "Tags": [], "Metadata": "", "Location": [-26342.44921875, 17353.8984375, -980.2579956054688], "Rotation": [0, 26000, 0], "Scale": 1.0, "Scale3D": [1.0, 1.0, 1.0], "Materials": []}}, {"prop_dams.Mesh.HyperionDamWallDouble": {"Rename": "", "Tags": [], "Metadata": "", "Location": [-25564.44921875, 19323.8984375, -980.2579956054688], "Rotation": [0, 28900, 0], "Scale": 1.0, "Scale3D": [1.0, 1.0, 1.0], "Materials": []}}, {"prop_dams.Mesh.HyperionDamWallDouble": {"Rename": "", "Tags": [], "Metadata": "", "Location": [-25123.44921875, 21355.8984375, -980.2579956054688], "Rotation": [0, 30500, 0], "Scale": 1.0, "Scale3D": [1.0, 1.0, 1.0], "Materials": []}}, {"Prop_HyperionArchitecture.Mesh.HyperionDoor": {"Rename": "", "Tags": [], "Metadata": "", "Location": [-31286.6015625, 24230.25390625, -813.4249877929688], "Rotation": [0, 0, 0], "Scale": 2.0, "Scale3D": [1.0, 1.0, 1.0], "Materials": []}}, {"Prop_HyperionArchitecture.Mesh.HyperionDoor": {"Rename": "", "Tags": [], "Metadata": "", "Location": [-31286.6015625, 24230.25390625, -813.4249877929688], "Rotation": [0, 0, 0], "Scale": 2.0, "Scale3D": [-1.0, 1.0, 1.0], "Materials": []}}, {"prop_containers.Meshes.HyperionContainer": {"Rename": "", "Tags": [], "Metadata": "", "Location": [-33644.77734375, 13828.4697265625, -947.9000244140625], "Rotation": [-1300, 700, -3600], "Scale": 1.059999942779541, "Scale3D": [1.0, 1.0, 1.0], "Materials": []}}, {"prop_containers.Meshes.HyperionContainer": {"Rename": "", "Tags": [], "Metadata": "", "Location": [-35801.24609375, 14118.837890625, -485.1650085449219], "Rotation": [700, 17000, 0], "Scale": 1.2999999523162842, "Scale3D": [1.0, 0.8700000047683716, 1.0], "Materials": []}}, {"Common_Meshes.Blocking.Blocking_Cube": {"Rename": "Invisible Wall 1", "Tags": [], "Metadata": "", "Location": [-34053.88671875, 13504.6015625, -1090.2099609375], "Rotation": [0, -12900, 0], "Scale": 3.0, "Scale3D": [0.009999999776482582, 1.2300000190734863, 1.5], "Materials": ["FX_ENV_VOG.Materials.Angel_Echo_INST"]}}, {"Common_Meshes.Blocking.Blocking_Cube": {"Rename": "Invisible Wall 2", "Tags": [], "Metadata": "", "Location": [-34743.88671875, 12904.6015625, -1090.2099609375], "Rotation": [0, -8900, 0], "Scale": 3.0, "Scale3D": [0.009999999776482582, 1.2300000190734863, 1.5], "Materials": ["FX_ENV_VOG.Materials.Angel_Echo_INST"]}}, {"Common_Meshes.Blocking.Blocking_Cube": {"Rename": "Invisible Wall 3", "Tags": [], "Metadata": "", "Location": [-35333.88671875, 11974.6015625, -1090.2099609375], "Rotation": [0, -5900, 0], "Scale": 3.0, "Scale3D": [0.009999999776482582, 1.4299999475479126, 1.5], "Materials": ["FX_ENV_VOG.Materials.Angel_Echo_INST"]}}, {"Common_Meshes.Blocking.Blocking_Cube": {"Rename": "Invisible Wall 4", "Tags": [], "Metadata": "", "Location": [-32653.88671875, 13934.6015625, -1090.2099609375], "Rotation": [0, -17900, 0], "Scale": 3.0, "Scale3D": [0.009999999776482582, 1.2300000190734863, 1.5], "Materials": ["FX_ENV_VOG.Materials.Angel_Echo_INST"]}}, {"Common_Meshes.Blocking.Blocking_Cube": {"Rename": "Invisible Wall 5", "Tags": [], "Metadata": "", "Location": [-31293.88671875, 13604.6015625, -1090.2099609375], "Rotation": [0, -22900, 0], "Scale": 3.0, "Scale3D": [0.009999999776482582, 1.2300000190734863, 1.5], "Materials": ["FX_ENV_VOG.Materials.Angel_Echo_INST"]}}, {"Common_Meshes.Blocking.Blocking_Cube": {"Rename": "Invisible Wall 6", "Tags": [], "Metadata": "", "Location": [-30783.88671875, 13044.6015625, -1090.2099609375], "Rotation": [0, -7900, 0], "Scale": 3.0, "Scale3D": [0.009999999776482582, 1.2300000190734863, 1.5], "Materials": ["FX_ENV_VOG.Materials.Angel_Echo_INST"]}}, {"Common_Meshes.Blocking.Blocking_Cube": {"Rename": "Invisible Wall 7", "Tags": [], "Metadata": "", "Location": [-34039.109375, 13489.9833984375, -501.6000061035156], "Rotation": [21500, -12900, 0], "Scale": 3.0, "Scale3D": [0.009999999776482582, 1.2300000190734863, 1.5], "Materials": ["FX_ENV_VOG.Materials.Angel_Echo_INST"]}}, {"EngineMeshes.Sphere": {"Rename": "Pressure Plate", "Tags": ["Pressure Plate"], "Metadata": "", "Location": [-35667.48828125, 22608.021484375, -21.0], "Rotation": [5000, -17000, 0], "Scale": 0.5, "Scale3D": [1.0, 1.0, 0.0010000000474974513], "Materials": ["Anemone_GunMaterials.Materials.SMG.Mati_Tediore_6_Infection_Cleaner"]}}, {"Char_Anem_ButtStallion.Mesh.ButtStallion": {"Rename": "", "Tags": [], "Metadata": "", "Location": [-35663.53125, 22572.28515625, -1.3170000314712524], "Rotation": [-400, 0, 21100], "Scale": 0.5, "Scale3D": [1.0, 0.0010000000474974513, 1.0], "Materials": []}}], "InteractiveObjectDefinition": [{"GD_Balance_Treasure.ChestGrades.ObjectGrade_HyperionChest": {"Rename": "", "Tags": [], "Metadata": "", "Location": [-34645.90625, 17335.216796875, -348.5830078125], "Rotation": [-1100, -38800, 100], "Scale": 1.0, "Scale3D": [1.0, 1.0, 1.0], "Materials": ["PandoraPark_P.TheWorld:PersistentLevel.WillowInteractiveObject_37.SkeletalMeshComponent_518.MaterialInstanceConstant_540"]}}, {"GD_Balance_Treasure.ChestGrades.ObjectGrade_HyperionChest": {"Rename": "", "Tags": [], "Metadata": "", "Location": [-27241.208984375, 16841.611328125, -820.947998046875], "Rotation": [0, -38800, -1900], "Scale": 1.0, "Scale3D": [1.0, 1.0, 1.0], "Materials": ["PandoraPark_P.TheWorld:PersistentLevel.WillowInteractiveObject_38.SkeletalMeshComponent_519.MaterialInstanceConstant_541"]}}, {"GD_Balance_Treasure.ChestGrades.ObjectGrade_HyperionChest": {"Rename": "", "Tags": [], "Metadata": "", "Location": [-31272.689453125, 22739.0078125, -792.3880004882812], "Rotation": [0, -16400, 0], "Scale": 1.0, "Scale3D": [1.0, 1.0, 1.0], "Materials": ["PandoraPark_P.TheWorld:PersistentLevel.WillowInteractiveObject_39.SkeletalMeshComponent_520.MaterialInstanceConstant_542"]}}, {"GD_Balance_Treasure.ChestGrades.ObjectGrade_HyperionChest": {"Rename": "", "Tags": [], "Metadata": "", "Location": [-26797.216796875, 21458.431640625, -813.9180297851562], "Rotation": [100, -24800, 800], "Scale": 1.0, "Scale3D": [1.0, 1.0, 1.0], "Materials": ["PandoraPark_P.TheWorld:PersistentLevel.WillowInteractiveObject_40.SkeletalMeshComponent_521.MaterialInstanceConstant_543"]}}, {"GD_Balance_Treasure.ChestGrades.ObjectGrade_HyperionChest": {"Rename": "", "Tags": [], "Metadata": "", "Location": [-33682.73046875, 14362.8984375, -776.1489868164062], "Rotation": [1800, 18600, -600], "Scale": 1.0, "Scale3D": [1.0, 1.0, 1.0], "Materials": ["PandoraPark_P.TheWorld:PersistentLevel.WillowInteractiveObject_41.SkeletalMeshComponent_522.MaterialInstanceConstant_544"]}}, {"GD_LevelChallenges.InteractiveObjects.IO_VaultRoy": {"Rename": "Vault Symbol Reward", "Tags": ["Vault Symbol Reward"], "Metadata": "", "Location": [-26453.32421875, 18729.498046875, -787.5800170898438], "Rotation": [-2600, 26500, -600], "Scale": 1.0, "Scale3D": [1.0, 1.0, 1.0], "Materials": []}}]}}}