{"pandorapark_p": {"Create": {"StaticMesh": [{"prop_dams.Mesh.HyperionDamWallDouble": {"Rename": "", "Tags": [], "Metadata": "", "Location": [-26342.44921875, 17353.8984375, -980.2579956054688], "Rotation": [0, 26000, 0], "Scale": 1.0, "Scale3D": [1.0, 1.0, 1.0], "Materials": []}}, {"prop_dams.Mesh.HyperionDamWallDouble": {"Rename": "", "Tags": [], "Metadata": "", "Location": [-25564.44921875, 19323.8984375, -980.2579956054688], "Rotation": [0, 28900, 0], "Scale": 1.0, "Scale3D": [1.0, 1.0, 1.0], "Materials": []}}, {"prop_dams.Mesh.HyperionDamWallDouble": {"Rename": "", "Tags": [], "Metadata": "", "Location": [-25123.44921875, 21355.8984375, -980.2579956054688], "Rotation": [0, 30500, 0], "Scale": 1.0, "Scale3D": [1.0, 1.0, 1.0], "Materials": []}}, {"Prop_HyperionArchitecture.Mesh.HyperionDoor": {"Rename": "", "Tags": [], "Metadata": "", "Location": [-31286.6015625, 24230.25390625, -813.4249877929688], "Rotation": [0, 0, 0], "Scale": 2.0, "Scale3D": [1.0, 1.0, 1.0], "Materials": []}}, {"Prop_HyperionArchitecture.Mesh.HyperionDoor": {"Rename": "", "Tags": [], "Metadata": "", "Location": [-31286.6015625, 24230.25390625, -813.4249877929688], "Rotation": [0, 0, 0], "Scale": 2.0, "Scale3D": [-1.0, 1.0, 1.0], "Materials": []}}, {"prop_containers.Meshes.HyperionContainer": {"Rename": "", "Tags": [], "Metadata": "", "Location": [-33644.77734375, 13828.4697265625, -947.9000244140625], "Rotation": [-1300, 700, -3600], "Scale": 1.059999942779541, "Scale3D": [1.0, 1.0, 1.0], "Materials": []}}, {"prop_containers.Meshes.HyperionContainer": {"Rename": "", "Tags": [], "Metadata": "", "Location": [-35801.24609375, 14118.837890625, -485.1650085449219], "Rotation": [700, 17000, 0], "Scale": 1.2999999523162842, "Scale3D": [1.0, 0.8700000047683716, 1.0], "Materials": []}}, {"Common_Meshes.Blocking.Blocking_Cube": {"Rename": "Invisible Wall 1", "Tags": [], "Metadata": "", "Location": [-34053.88671875, 13504.6015625, -1090.2099609375], "Rotation": [0, -12900, 0], "Scale": 3.0, "Scale3D": [0.009999999776482582, 1.2300000190734863, 1.5], "Materials": ["FX_ENV_VOG.Materials.Angel_Echo_INST"]}}, {"Common_Meshes.Blocking.Blocking_Cube": {"Rename": "Invisible Wall 2", "Tags": [], "Metadata": "", "Location": [-34743.88671875, 12904.6015625, -1090.2099609375], "Rotation": [0, -8900, 0], "Scale": 3.0, "Scale3D": [0.009999999776482582, 1.2300000190734863, 1.5], "Materials": ["FX_ENV_VOG.Materials.Angel_Echo_INST"]}}, {"Common_Meshes.Blocking.Blocking_Cube": {"Rename": "Invisible Wall 3", "Tags": [], "Metadata": "", "Location": [-35333.88671875, 11974.6015625, -1090.2099609375], "Rotation": [0, -5900, 0], "Scale": 3.0, "Scale3D": [0.009999999776482582, 1.4299999475479126, 1.5], "Materials": ["FX_ENV_VOG.Materials.Angel_Echo_INST"]}}, {"Common_Meshes.Blocking.Blocking_Cube": {"Rename": "Invisible Wall 4", "Tags": [], "Metadata": "", "Location": [-32653.88671875, 13934.6015625, -1090.2099609375], "Rotation": [0, -17900, 0], "Scale": 3.0, "Scale3D": [0.009999999776482582, 1.2300000190734863, 1.5], "Materials": ["FX_ENV_VOG.Materials.Angel_Echo_INST"]}}, {"Common_Meshes.Blocking.Blocking_Cube": {"Rename": "Invisible Wall 5", "Tags": [], "Metadata": "", "Location": [-31293.88671875, 13604.6015625, -1090.2099609375], "Rotation": [0, -22900, 0], "Scale": 3.0, "Scale3D": [0.009999999776482582, 1.2300000190734863, 1.5], "Materials": ["FX_ENV_VOG.Materials.Angel_Echo_INST"]}}, {"Common_Meshes.Blocking.Blocking_Cube": {"Rename": "Invisible Wall 6", "Tags": [], "Metadata": "", "Location": [-30783.88671875, 13044.6015625, -1090.2099609375], "Rotation": [0, -7900, 0], "Scale": 3.0, "Scale3D": [0.009999999776482582, 1.2300000190734863, 1.5], "Materials": ["FX_ENV_VOG.Materials.Angel_Echo_INST"]}}, {"Common_Meshes.Blocking.Blocking_Cube": {"Rename": "Invisible Wall 7", "Tags": [], "Metadata": "", "Location": [-34039.109375, 13489.9833984375, -501.6000061035156], "Rotation": [21500, -12900, 0], "Scale": 3.0, "Scale3D": [0.009999999776482582, 1.2300000190734863, 1.5], "Materials": ["FX_ENV_VOG.Materials.Angel_Echo_INST"]}}, {"EngineMeshes.Sphere": {"Rename": "Pressure Plate", "Tags": ["Pressure Plate"], "Metadata": "", "Location": [-35667.48828125, 22608.021484375, -21.0], "Rotation": [5000, -17000, 0], "Scale": 0.5, "Scale3D": [1.0, 1.0, 0.0010000000474974513], "Materials": ["Anemone_GunMaterials.Materials.SMG.Mati_Tediore_6_Infection_Cleaner"]}}, {"Char_Anem_ButtStallion.Mesh.ButtStallion": {"Rename": "", "Tags": [], "Metadata": "", "Location": [-35663.53125, 22572.28515625, -1.3170000314712524], "Rotation": [-400, 0, 21100], "Scale": 0.5, "Scale3D": [1.0, 0.0010000000474974513, 1.0], "Materials": []}}], "InteractiveObjectDefinition": [{"GD_Balance_Treasure.ChestGrades.ObjectGrade_HyperionChest": {"Rename": "", "Tags": [], "Metadata": "", "Location": [-34645.90625, 17335.216796875, -348.5830078125], "Rotation": [-1100, -38800, 100], "Scale": 1.0, "Scale3D": [1.0, 1.0, 1.0], "Materials": ["PandoraPark_P.TheWorld:PersistentLevel.WillowInteractiveObject_8.SkeletalMeshComponent_241.MaterialInstanceConstant_292"]}}, {"GD_Balance_Treasure.ChestGrades.ObjectGrade_HyperionChest": {"Rename": "", "Tags": [], "Metadata": "", "Location": [-27241.208984375, 16841.611328125, -820.947998046875], "Rotation": [0, -38800, -1900], "Scale": 1.0, "Scale3D": [1.0, 1.0, 1.0], "Materials": ["PandoraPark_P.TheWorld:PersistentLevel.WillowInteractiveObject_9.SkeletalMeshComponent_242.MaterialInstanceConstant_293"]}}, {"GD_Balance_Treasure.ChestGrades.ObjectGrade_HyperionChest": {"Rename": "", "Tags": [], "Metadata": "", "Location": [-31289.09375, 23899.056640625, -810.905029296875], "Rotation": [0, -16400, 0], "Scale": 1.0, "Scale3D": [1.0, 1.0, 1.0], "Materials": ["PandoraPark_P.TheWorld:PersistentLevel.WillowInteractiveObject_11.SkeletalMeshComponent_243.MaterialInstanceConstant_294"]}}, {"GD_Balance_Treasure.ChestGrades.ObjectGrade_HyperionChest": {"Rename": "", "Tags": [], "Metadata": "", "Location": [-30457.474609375, 20423.1875, -803.8939819335938], "Rotation": [800, -17000, 400], "Scale": 1.0, "Scale3D": [1.0, 1.0, 1.0], "Materials": ["PandoraPark_P.TheWorld:PersistentLevel.WillowInteractiveObject_12.SkeletalMeshComponent_244.MaterialInstanceConstant_295"]}}, {"GD_Balance_Treasure.ChestGrades.ObjectGrade_HyperionChest": {"Rename": "", "Tags": [], "Metadata": "", "Location": [-33682.73046875, 14362.8984375, -776.1489868164062], "Rotation": [1800, 18600, -600], "Scale": 1.0, "Scale3D": [1.0, 1.0, 1.0], "Materials": ["PandoraPark_P.TheWorld:PersistentLevel.WillowInteractiveObject_13.SkeletalMeshComponent_245.MaterialInstanceConstant_296"]}}, {"GD_LevelChallenges.InteractiveObjects.IO_VaultRoy": {"Rename": "Vault Symbol Reward", "Tags": ["Vault Symbol Reward"], "Metadata": "", "Location": [-30778.796875, 23267.54296875, -639.1160278320312], "Rotation": [-2600, 16400, 0], "Scale": 1.0, "Scale3D": [1.0, 1.0, 1.0], "Materials": []}}]}}}