{"pandorapark_p": {"Create": {"StaticMesh": [{"Prop_HyperionArchitecture.Mesh.HyperionWall03": {"Rename": "", "Tags": [], "Metadata": "", "Location": [-26095.533203125, 43499.56640625, -601.125], "Rotation": [0, 0, 0], "Scale": 1.0, "Scale3D": [1.0, 1.0, 1.2799999713897705], "Materials": []}}, {"Prop_HyperionArchitecture.Mesh.DropzoneWall": {"Rename": "", "Tags": [], "Metadata": "", "Location": [-22145.333984375, 37058.9609375, 204.12100219726562], "Rotation": [0, 16400, 0], "Scale": 0.5, "Scale3D": [1.0, 0.28999999165534973, 2.109999895095825], "Materials": []}}, {"EngineMeshes.Sphere": {"Rename": "Pressure Plate", "Tags": ["Pressure Plate"], "Metadata": "", "Location": [-25513.990234375, 42214.05859375, -314.8280029296875], "Rotation": [0, 0, 0], "Scale": 0.30000001192092896, "Scale3D": [1.0, 1.0, 0.0010000000474974513], "Materials": ["Anemone_GunMaterials.Materials.SMG.Mati_Tediore_6_Infection_Cleaner"]}}, {"Char_Anem_ButtStallion.Mesh.ButtStallion": {"Rename": "", "Tags": [], "Metadata": "", "Location": [-25530.072265625, 42231.51171875, -314.70001220703125], "Rotation": [0, 6800, -16400], "Scale": 0.30000001192092896, "Scale3D": [1.0, 0.0010000000474974513, 1.0], "Materials": []}}], "InteractiveObjectDefinition": [{"GD_Balance_Treasure.ChestGrades.ObjectGrade_HyperionChest": {"Rename": "", "Tags": [], "Metadata": "", "Location": [-25503.056640625, 42857.9296875, -600.1580200195312], "Rotation": [0, 16400, 0], "Scale": 1.0, "Scale3D": [1.0, 1.0, 1.0], "Materials": ["PandoraPark_P.TheWorld:PersistentLevel.WillowInteractiveObject_124.SkeletalMeshComponent_1032.MaterialInstanceConstant_1279"]}}, {"GD_Balance_Treasure.ChestGrades.ObjectGrade_HyperionChest": {"Rename": "", "Tags": [], "Metadata": "", "Location": [-26035.5234375, 41160.2890625, -600.114990234375], "Rotation": [0, 24000, 0], "Scale": 1.0, "Scale3D": [1.0, 1.0, 1.0], "Materials": ["PandoraPark_P.TheWorld:PersistentLevel.WillowInteractiveObject_125.SkeletalMeshComponent_1033.MaterialInstanceConstant_1280"]}}, {"GD_Balance_Treasure.ChestGrades.ObjectGrade_HyperionChest": {"Rename": "", "Tags": [], "Metadata": "", "Location": [-23935.076171875, 40296.44921875, -600.8289794921875], "Rotation": [0, 0, 0], "Scale": 1.0, "Scale3D": [1.0, 1.0, 1.0], "Materials": ["PandoraPark_P.TheWorld:PersistentLevel.WillowInteractiveObject_126.SkeletalMeshComponent_1034.MaterialInstanceConstant_1281"]}}, {"GD_Balance_Treasure.ChestGrades.ObjectGrade_HyperionChest": {"Rename": "", "Tags": [], "Metadata": "", "Location": [-23760.447265625, 36076.1796875, 23.8700008392334], "Rotation": [0, 17300, 0], "Scale": 1.0, "Scale3D": [1.0, 1.0, 1.0], "Materials": ["PandoraPark_P.TheWorld:PersistentLevel.WillowInteractiveObject_127.SkeletalMeshComponent_1035.MaterialInstanceConstant_1282"]}}, {"GD_Balance_Treasure.ChestGrades.ObjectGrade_HyperionChest": {"Rename": "", "Tags": [], "Metadata": "", "Location": [-25216.201171875, 37053.07421875, -600.4810180664062], "Rotation": [0, 0, 0], "Scale": 1.0, "Scale3D": [1.0, 1.0, 1.0], "Materials": ["PandoraPark_P.TheWorld:PersistentLevel.WillowInteractiveObject_128.SkeletalMeshComponent_1036.MaterialInstanceConstant_1283"]}}, {"GD_LevelChallenges.InteractiveObjects.IO_VaultRoy": {"Rename": "Vault Symbol Reward", "Tags": ["Vault Symbol Reward"], "Metadata": "", "Location": [-24907.349609375, 37881.51171875, -598.9199829101562], "Rotation": [0, -7100, -16400], "Scale": 1.0, "Scale3D": [1.0, 1.0, 1.0], "Materials": []}}]}}}