{"grass_cliffs_p": {"Create": {"StaticMesh": [{"Prop_Structures.ComShipOuterHaulBottom": {"Rename": "", "Tags": [], "Metadata": "", "Location": [-15807.349609375, -9824.98046875, 999.0170288085938], "Rotation": [-1100, 2100, 0], "Scale": 1.0, "Scale3D": [1.0, 1.0, 1.0], "Materials": []}}, {"Common_Meshes.Blocking.Blocking_Cube": {"Rename": "Invisible Wall 1", "Tags": [], "Metadata": "", "Location": [-16600.201171875, -10102.3203125, 951.1329956054688], "Rotation": [0, -14000, 0], "Scale": 3.0, "Scale3D": [0.009999999776482582, 2.299999952316284, 1.0], "Materials": ["FX_ENV_VOG.Materials.Angel_Echo_INST"]}}, {"Prop_Fences.Meshes.BanditCover_01": {"Rename": "", "Tags": [], "Metadata": "", "Location": [-12259.4970703125, -6594.86181640625, 973.0460205078125], "Rotation": [0, 18000, 0], "Scale": 3.0, "Scale3D": [1.1100000143051147, 1.0, 1.2999999523162842], "Materials": []}}, {"Prop_Panels.HullPanel": {"Rename": "", "Tags": [], "Metadata": "", "Location": [-15052.5546875, -4884.9130859375, 741.177001953125], "Rotation": [0, -1000, 0], "Scale": 3.0, "Scale3D": [1.2000000476837158, 1.0, 0.699999988079071], "Materials": []}}, {"prop_signs.GenericSign_02": {"Rename": "", "Tags": [], "Metadata": "", "Location": [-14558.7919921875, -4946.9501953125, 1007.27099609375], "Rotation": [-3000, -1000, 0], "Scale": 4.0, "Scale3D": [1.0, 9.999999747378752e-05, 1.0], "Materials": []}}, {"Env_Cliffs.Mesh.BattleDroid_Bandit_Spooing": {"Rename": "", "Tags": [], "Metadata": "", "Location": [-14770.78125, -5082.19580078125, 783.0], "Rotation": [0, -14600, 0], "Scale": 1.0, "Scale3D": [1.0, 1.0, 1.0], "Materials": []}}, {"Prop_Fences.Meshes.BanditCover_02": {"Rename": "", "Tags": [], "Metadata": "", "Location": [-15176.99609375, -4977.94091796875, 765.9559936523438], "Rotation": [2000, -26000, 0], "Scale": 3.5, "Scale3D": [1.0, 1.0, 1.0], "Materials": []}}, {"Prop_Fences.Meshes.BanditCover_02": {"Rename": "", "Tags": [], "Metadata": "", "Location": [-15676.99609375, -5357.94091796875, 895.9559936523438], "Rotation": [1000, -27000, 0], "Scale": 3.5, "Scale3D": [1.0, 1.0, 1.0], "Materials": []}}, {"Prop_Fences.Meshes.BanditCover_02": {"Rename": "", "Tags": [], "Metadata": "", "Location": [-16226.99609375, -5687.94091796875, 985.9559936523438], "Rotation": [0, -29000, 0], "Scale": 3.5, "Scale3D": [1.0, 1.0, 1.0], "Materials": []}}, {"prop_containers.Meshes.HyperionContainerDoor": {"Rename": "", "Tags": [], "Metadata": "", "Location": [-25050.08984375, -9569.6806640625, 1641.4041748046875], "Rotation": [0, -16100, 720], "Scale": 1.2000000476837158, "Scale3D": [1.0, 1.0, 1.0], "Materials": []}}, {"Prop_Structures.ComShipOuterHaulBottom": {"Rename": "", "Tags": [], "Metadata": "", "Location": [-23183.2109375, -7002.30908203125, 1481.7359619140625], "Rotation": [0, 28800, 0], "Scale": 1.0, "Scale3D": [1.0, 1.0, 1.0800000429153442], "Materials": []}}, {"Prop_Fences.Meshes.BanditCover_03": {"Rename": "", "Tags": [], "Metadata": "", "Location": [-20665.736328125, -6562.79296875, 1534.220947265625], "Rotation": [0, -32200, 0], "Scale": 3.0, "Scale3D": [1.0, 1.0, 1.0700000524520874], "Materials": []}}, {"Prop_Fences.Meshes.BanditCover_03": {"Rename": "", "Tags": [], "Metadata": "", "Location": [-21223.736328125, -6603.79296875, 1534.220947265625], "Rotation": [0, -29700, 0], "Scale": 3.0, "Scale3D": [1.0, 1.0, 1.0700000524520874], "Materials": []}}, {"Prop_Fences.Meshes.BanditCover_03": {"Rename": "", "Tags": [], "Metadata": "", "Location": [-21761.736328125, -6769.79296875, 1534.220947265625], "Rotation": [0, -29500, 0], "Scale": 3.0, "Scale3D": [1.0, 1.0, 1.0700000524520874], "Materials": []}}, {"Prop_Fences.Meshes.BanditCover_03": {"Rename": "", "Tags": [], "Metadata": "", "Location": [-22296.736328125, -6943.79296875, 1534.220947265625], "Rotation": [0, -31000, 0], "Scale": 3.0, "Scale3D": [1.0, 1.0, 1.0700000524520874], "Materials": []}}, {"Prop_Garbage.Meshes.RedDumpster": {"Rename": "", "Tags": [], "Metadata": "", "Location": [-17479.685546875, -9512.5537109375, 1244.7259521484375], "Rotation": [0, 33800, 0], "Scale": 1.0800000429153442, "Scale3D": [0.8999999761581421, 0.800000011920929, 1.0800000429153442], "Materials": []}}, {"EngineMeshes.Sphere": {"Rename": "Pressure Plate", "Tags": ["Pressure Plate"], "Metadata": "", "Location": [-16807.53515625, -7685.04296875, 1670.7340087890625], "Rotation": [-400, -2400, 0], "Scale": 0.5, "Scale3D": [1.0, 1.0, 0.0010000000474974513], "Materials": ["Anemone_GunMaterials.Materials.SMG.Mati_Tediore_6_Infection_Cleaner"]}}, {"Char_Anem_ButtStallion.Mesh.ButtStallion": {"Rename": "", "Tags": [], "Metadata": "", "Location": [-16808.798828125, -7650.72314453125, 1672.0], "Rotation": [-500, 0, -16400], "Scale": 0.5, "Scale3D": [1.0, 0.0010000000474974513, 1.0], "Materials": []}}], "InteractiveObjectDefinition": [{"GD_Balance_Treasure.ChestGrades.ObjectGrade_TreasureChest": {"Rename": "", "Tags": [], "Metadata": "", "Location": [-15993.392578125, -8812.03515625, 992.85400390625], "Rotation": [900, -31300, 0], "Scale": 1.0, "Scale3D": [1.0, 1.0, 1.0], "Materials": ["Grass_Cliffs_P.TheWorld:PersistentLevel.WillowInteractiveObject_452.SkeletalMeshComponent_2570.MaterialInstanceConstant_3151"]}}, {"GD_Balance_Treasure.ChestGrades.ObjectGrade_TreasureChest": {"Rename": "", "Tags": [], "Metadata": "", "Location": [-14471.3818359375, -5103.4208984375, 784.7529907226562], "Rotation": [100, -36100, 500], "Scale": 1.0, "Scale3D": [1.0, 1.0, 1.0], "Materials": ["Grass_Cliffs_P.TheWorld:PersistentLevel.WillowInteractiveObject_453.SkeletalMeshComponent_2571.MaterialInstanceConstant_3152"]}}, {"GD_Balance_Treasure.ChestGrades.ObjectGrade_TreasureChest": {"Rename": "", "Tags": [], "Metadata": "", "Location": [-19515.681640625, -9774.8681640625, 1386.291015625], "Rotation": [800, -15800, 2500], "Scale": 1.0, "Scale3D": [1.0, 1.0, 1.0], "Materials": ["Grass_Cliffs_P.TheWorld:PersistentLevel.WillowInteractiveObject_454.SkeletalMeshComponent_2572.MaterialInstanceConstant_3153"]}}, {"GD_Balance_Treasure.ChestGrades.ObjectGrade_TreasureChest": {"Rename": "", "Tags": [], "Metadata": "", "Location": [-24884.833984375, -9587.1416015625, 1645.2840576171875], "Rotation": [0, -13900, 0], "Scale": 1.0, "Scale3D": [1.0, 1.0, 1.0], "Materials": ["Grass_Cliffs_P.TheWorld:PersistentLevel.WillowInteractiveObject_455.SkeletalMeshComponent_2573.MaterialInstanceConstant_3154"]}}, {"GD_Balance_Treasure.ChestGrades.ObjectGrade_TreasureChest": {"Rename": "", "Tags": [], "Metadata": "", "Location": [-23445.720703125, -7131.6298828125, 1614.0], "Rotation": [0, -27000, 0], "Scale": 1.0, "Scale3D": [1.0, 1.0, 1.0], "Materials": ["Grass_Cliffs_P.TheWorld:PersistentLevel.WillowInteractiveObject_456.SkeletalMeshComponent_2574.MaterialInstanceConstant_3155"]}}, {"GD_LevelChallenges.InteractiveObjects.IO_VaultRoy": {"Rename": "Vault Symbol Reward", "Tags": ["Vault Symbol Reward"], "Metadata": "", "Location": [-21188.2890625, -10069.0, 1717.9326171875], "Rotation": [2000, 16400, 0], "Scale": 0.550000011920929, "Scale3D": [1.0, 1.0, 1.0], "Materials": []}}]}}}