{"grass_cliffs_p": {"Create": {"StaticMesh": [{"prop_containers.Meshes.HyperionContainerDoor": {"Rename": "", "Tags": [], "Metadata": "", "Location": [-25904.4140625, -9604.59375, 1700.3809814453125], "Rotation": [0, -16000, 400], "Scale": 1.190000057220459, "Scale3D": [1.0, 1.0, 1.0], "Materials": []}}, {"Prop_Fences.Meshes.BanditCover_01": {"Rename": "", "Tags": [], "Metadata": "", "Location": [-29053.525390625, -5652.90283203125, 2444.306884765625], "Rotation": [0, 30900, 0], "Scale": 2.950000047683716, "Scale3D": [1.0, 1.0, 1.0], "Materials": []}}, {"Prop_Fences.Meshes.BanditCover_01": {"Rename": "", "Tags": [], "Metadata": "", "Location": [-29562.525390625, -5525.90283203125, 2444.306884765625], "Rotation": [0, 23500, 0], "Scale": 2.950000047683716, "Scale3D": [1.0, 1.0, 1.0], "Materials": []}}, {"Prop_Fences.Meshes.BanditCover_01": {"Rename": "", "Tags": [], "Metadata": "", "Location": [-29899.525390625, -5071.90283203125, 2444.306884765625], "Rotation": [0, 30600, 0], "Scale": 2.950000047683716, "Scale3D": [1.3300000429153442, 1.0, 1.0], "Materials": []}}, {"Prop_Structures.ComShipOuterHaulTop": {"Rename": "", "Tags": [], "Metadata": "", "Location": [-27187.080078125, -12033.6982421875, 2234.763916015625], "Rotation": [0, 0, -10900], "Scale": 0.8700000047683716, "Scale3D": [1.0, 1.0, 1.0], "Materials": []}}, {"Common_Meshes.Blocking.Blocking_Cube": {"Rename": "Invisible Wall 1", "Tags": [], "Metadata": "", "Location": [-26824.283203125, -12186.1474609375, 2287.134033203125], "Rotation": [0, -11300, 0], "Scale": 2.0299999713897705, "Scale3D": [0.009999999776482582, 1.909999966621399, 1.0], "Materials": ["FX_ENV_VOG.Materials.Angel_Echo_INST"]}}, {"Common_Meshes.Blocking.Blocking_Cube": {"Rename": "Invisible Wall 2", "Tags": [], "Metadata": "", "Location": [-25902.880859375, -11247.0322265625, 1826.8199462890625], "Rotation": [0, 0, 0], "Scale": 2.0299999713897705, "Scale3D": [0.009999999776482582, 5.409999847412109, 1.899999976158142], "Materials": ["FX_ENV_VOG.Materials.Angel_Echo_INST"]}}, {"prop_containers.Meshes.HyperionContainerDoor": {"Rename": "", "Tags": [], "Metadata": "", "Location": [-29600.2890625, -6298.5478515625, 2067.62890625], "Rotation": [0, -1300, 0], "Scale": 1.190000057220459, "Scale3D": [1.0, 1.0, 0.8999999761581421], "Materials": []}}, {"EngineMeshes.Sphere": {"Rename": "Pressure Plate", "Tags": ["Pressure Plate"], "Metadata": "", "Location": [-29611.0, -6395.0, 2095.0], "Rotation": [0, 0, 0], "Scale": 0.4000000059604645, "Scale3D": [1.0, 1.0, 0.0010000000474974513], "Materials": ["Anemone_GunMaterials.Materials.SMG.Mati_Tediore_6_Infection_Cleaner"]}}, {"Char_Anem_ButtStallion.Mesh.ButtStallion": {"Rename": "", "Tags": [], "Metadata": "", "Location": [-29613.0, -6430.34716796875, 2096.0], "Rotation": [0, 0, 16400], "Scale": 0.4000000059604645, "Scale3D": [1.0, 0.0010000000474974513, 1.0], "Materials": []}}, {"Common_Meshes.Blocking.Blocking_Cube": {"Rename": "Triforce EE 1", "Tags": [], "Metadata": "", "Location": [-29864.033203125, -8672.37890625, 1843.2359619140625], "Rotation": [8200, 0, 0], "Scale": 0.10999999940395355, "Scale3D": [1.0, 0.0010000000474974513, 1.0], "Materials": ["Char_Crystalisk.Materials.Mati_CrystalsLeg_Explosive"]}}, {"Common_Meshes.Blocking.Blocking_Cube": {"Rename": "Triforce EE 2", "Tags": [], "Metadata": "", "Location": [-29883.599609375, -8672.37890625, 1823.0], "Rotation": [8200, 500, 700], "Scale": 0.10999999940395355, "Scale3D": [1.0, 0.0010000000474974513, 1.0], "Materials": ["Char_Crystalisk.Materials.Mati_CrystalsLeg_Explosive"]}}, {"Common_Meshes.Blocking.Blocking_Cube": {"Rename": "Triforce EE 3", "Tags": [], "Metadata": "", "Location": [-29844.5, -8672.37890625, 1823.0], "Rotation": [8200, 500, 700], "Scale": 0.10999999940395355, "Scale3D": [1.0, 0.0010000000474974513, 1.0], "Materials": ["Char_Crystalisk.Materials.Mati_CrystalsLeg_Explosive"]}}, {"Char_PrimalBeast.Mesh.RockChunk05": {"Rename": "Sword Pedestal", "Tags": [], "Metadata": "", "Location": [-29917.0, -8650.4736328125, 1835.7449951171875], "Rotation": [0, 85000, 0], "Scale": 0.6000000238418579, "Scale3D": [0.5, 1.0, 0.800000011920929], "Materials": []}}, {"Prop_Tools.Bolt": {"Rename": "Master Sword 1", "Tags": [], "Metadata": "", "Location": [-29914.037109375, -8645.009765625, 1890.0], "Rotation": [16400, 8000, 0], "Scale": 0.20000000298023224, "Scale3D": [0.15000000596046448, 0.800000011920929, 0.20000000298023224], "Materials": ["GD_Explosives.Materials.Mati_Bolt_ShockBarrel"]}}, {"Prop_Tools.Bolt": {"Rename": "Master Sword 2", "Tags": [], "Metadata": "", "Location": [-29914.037109375, -8645.099609375, 1894.0], "Rotation": [0, -8400, -16400], "Scale": 0.20000000298023224, "Scale3D": [0.20000000298023224, 0.8999999761581421, 0.10000000149011612], "Materials": ["GD_Explosives.Materials.Mati_Bolt_ShockBarrel"]}}, {"Common_Meshes.Blocking.Blocking_Cube": {"Rename": "Master Sword 3", "Tags": [], "Metadata": "", "Location": [-29917.0, -8644.599609375, 1840.25], "Rotation": [0, -8000, 0], "Scale": 0.10000000149011612, "Scale3D": [0.20000000298023224, 0.05000000074505806, 1.899999976158142], "Materials": ["FX_IO_Digistruct.Materials.Mati_DigiPaneSolidBar"]}}, {"Common_Meshes.Blocking.Blocking_Cube": {"Rename": "Master Sword 4", "Tags": [], "Metadata": "", "Location": [-29914.30078125, -8645.0, 1840.25], "Rotation": [0, -8000, 0], "Scale": 0.10000000149011612, "Scale3D": [0.009999999776482582, 0.0010000000474974513, 1.899999976158142], "Materials": ["Weap_Grenades.Materials.Mati_GrenadeBanditCommon"]}}, {"Common_Meshes.Blocking.Blocking_Cube": {"Rename": "Master Sword 5", "Tags": [], "Metadata": "", "Location": [-29917.0, -8644.599609375, 1840.25], "Rotation": [0, -8000, 0], "Scale": 0.10000000149011612, "Scale3D": [0.10000000149011612, 0.05000000074505806, 1.899999976158142], "Materials": ["FX_IO_Digistruct.Materials.Mati_DigiPaneSolidBar"]}}, {"Prop_Tools.Bolt": {"Rename": "Rupee 1", "Tags": [], "Metadata": "", "Location": [-29839.572265625, -8637.7529296875, 1826.0], "Rotation": [-1000, -8400, 34800], "Scale": 0.20000000298023224, "Scale3D": [0.25, 0.699999988079071, 0.20000000298023224], "Materials": ["Env_Ice.Materials.Mati_Sky_Ice_DNC"]}}, {"Prop_Tools.Bolt": {"Rename": "Rupee 2", "Tags": [], "Metadata": "", "Location": [-29854.572265625, -8637.7529296875, 1828.0], "Rotation": [-2400, 2900, 31800], "Scale": 0.20000000298023224, "Scale3D": [0.25, 0.699999988079071, 0.20000000298023224], "Materials": ["Env_Ice.Materials.Mati_Sky_Ice_DNC"]}}, {"Prop_Armor.Meshes.BanditCoinsack": {"Rename": "Rupee Bag", "Tags": [], "Metadata": "", "Location": [-29838.95703125, -8664.314453125, 1830.4840087890625], "Rotation": [0, 0, 0], "Scale": 1.0, "Scale3D": [1.0, 1.0, 1.0], "Materials": []}}, {"Prop_Tools.Bolt": {"Rename": "Rupee 3", "Tags": [], "Metadata": "", "Location": [-29852.572265625, -8656.7529296875, 1827.0], "Rotation": [-900, 14500, 30600], "Scale": 0.20000000298023224, "Scale3D": [0.25, 0.699999988079071, 0.20000000298023224], "Materials": ["Env_Ice.Materials.Mati_Sky_Ice_DNC"]}}, {"Char_Crystalisk.Mesh.Crystalisk_Crystal_Projectile": {"Rename": "Master Sword 6", "Tags": [], "Metadata": "", "Location": [-29913.53125, -8644.7431640625, 1890.0], "Rotation": [0, 8800, 16400], "Scale": 0.30000001192092896, "Scale3D": [0.25, 0.47999998927116394, 0.6399999856948853], "Materials": ["GD_Anemone_Side_Claptocurrency.Materials.Mati_Crystal_BechoWaffer"]}}, {"FX_Shared_Mesh.Meshes.Volumetric_Spotlight_Modulate_Smesh": {"Rename": "Master Sword Glimmer", "Tags": [], "Metadata": "", "Location": [-29910.0, -8641.0, 1962.251953125], "Rotation": [0, -7000, 0], "Scale": 0.10000000149011612, "Scale3D": [1.0, 1.0, 1.5], "Materials": []}}, {"prop_lightfixtures.Meshes.LightSpot": {"Rename": "", "Tags": [], "Metadata": "", "Location": [-29910.0, -8641.3759765625, 1953.572021484375], "Rotation": [0, 0, 0], "Scale": 0.6000000238418579, "Scale3D": [1.0, 1.0, 1.2999999523162842], "Materials": []}}], "InteractiveObjectDefinition": [{"GD_Balance_Treasure.ChestGrades.ObjectGrade_TreasureChest": {"Rename": "", "Tags": [], "Metadata": "", "Location": [-27039.921875, -9343.4658203125, 1758.072021484375], "Rotation": [400, -30600, -1000], "Scale": 1.0, "Scale3D": [1.0, 1.0, 1.0], "Materials": ["Grass_Cliffs_P.TheWorld:PersistentLevel.WillowInteractiveObject_289.SkeletalMeshComponent_1042.MaterialInstanceConstant_1377"]}}, {"GD_Balance_Treasure.ChestGrades.ObjectGrade_TreasureChest": {"Rename": "", "Tags": [], "Metadata": "", "Location": [-27130.484375, -11907.9228515625, 2231.9560546875], "Rotation": [0, 0, 0], "Scale": 1.0, "Scale3D": [1.0, 1.0, 1.0], "Materials": ["Grass_Cliffs_P.TheWorld:PersistentLevel.WillowInteractiveObject_290.SkeletalMeshComponent_1043.MaterialInstanceConstant_1378"]}}, {"GD_Balance_Treasure.ChestGrades.ObjectGrade_TreasureChest": {"Rename": "", "Tags": [], "Metadata": "", "Location": [-29425.056640625, -10855.0068359375, 1969.6419677734375], "Rotation": [0, -4300, 0], "Scale": 1.0, "Scale3D": [1.0, 1.0, 1.0], "Materials": ["Grass_Cliffs_P.TheWorld:PersistentLevel.WillowInteractiveObject_291.SkeletalMeshComponent_1044.MaterialInstanceConstant_1379"]}}, {"GD_Balance_Treasure.ChestGrades.ObjectGrade_TreasureChest": {"Rename": "", "Tags": [], "Metadata": "", "Location": [-30586.28125, -8596.7333984375, 2015.8709716796875], "Rotation": [0, -16800, 0], "Scale": 1.0, "Scale3D": [1.0, 1.0, 1.0], "Materials": ["Grass_Cliffs_P.TheWorld:PersistentLevel.WillowInteractiveObject_292.SkeletalMeshComponent_1045.MaterialInstanceConstant_1380"]}}, {"GD_Balance_Treasure.ChestGrades.ObjectGrade_TreasureChest": {"Rename": "", "Tags": [], "Metadata": "", "Location": [-30140.875, -5166.10986328125, 2416.633056640625], "Rotation": [0, -34200, 0], "Scale": 1.0, "Scale3D": [1.0, 1.0, 1.0], "Materials": ["Grass_Cliffs_P.TheWorld:PersistentLevel.WillowInteractiveObject_293.SkeletalMeshComponent_1046.MaterialInstanceConstant_1381"]}}, {"GD_LevelChallenges.InteractiveObjects.IO_VaultRoy": {"Rename": "Vault Symbol Reward", "Tags": ["Vault Symbol Reward"], "Metadata": "", "Location": [-31596.10546875, -6513.4228515625, 2215.596923828125], "Rotation": [2600, 0, 0], "Scale": 0.49000000953674316, "Scale3D": [1.0, 1.0, 1.0], "Materials": []}}]}}}