{"hyperioncity_p": {"Create": {"StaticMesh": [{"prop_dams.Mesh.HyperionDamWall": {"Rename": "", "Tags": [], "Metadata": "", "Location": [17490.51171875, 3261.139892578125, 1859.5660400390625], "Rotation": [0, 24600, 0], "Scale": 0.8899999856948853, "Scale3D": [1.0, 1.0, 0.9599999785423279], "Materials": []}}, {"prop_dams.Mesh.HyperionDamWall": {"Rename": "", "Tags": [], "Metadata": "", "Location": [19250.51171875, 3281.139892578125, 2039.5660400390625], "Rotation": [0, 16400, 0], "Scale": 0.8899999856948853, "Scale3D": [1.0, 1.0, 0.8100000023841858], "Materials": []}}, {"prop_dams.Mesh.HyperionDamWall": {"Rename": "", "Tags": [], "Metadata": "", "Location": [18340.51171875, 3281.139892578125, 2039.5660400390625], "Rotation": [0, 16400, 0], "Scale": 0.8899999856948853, "Scale3D": [1.0, 1.0, 0.8100000023841858], "Materials": []}}, {"prop_dams.Mesh.HyperionDamWall": {"Rename": "", "Tags": [], "Metadata": "", "Location": [16800.51171875, 2511.139892578125, 2039.5660400390625], "Rotation": [0, 16400, 0], "Scale": 0.8899999856948853, "Scale3D": [1.0, 1.0, 0.8100000023841858], "Materials": []}}, {"prop_dams.Mesh.HyperionDamWall": {"Rename": "", "Tags": [], "Metadata": "", "Location": [15880.51171875, 2511.139892578125, 2039.5660400390625], "Rotation": [0, 16400, 0], "Scale": 0.8899999856948853, "Scale3D": [1.0, 1.0, 0.8100000023841858], "Materials": []}}, {"prop_dams.Mesh.HyperionDamWall": {"Rename": "", "Tags": [], "Metadata": "", "Location": [14970.51171875, 2511.139892578125, 2039.5660400390625], "Rotation": [0, 19400, 0], "Scale": 0.8899999856948853, "Scale3D": [1.0, 1.0, 0.8100000023841858], "Materials": []}}, {"prop_dams.Mesh.HyperionDamWall": {"Rename": "", "Tags": [], "Metadata": "", "Location": [13880.51171875, 2301.139892578125, 2039.5660400390625], "Rotation": [0, 8400, 0], "Scale": 0.8899999856948853, "Scale3D": [1.0, 1.0, 0.8100000023841858], "Materials": []}}, {"prop_dams.Mesh.HyperionDamWall": {"Rename": "", "Tags": [], "Metadata": "", "Location": [13220.51171875, 2941.139892578125, 2039.5660400390625], "Rotation": [0, 16400, 0], "Scale": 0.8899999856948853, "Scale3D": [1.0, 1.0, 0.8100000023841858], "Materials": []}}, {"prop_dams.Mesh.HyperionDamWall": {"Rename": "", "Tags": [], "Metadata": "", "Location": [12300.51171875, 2941.139892578125, 2039.5660400390625], "Rotation": [0, 16400, 0], "Scale": 0.8899999856948853, "Scale3D": [1.0, 1.0, 0.8100000023841858], "Materials": []}}, {"prop_dams.Mesh.HyperionDamWall": {"Rename": "", "Tags": [], "Metadata": "", "Location": [15102.919921875, 7988.0927734375, 1664.958984375], "Rotation": [0, -16400, 0], "Scale": 0.8899999856948853, "Scale3D": [1.0, 1.100000023841858, 0.9599999785423279], "Materials": []}}, {"prop_dams.Mesh.HyperionDamWall": {"Rename": "", "Tags": [], "Metadata": "", "Location": [16109.6474609375, 7989.56396484375, 1845.0], "Rotation": [0, -16400, 0], "Scale": 0.8899999856948853, "Scale3D": [1.0, 1.0, 0.8100000023841858], "Materials": []}}, {"prop_dams.Mesh.HyperionDamWall": {"Rename": "", "Tags": [], "Metadata": "", "Location": [17099.6484375, 7989.56396484375, 1845.0], "Rotation": [0, -21400, 0], "Scale": 0.8899999856948853, "Scale3D": [1.0, 1.0, 0.8100000023841858], "Materials": []}}, {"prop_dams.Mesh.HyperionDamWall": {"Rename": "", "Tags": [], "Metadata": "", "Location": [17909.6484375, 7559.56396484375, 1845.0], "Rotation": [0, -21400, 0], "Scale": 0.8899999856948853, "Scale3D": [1.0, 1.0, 0.8100000023841858], "Materials": []}}, {"prop_dams.Mesh.HyperionDamWall": {"Rename": "", "Tags": [], "Metadata": "", "Location": [18709.6484375, 7129.56396484375, 1845.0], "Rotation": [0, -21400, 0], "Scale": 0.8899999856948853, "Scale3D": [1.0, 1.0, 0.8100000023841858], "Materials": []}}, {"prop_dams.Mesh.HyperionDamWall": {"Rename": "", "Tags": [], "Metadata": "", "Location": [14189.6474609375, 7989.56396484375, 1845.0], "Rotation": [0, -16400, 0], "Scale": 0.8899999856948853, "Scale3D": [1.0, 1.0, 0.8100000023841858], "Materials": []}}, {"prop_dams.Mesh.HyperionDamWall": {"Rename": "", "Tags": [], "Metadata": "", "Location": [11289.6474609375, 5859.56396484375, 1845.0], "Rotation": [0, -16400, 0], "Scale": 0.8899999856948853, "Scale3D": [1.0, 1.0, 0.8100000023841858], "Materials": []}}, {"prop_dams.Mesh.HyperionDamWall": {"Rename": "", "Tags": [], "Metadata": "", "Location": [12229.6474609375, 5859.56396484375, 1845.0], "Rotation": [0, -13400, 0], "Scale": 0.8899999856948853, "Scale3D": [1.0, 1.0, 0.8100000023841858], "Materials": []}}, {"prop_dams.Mesh.HyperionDamWall": {"Rename": "", "Tags": [], "Metadata": "", "Location": [13099.6474609375, 6119.56396484375, 1845.0], "Rotation": [0, -4400, 0], "Scale": 0.8899999856948853, "Scale3D": [1.0, 1.0, 0.8100000023841858], "Materials": []}}, {"prop_dams.Mesh.HyperionDamWall": {"Rename": "", "Tags": [], "Metadata": "", "Location": [13469.6474609375, 6959.56396484375, 1845.0], "Rotation": [0, -5400, 0], "Scale": 0.8899999856948853, "Scale3D": [1.0, 1.2999999523162842, 0.8100000023841858], "Materials": []}}, {"Common_Meshes.Blocking.Blocking_Cube": {"Rename": "Invisible Wall 1", "Tags": [], "Metadata": "", "Location": [11822.337890625, 3077.260986328125, 2859.97705078125], "Rotation": [0, 0, 0], "Scale": 4.0, "Scale3D": [0.009999999776482582, 2.0, 1.0], "Materials": ["FX_ENV_VOG.Materials.Angel_Echo_INST"]}}, {"Common_Meshes.Blocking.Blocking_Cube": {"Rename": "Invisible Wall 2", "Tags": [], "Metadata": "", "Location": [11823.337890625, 3223.260986328125, 2859.97705078125], "Rotation": [0, -16400, 0], "Scale": 4.0, "Scale3D": [0.009999999776482582, 1.5800000429153442, 1.0], "Materials": ["FX_ENV_VOG.Materials.Angel_Echo_INST"]}}, {"Common_Meshes.Blocking.Blocking_Cube": {"Rename": "Invisible Wall 3", "Tags": [], "Metadata": "", "Location": [18981.455078125, 6700.48779296875, 2753.410888671875], "Rotation": [0, 11300, 0], "Scale": 4.0, "Scale3D": [0.009999999776482582, 2.240000009536743, 1.100000023841858], "Materials": ["FX_ENV_VOG.Materials.Angel_Echo_INST"]}}, {"Common_Meshes.Blocking.Blocking_Cube": {"Rename": "Invisible Wall 4", "Tags": [], "Metadata": "", "Location": [19274.455078125, 3528.488037109375, 2753.410888671875], "Rotation": [0, 16400, 0], "Scale": 4.0, "Scale3D": [0.009999999776482582, 2.240000009536743, 1.100000023841858], "Materials": ["FX_ENV_VOG.Materials.Angel_Echo_INST"]}}, {"EngineMeshes.Sphere": {"Rename": "Pressure Plate", "Tags": ["Pressure Plate"], "Metadata": "", "Location": [18793.900390625, 6412.7158203125, 3319.68896484375], "Rotation": [0, 0, 0], "Scale": 0.5, "Scale3D": [1.0, 1.0, 0.0010000000474974513], "Materials": ["Anemone_GunMaterials.Materials.SMG.Mati_Tediore_6_Infection_Cleaner"]}}, {"Char_Anem_ButtStallion.Mesh.ButtStallion": {"Rename": "", "Tags": [], "Metadata": "", "Location": [18752.509765625, 6410.97900390625, 3320.362060546875], "Rotation": [0, 16400, -16400], "Scale": 0.5, "Scale3D": [1.0, 0.0010000000474974513, 1.0], "Materials": []}}], "InteractiveObjectDefinition": [{"GD_Balance_Treasure.ChestGrades.ObjectGrade_HyperionChest": {"Rename": "", "Tags": [], "Metadata": "", "Location": [16683.212890625, 3921.722900390625, 1852.615966796875], "Rotation": [0, -24600, 0], "Scale": 1.0, "Scale3D": [1.0, 1.0, 1.0], "Materials": ["HyperionCity_P.TheWorld:PersistentLevel.WillowInteractiveObject_43.SkeletalMeshComponent_271.MaterialInstanceConstant_275"]}}, {"GD_Balance_Treasure.ChestGrades.ObjectGrade_HyperionChest": {"Rename": "", "Tags": [], "Metadata": "", "Location": [19693.546875, 5123.42578125, 2045.6700439453125], "Rotation": [0, 32800, 0], "Scale": 1.0, "Scale3D": [1.0, 1.0, 1.0], "Materials": ["HyperionCity_P.TheWorld:PersistentLevel.WillowInteractiveObject_44.SkeletalMeshComponent_272.MaterialInstanceConstant_276"]}}, {"GD_Balance_Treasure.ChestGrades.ObjectGrade_HyperionChest": {"Rename": "", "Tags": [], "Metadata": "", "Location": [15886.91796875, 7456.68798828125, 1660.968994140625], "Rotation": [0, -26000, 0], "Scale": 1.0, "Scale3D": [1.0, 1.0, 1.0], "Materials": ["HyperionCity_P.TheWorld:PersistentLevel.WillowInteractiveObject_45.SkeletalMeshComponent_273.MaterialInstanceConstant_277"]}}, {"GD_Balance_Treasure.ChestGrades.ObjectGrade_HyperionChest": {"Rename": "", "Tags": [], "Metadata": "", "Location": [12066.5078125, 4069.83203125, 2053.0], "Rotation": [0, 16400, 0], "Scale": 1.0, "Scale3D": [1.0, 1.0, 1.0], "Materials": ["HyperionCity_P.TheWorld:PersistentLevel.WillowInteractiveObject_46.SkeletalMeshComponent_274.MaterialInstanceConstant_278"]}}, {"GD_Balance_Treasure.ChestGrades.ObjectGrade_HyperionChest": {"Rename": "", "Tags": [], "Metadata": "", "Location": [15622.3193359375, 5736.5029296875, 1857.0], "Rotation": [0, 16400, 0], "Scale": 1.0, "Scale3D": [1.0, 1.0, 1.0], "Materials": ["HyperionCity_P.TheWorld:PersistentLevel.WillowInteractiveObject_47.SkeletalMeshComponent_275.MaterialInstanceConstant_279"]}}, {"GD_LevelChallenges.InteractiveObjects.IO_VaultRoy": {"Rename": "Vault Symbol Reward", "Tags": ["Vault Symbol Reward"], "Metadata": "", "Location": [15597.9150390625, 6653.587890625, 1912.095947265625], "Rotation": [0, 0, -1900], "Scale": 0.25, "Scale3D": [1.0, 1.0, 1.0], "Materials": []}}]}}}