{
    "ice_p": {
        "Create": {
            "StaticMesh": [
                {
                    "Prop_Fences.Meshes.BanditCover_03": {
                        "Rename": "",
                        "Tags": [],
                        "Metadata": "",
                        "Location": [
                            -910.3309936523438,
                            24251.451171875,
                            2009.905029296875
                        ],
                        "Rotation": [
                            0,
                            -16400,
                            2800
                        ],
                        "Scale": 2.190000057220459,
                        "Scale3D": [
                            2.1600000858306885,
                            2,
                            2
                        ],
                        "Materials": []
                    }
                },
                {
                    "prop_gates.Meshes.CorrugatedGate": {
                        "Rename": "",
                        "Tags": [],
                        "Metadata": "",
                        "Location": [
                            -482.3489990234375,
                            25167.45703125,
                            3081.55810546875
                        ],
                        "Rotation": [
                            0,
                            16400,
                            0
                        ],
                        "Scale": 1,
                        "Scale3D": [
                            0.949999988079071,
                            1,
                            1
                        ],
                        "Materials": [
                            "Env_Glacial.Materials.Mati_MetalBeamsPlates_Snow"
                        ]
                    }
                },
                {
                    "prop_gates.Meshes.CorrugatedGate": {
                        "Rename": "",
                        "Tags": [],
                        "Metadata": "",
                        "Location": [
                            -482.3489990234375,
                            23822.45703125,
                            3224.55810546875
                        ],
                        "Rotation": [
                            0,
                            16400,
                            0
                        ],
                        "Scale": 1,
                        "Scale3D": [
                            0.949999988079071,
                            1,
                            1
                        ],
                        "Materials": [
                            "Env_Glacial.Materials.Mati_MetalBeamsPlates_Snow"
                        ]
                    }
                },
                {
                    "prop_gates.Meshes.CorrugatedGate": {
                        "Rename": "",
                        "Tags": [],
                        "Metadata": "",
                        "Location": [
                            -482.3489990234375,
                            22454.45703125,
                            3140.55810546875
                        ],
                        "Rotation": [
                            0,
                            16400,
                            0
                        ],
                        "Scale": 1,
                        "Scale3D": [
                            0.949999988079071,
                            1,
                            1
                        ],
                        "Materials": [
                            "Env_Glacial.Materials.Mati_MetalBeamsPlates_Snow"
                        ]
                    }
                },
                {
                    "EngineMeshes.Sphere": {
                        "Rename": "Pressure Plate",
                        "Tags": [
                            "Pressure Plate"
                        ],
                        "Metadata": "",
                        "Location": [
                            4289.8369140625,
                            28870.564453125,
                            2800.556884765625
                        ],
                        "Rotation": [
                            600,
                            0,
                            -1800
                        ],
                        "Scale": 0.5,
                        "Scale3D": [
                            1,
                            1,
                            0.0010000000474974513
                        ],
                        "Materials": [
                            "Anemone_GunMaterials.Materials.SMG.Mati_Tediore_6_Infection_Cleaner"
                        ]
                    }
                },
                {
                    "Char_Anem_ButtStallion.Mesh.ButtStallion": {
                        "Rename": "",
                        "Tags": [],
                        "Metadata": "",
                        "Location": [
                            4257.548828125,
                            28893.923828125,
                            2803.291015625
                        ],
                        "Rotation": [
                            1900,
                            10000,
                            -16800
                        ],
                        "Scale": 0.5,
                        "Scale3D": [
                            1,
                            0.0010000000474974513,
                            1
                        ],
                        "Materials": []
                    }
                },
                {
                    "Prop_Panels.MetalPanel_06": {
                        "Rename": "",
                        "Tags": [],
                        "Metadata": "",
                        "Location": [
                            9266,
                            25567.505859375,
                            3454.091064453125
                        ],
                        "Rotation": [
                            0,
                            16400,
                            0
                        ],
                        "Scale": 1,
                        "Scale3D": [
                            0.7300000190734863,
                            0.00009999999747378752,
                            1.5800000429153442
                        ],
                        "Materials": []
                    }
                }
            ],
            "InteractiveObjectDefinition": [
                {
                    "GD_Balance_Treasure.ChestGrades.ObjectGrade_TreasureChest": {
                        "Rename": "",
                        "Location": [
                            1043.178955078125,
                            23366.302734375,
                            2126.9970703125
                        ],
                        "Rotation": [
                            0,
                            12800,
                            800
                        ],
                        "Scale": 1,
                        "Scale3D": [
                            1,
                            1,
                            1
                        ],
                        "Materials": [
                            "Ice_P.TheWorld:PersistentLevel.WillowInteractiveObject_170.SkeletalMeshComponent_1019.MaterialInstanceConstant_842"
                        ]
                    }
                },
                {
                    "GD_Balance_Treasure.ChestGrades.ObjectGrade_TreasureChest": {
                        "Rename": "",
                        "Location": [
                            5218.5322265625,
                            21825.85546875,
                            3156
                        ],
                        "Rotation": [
                            0,
                            -28800,
                            0
                        ],
                        "Scale": 1,
                        "Scale3D": [
                            1,
                            1,
                            1
                        ],
                        "Materials": [
                            "Ice_P.TheWorld:PersistentLevel.WillowInteractiveObject_171.SkeletalMeshComponent_1020.MaterialInstanceConstant_843"
                        ]
                    }
                },
                {
                    "GD_Balance_Treasure.ChestGrades.ObjectGrade_TreasureChest": {
                        "Rename": "",
                        "Location": [
                            9874.4501953125,
                            23571.126953125,
                            4245.85888671875
                        ],
                        "Rotation": [
                            0,
                            5200,
                            500
                        ],
                        "Scale": 1,
                        "Scale3D": [
                            1,
                            1,
                            1
                        ],
                        "Materials": [
                            "Ice_P.TheWorld:PersistentLevel.WillowInteractiveObject_172.SkeletalMeshComponent_1021.MaterialInstanceConstant_844"
                        ]
                    }
                },
                {
                    "GD_Balance_Treasure.ChestGrades.ObjectGrade_TreasureChest": {
                        "Rename": "",
                        "Location": [
                            10213.267578125,
                            22971.853515625,
                            2961.029052734375
                        ],
                        "Rotation": [
                            -600,
                            12000,
                            2300
                        ],
                        "Scale": 1,
                        "Scale3D": [
                            1,
                            1,
                            1
                        ],
                        "Materials": [
                            "Ice_P.TheWorld:PersistentLevel.WillowInteractiveObject_173.SkeletalMeshComponent_1022.MaterialInstanceConstant_845"
                        ]
                    }
                },
                {
                    "GD_Balance_Treasure.ChestGrades.ObjectGrade_TreasureChest": {
                        "Rename": "",
                        "Location": [
                            2063.987060546875,
                            27394.154296875,
                            2366.169921875
                        ],
                        "Rotation": [
                            -500,
                            -28000,
                            2000
                        ],
                        "Scale": 1,
                        "Scale3D": [
                            1,
                            1,
                            1
                        ],
                        "Materials": [
                            "Ice_P.TheWorld:PersistentLevel.WillowInteractiveObject_174.SkeletalMeshComponent_1023.MaterialInstanceConstant_846"
                        ]
                    }
                },
                {
                    "GD_LevelChallenges.InteractiveObjects.IO_VaultRoy": {
                        "Rename": "Vault Symbol Reward",
                        "Tags": ["Vault Symbol Reward"],
                        "Location": [
                            10583.8046875,
                            26325.685546875,
                            4306.23095703125
                        ],
                        "Rotation": [
                            2900,
                            -33500,
                            0
                        ],
                        "Scale": 0.8700000047683716,
                        "Scale3D": [
                            1,
                            1,
                            1
                        ],
                        "Materials": []
                    }
                }
            ]
        }
    }
}