{"ash_p": {"Create": {"StaticMesh": [{"prop_gates.Meshes.CorrugatedGateMed": {"Rename": "", "Tags": [], "Metadata": "", "Location": [40707.09375, -28458.630859375, -1900.822021484375], "Rotation": [300, -15800, 0], "Scale": 0.8100000023841858, "Scale3D": [-1.0, 1.0, 1.0], "Materials": []}}, {"prop_gates.Meshes.CorrugatedGate": {"Rename": "", "Tags": [], "Metadata": "", "Location": [48445.6953125, -28845.291015625, -1343.5689697265625], "Rotation": [-200, -16400, 0], "Scale": 1.590000033378601, "Scale3D": [1.0, 1.0, 1.2000000476837158], "Materials": []}}, {"Prop_Crate.Meshes.BanditCrate01": {"Rename": "", "Tags": [], "Metadata": "", "Location": [48503.37890625, -30258.40234375, -996.14501953125], "Rotation": [-3000, 17700, 3800], "Scale": 2.380000114440918, "Scale3D": [1.0, 1.0, 1.0], "Materials": []}}, {"Prop_Fences.Meshes.MetalPanelFence_02": {"Rename": "", "Tags": [], "Metadata": "", "Location": [41109.3984375, -27365.294921875, -2341.507080078125], "Rotation": [0, 16000, 0], "Scale": 1.2999999523162842, "Scale3D": [1.2000000476837158, 1.0, 1.0], "Materials": []}}, {"Prop_Fences.Meshes.MetalPanelFence_02": {"Rename": "", "Tags": [], "Metadata": "", "Location": [41689.3984375, -27055.294921875, -2341.507080078125], "Rotation": [1000, 0, 0], "Scale": 1.2999999523162842, "Scale3D": [1.2999999523162842, 1.0, 1.0], "Materials": []}}, {"Prop_Fences.Meshes.MetalPanelFence_02": {"Rename": "", "Tags": [], "Metadata": "", "Location": [42389.3984375, -27055.294921875, -2341.507080078125], "Rotation": [-1000, 0, 0], "Scale": 1.2999999523162842, "Scale3D": [1.2999999523162842, 1.0, 1.0], "Materials": []}}, {"Prop_Fences.Meshes.MetalPanelFence_02": {"Rename": "", "Tags": [], "Metadata": "", "Location": [43069.3984375, -27055.294921875, -2341.507080078125], "Rotation": [3000, -32800, 0], "Scale": 1.2999999523162842, "Scale3D": [1.2999999523162842, 1.0, 1.0], "Materials": []}}, {"Prop_Fences.Meshes.MetalPanelFence_02": {"Rename": "", "Tags": [], "Metadata": "", "Location": [44019.3984375, -27055.294921875, -2451.507080078125], "Rotation": [-1000, -2000, 0], "Scale": 1.2999999523162842, "Scale3D": [1.2999999523162842, 1.0, 1.0], "Materials": []}}, {"Prop_Fences.Meshes.MetalPanelFence_02": {"Rename": "", "Tags": [], "Metadata": "", "Location": [44659.3984375, -26995.294921875, -2611.507080078125], "Rotation": [4000, -25800, 0], "Scale": 1.2999999523162842, "Scale3D": [1.2999999523162842, 1.0, 1.0], "Materials": []}}, {"prop_containers.Meshes.HyperionContainer": {"Rename": "", "Tags": [], "Metadata": "", "Location": [39292.67578125, -34543.9296875, -1591.5140380859375], "Rotation": [2000, -15000, 0], "Scale": 0.8999999761581421, "Scale3D": [1.0, 1.0, 1.0], "Materials": []}}, {"prop_containers.Meshes.HyperionContainer": {"Rename": "", "Tags": [], "Metadata": "", "Location": [40632.8046875, -35026.90625, -1647.987060546875], "Rotation": [0, -22000, 0], "Scale": 0.800000011920929, "Scale3D": [1.0, 1.0, 1.0], "Materials": []}}, {"Prop_Rocks_03.Meshes.VolcanicRock_06": {"Rename": "", "Tags": [], "Metadata": "", "Location": [38926.0390625, -33043.203125, -2306.860107421875], "Rotation": [3000, -36000, 0], "Scale": 0.2199999988079071, "Scale3D": [-3.0, 3.0, 3.5799999237060547], "Materials": ["None"]}}, {"Prop_Crate.Meshes.HyperionCrate": {"Rename": "", "Tags": [], "Metadata": "", "Location": [38795.2109375, -34012.56640625, -1161.0], "Rotation": [0, 11000, 0], "Scale": 1.0, "Scale3D": [1.5, 1.5, 1.5], "Materials": []}}, {"Prop_Rocks_03.Meshes.AridRockCliff_05_Low": {"Rename": "", "Tags": [], "Metadata": "", "Location": [45549.83984375, -30829.1171875, -3225.0869140625], "Rotation": [-1000, 18000, 0], "Scale": 1.7000000476837158, "Scale3D": [1.600000023841858, 1.2000000476837158, 1.2000000476837158], "Materials": []}}, {"Common_Meshes.Blocking.Blocking_Cube": {"Rename": "Invisible Wall 1", "Tags": [], "Metadata": "", "Location": [44756.23828125, -33401.4296875, -2427.625], "Rotation": [0, 500, 0], "Scale": 5.0, "Scale3D": [0.009999999776482582, 5.809999942779541, 1.809999942779541], "Materials": ["FX_ENV_VOG.Materials.Angel_Echo_INST"]}}, {"Prop_Panels.HullPanel": {"Rename": "", "Tags": [], "Metadata": "", "Location": [43261.38671875, -29727.96484375, -2119.0], "Rotation": [-1000, -2000, 1000], "Scale": 0.6000000238418579, "Scale3D": [1.0, 9.199999809265137, 0.8500000238418579], "Materials": []}}, {"EngineMeshes.Sphere": {"Rename": "Pressure Plate", "Tags": ["Pressure Plate"], "Metadata": "", "Location": [41609.73046875, -29839.556640625, -1500.6419677734375], "Rotation": [0, 0, 0], "Scale": 0.5, "Scale3D": [1.0, 1.0, 0.0010000000474974513], "Materials": ["Anemone_GunMaterials.Materials.SMG.Mati_Tediore_6_Infection_Cleaner"]}}, {"Char_Anem_ButtStallion.Mesh.ButtStallion": {"Rename": "", "Tags": [], "Metadata": "", "Location": [41570.43359375, -29853.958984375, -1499.4210205078125], "Rotation": [0, 20000, -16400], "Scale": 0.5, "Scale3D": [1.0, 0.0010000000474974513, 1.0], "Materials": []}}], "InteractiveObjectDefinition": [{"GD_Balance_Treasure.ChestGrades.ObjectGrade_DahlEpic": {"Rename": "", "Tags": [], "Metadata": "", "Location": [41920.1640625, -29055.234375, -2094.68408203125], "Rotation": [0, 17200, -800], "Scale": 1.0, "Scale3D": [1.0, 1.0, 1.0], "Materials": ["Ash_P.TheWorld:PersistentLevel.WillowInteractiveObject_729.SkeletalMeshComponent_3219.MaterialInstanceConstant_3379"]}}, {"GD_Balance_Treasure.ChestGrades.ObjectGrade_DahlEpic": {"Rename": "", "Tags": [], "Metadata": "", "Location": [42511.03125, -31094.5859375, -2119.0], "Rotation": [1000, -9000, 1500], "Scale": 1.0, "Scale3D": [1.0, 1.0, 1.0], "Materials": ["Ash_P.TheWorld:PersistentLevel.WillowInteractiveObject_730.SkeletalMeshComponent_3220.MaterialInstanceConstant_3380"]}}, {"GD_Balance_Treasure.ChestGrades.ObjectGrade_DahlEpic": {"Rename": "", "Tags": [], "Metadata": "", "Location": [41593.1796875, -33312.64453125, -1651.761962890625], "Rotation": [0, 26600, 0], "Scale": 1.0, "Scale3D": [1.0, 1.0, 1.0], "Materials": ["Ash_P.TheWorld:PersistentLevel.WillowInteractiveObject_731.SkeletalMeshComponent_3221.MaterialInstanceConstant_3381"]}}, {"GD_Balance_Treasure.ChestGrades.ObjectGrade_DahlEpic": {"Rename": "", "Tags": [], "Metadata": "", "Location": [38685.84765625, -33746.37890625, -1575.717041015625], "Rotation": [0, -6500, 0], "Scale": 1.0, "Scale3D": [1.0, 1.0, 1.0], "Materials": ["Ash_P.TheWorld:PersistentLevel.WillowInteractiveObject_732.SkeletalMeshComponent_3222.MaterialInstanceConstant_3382"]}}, {"GD_Balance_Treasure.ChestGrades.ObjectGrade_DahlEpic": {"Rename": "", "Tags": [], "Metadata": "", "Location": [41609.2421875, -36149.40234375, -968.385009765625], "Rotation": [-500, 11400, 6500], "Scale": 1.0, "Scale3D": [1.0, 1.0, 1.0], "Materials": ["Ash_P.TheWorld:PersistentLevel.WillowInteractiveObject_733.SkeletalMeshComponent_3223.MaterialInstanceConstant_3383"]}}, {"GD_LevelChallenges.InteractiveObjects.IO_VaultRoy": {"Rename": "Vault Symbol Reward", "Tags": ["Vault Symbol Reward"], "Metadata": "", "Location": [41916.48046875, -33738.16796875, -1538.25], "Rotation": [-2300, 23500, 0], "Scale": 0.6100000143051147, "Scale3D": [1.0, 1.0, 1.0], "Materials": []}}]}}}