{"ash_p": {"Create": {"StaticMesh": [{"Common_Meshes.Blocking.Blocking_Cube": {"Rename": "Invisible Wall 1", "Tags": [], "Metadata": "", "Location": [-12989.333984375, -11246.9736328125, -3052.782958984375], "Rotation": [0, 0, 0], "Scale": 6.420000076293945, "Scale3D": [0.009999999776482582, 3.809999942779541, 1.0], "Materials": ["FX_ENV_VOG.Materials.Angel_Echo_INST"]}}, {"prop_dams.Mesh.HyperionDamWallDouble": {"Rename": "", "Tags": [], "Metadata": "", "Location": [-7852.091796875, -12682.1435546875, -2801.20703125], "Rotation": [0, 16400, 0], "Scale": 1.0, "Scale3D": [1.0, 1.0, 1.0], "Materials": []}}, {"prop_dams.Mesh.HyperionDamWallDouble": {"Rename": "", "Tags": [], "Metadata": "", "Location": [-9895.091796875, -12682.1435546875, -2801.20703125], "Rotation": [0, 13400, 0], "Scale": 1.0, "Scale3D": [1.0, 1.0, 1.0], "Materials": []}}, {"prop_dams.Mesh.HyperionDamWallDouble": {"Rename": "", "Tags": [], "Metadata": "", "Location": [-11864.091796875, -12105.1435546875, -2801.20703125], "Rotation": [0, 10200, 1500], "Scale": 1.0, "Scale3D": [1.0, 1.0, 1.0], "Materials": []}}, {"Common_Meshes.Blocking.Blocking_Cube": {"Rename": "Invisible Wall 2", "Tags": [], "Metadata": "", "Location": [-12989.333984375, -4989.97412109375, -3052.782958984375], "Rotation": [0, -4700, 0], "Scale": 6.420000076293945, "Scale3D": [0.009999999776482582, 2.309999942779541, 1.0], "Materials": ["FX_ENV_VOG.Materials.Angel_Echo_INST"]}}, {"Common_Meshes.Blocking.Blocking_Cube": {"Rename": "Invisible Wall 3", "Tags": [], "Metadata": "", "Location": [-8467.193359375, -12459.0146484375, -2207.7919921875], "Rotation": [0, -4100, 0], "Scale": 2.0, "Scale3D": [0.009999999776482582, 1.0, 1.0], "Materials": ["FX_ENV_VOG.Materials.Angel_Echo_INST"]}}, {"Common_Meshes.Blocking.Blocking_Cube": {"Rename": "Invisible Wall 4", "Tags": [], "Metadata": "", "Location": [-7317.77978515625, -6700.65185546875, -2153.52197265625], "Rotation": [0, 0, 0], "Scale": 2.0, "Scale3D": [0.009999999776482582, 1.0, 1.0], "Materials": ["FX_ENV_VOG.Materials.Angel_Echo_INST"]}}, {"Prop_Crate.Meshes.CoveredCrate_01a": {"Rename": "", "Tags": [], "Metadata": "", "Location": [-9809.296875, -6452.794921875, -1783.9599609375], "Rotation": [0, 16400, 0], "Scale": 1.2999999523162842, "Scale3D": [1.0, 1.0, 1.0], "Materials": []}}, {"Prop_Crate.Meshes.CoveredCrate_01a": {"Rename": "", "Tags": [], "Metadata": "", "Location": [-9809.296875, -6452.794921875, -1642.9599609375], "Rotation": [0, 16400, 0], "Scale": 1.2999999523162842, "Scale3D": [1.0, 1.0, 1.0], "Materials": []}}, {"Prop_Panels.MetalPanel_03": {"Rename": "", "Tags": [], "Metadata": "", "Location": [-9646.0, -6392.77099609375, -2494.209228515625], "Rotation": [-1000, 16800, 0], "Scale": 1.100000023841858, "Scale3D": [0.4000000059604645, 0.30000001192092896, 1.0], "Materials": []}}, {"EngineMeshes.Sphere": {"Rename": "Pressure Plate", "Tags": ["Pressure Plate"], "Metadata": "", "Location": [-8737.87890625, -5516.12451171875, -2353.0], "Rotation": [0, 0, 0], "Scale": 0.5, "Scale3D": [1.0, 1.0, 0.0010000000474974513], "Materials": ["Anemone_GunMaterials.Materials.SMG.Mati_Tediore_6_Infection_Cleaner"]}}, {"Char_Anem_ButtStallion.Mesh.ButtStallion": {"Rename": "", "Tags": [], "Metadata": "", "Location": [-8778.1220703125, -5515.287109375, -2352.381103515625], "Rotation": [0, 15700, -16400], "Scale": 0.5, "Scale3D": [1.0, 0.0010000000474974513, 1.0], "Materials": []}}], "InteractiveObjectDefinition": [{"GD_Balance_Treasure.ChestGrades.ObjectGrade_HyperionChest": {"Rename": "", "Tags": [], "Metadata": "", "Location": [-12031.083984375, -7510.1689453125, -2631.697021484375], "Rotation": [0, -16400, 0], "Scale": 1.0, "Scale3D": [1.0, 1.0, 1.0], "Materials": ["Ash_P.TheWorld:PersistentLevel.WillowInteractiveObject_89.SkeletalMeshComponent_528.MaterialInstanceConstant_579"]}}, {"GD_Balance_Treasure.ChestGrades.ObjectGrade_HyperionChest": {"Rename": "", "Tags": [], "Metadata": "", "Location": [-10496.5380859375, -4553.6962890625, -2657.00390625], "Rotation": [0, -16400, -200], "Scale": 1.0, "Scale3D": [1.0, 1.0, 1.0], "Materials": ["Ash_P.TheWorld:PersistentLevel.WillowInteractiveObject_90.SkeletalMeshComponent_529.MaterialInstanceConstant_580"]}}, {"GD_Balance_Treasure.ChestGrades.ObjectGrade_HyperionChest": {"Rename": "", "Tags": [], "Metadata": "", "Location": [-9424.0244140625, -7991.43896484375, -2633.007080078125], "Rotation": [0, 8200, 0], "Scale": 1.0, "Scale3D": [1.0, 1.0, 1.0], "Materials": ["Ash_P.TheWorld:PersistentLevel.WillowInteractiveObject_91.SkeletalMeshComponent_530.MaterialInstanceConstant_581"]}}, {"GD_Balance_Treasure.ChestGrades.ObjectGrade_HyperionChest": {"Rename": "", "Tags": [], "Metadata": "", "Location": [-10618.4228515625, -10728.865234375, -2646.7509765625], "Rotation": [0, 0, 0], "Scale": 1.0, "Scale3D": [1.0, 1.0, 1.0], "Materials": ["Ash_P.TheWorld:PersistentLevel.WillowInteractiveObject_92.SkeletalMeshComponent_531.MaterialInstanceConstant_582"]}}, {"GD_Balance_Treasure.ChestGrades.ObjectGrade_HyperionChest": {"Rename": "", "Tags": [], "Metadata": "", "Location": [-9824.9599609375, -5940.34521484375, -1784.1390380859375], "Rotation": [0, 32800, 0], "Scale": 1.0, "Scale3D": [1.0, 1.0, 1.0], "Materials": ["Ash_P.TheWorld:PersistentLevel.WillowInteractiveObject_93.SkeletalMeshComponent_532.MaterialInstanceConstant_583"]}}, {"GD_LevelChallenges.InteractiveObjects.IO_VaultRoy": {"Rename": "Vault Symbol Reward", "Tags": ["Vault Symbol Reward"], "Metadata": "", "Location": [-12694.1708984375, -8464.9150390625, -2830.0556640625], "Rotation": [-2400, 32800, 0], "Scale": 1.0, "Scale3D": [1.0, 1.0, 1.0], "Materials": []}}]}}}