{"fyrestone_p": {"Create": {"StaticMesh": [{"prop_gates.Meshes.CorrugatedGate": {"Rename": "", "Tags": [], "Metadata": "", "Location": [-50956.71484375, 12554.8173828125, -2274.044921875], "Rotation": [-600, 16400, 0], "Scale": 3.0, "Scale3D": [1.0, 1.0, 1.0], "Materials": []}}, {"prop_gates.Meshes.CorrugatedGate": {"Rename": "", "Tags": [], "Metadata": "", "Location": [-48959.87109375, 15467.9833984375, -2394.450927734375], "Rotation": [0, 4700, 0], "Scale": 3.0, "Scale3D": [1.0, 1.0, 1.0], "Materials": []}}, {"prop_gates.Meshes.CorrugatedGate": {"Rename": "", "Tags": [], "Metadata": "", "Location": [-44879.87109375, 16610.984375, -2316.450927734375], "Rotation": [0, 1000, 0], "Scale": 3.0, "Scale3D": [1.0, 1.0, 1.0], "Materials": []}}, {"prop_gates.Meshes.CorrugatedGate": {"Rename": "", "Tags": [], "Metadata": "", "Location": [-40616.87109375, 16812.984375, -2316.450927734375], "Rotation": [0, 0, 0], "Scale": 3.0, "Scale3D": [1.0, 1.0, 1.0], "Materials": []}}, {"prop_gates.Meshes.CorrugatedGate": {"Rename": "", "Tags": [], "Metadata": "", "Location": [-36635.87109375, 15677.984375, -2316.450927734375], "Rotation": [0, -5800, 0], "Scale": 3.0, "Scale3D": [1.0, 1.0, 1.0], "Materials": []}}, {"Common_Meshes.Blocking.Blocking_Cube": {"Rename": "Invisible Wall 1", "Tags": [], "Metadata": "", "Location": [-46365.71875, 16380.98828125, -1715.31201171875], "Rotation": [0, 21000, 0], "Scale": 3.0, "Scale3D": [0.009999999776482582, 2.799999952316284, 1.0], "Materials": ["FX_ENV_VOG.Materials.Angel_Echo_INST"]}}, {"Common_Meshes.Blocking.Blocking_Cube": {"Rename": "Invisible Wall 2", "Tags": [], "Metadata": "", "Location": [-39382.74609375, 16702.375, -1711.655029296875], "Rotation": [0, 16400, 0], "Scale": 3.0, "Scale3D": [0.009999999776482582, 3.200000047683716, 1.0], "Materials": ["FX_ENV_VOG.Materials.Angel_Echo_INST"]}}, {"EngineMeshes.Sphere": {"Rename": "Pressure Plate", "Tags": ["Pressure Plate"], "Metadata": "", "Location": [-46926.66796875, 9219.8330078125, -964.0], "Rotation": [0, 0, 0], "Scale": 0.5, "Scale3D": [1.0, 1.0, 0.0010000000474974513], "Materials": ["Anemone_GunMaterials.Materials.SMG.Mati_Tediore_6_Infection_Cleaner"]}}, {"Char_Anem_ButtStallion.Mesh.ButtStallion": {"Rename": "", "Tags": [], "Metadata": "", "Location": [-46931.87109375, 9252.6064453125, -963.0], "Rotation": [0, 0, -16400], "Scale": 0.5, "Scale3D": [1.0, 0.0010000000474974513, 1.0], "Materials": []}}], "InteractiveObjectDefinition": [{"GD_Balance_Treasure.ChestGrades.ObjectGrade_TreasureChest": {"Rename": "", "Tags": [], "Metadata": "", "Location": [-48327.81640625, 12558.6064453125, -2886.47705078125], "Rotation": [0, 16400, 0], "Scale": 1.0, "Scale3D": [1.0, 1.0, 1.0], "Materials": ["Fyrestone_P.TheWorld:PersistentLevel.WillowInteractiveObject_592.SkeletalMeshComponent_2469.MaterialInstanceConstant_3678"]}}, {"GD_Balance_Treasure.ChestGrades.ObjectGrade_TreasureChest": {"Rename": "", "Tags": [], "Metadata": "", "Location": [-46030.0703125, 15465.7607421875, -2971.639892578125], "Rotation": [-100, 5000, 0], "Scale": 1.0, "Scale3D": [1.0, 1.0, 1.0], "Materials": ["Fyrestone_P.TheWorld:PersistentLevel.WillowInteractiveObject_593.SkeletalMeshComponent_2470.MaterialInstanceConstant_3679"]}}, {"GD_Balance_Treasure.ChestGrades.ObjectGrade_TreasureChest": {"Rename": "", "Tags": [], "Metadata": "", "Location": [-45818.875, 9992.2763671875, -2857.342041015625], "Rotation": [-400, 28000, 0], "Scale": 1.0, "Scale3D": [1.0, 1.0, 1.0], "Materials": ["Fyrestone_P.TheWorld:PersistentLevel.WillowInteractiveObject_594.SkeletalMeshComponent_2471.MaterialInstanceConstant_3680"]}}, {"GD_Balance_Treasure.ChestGrades.ObjectGrade_TreasureChest": {"Rename": "", "Tags": [], "Metadata": "", "Location": [-43137.88671875, 13024.2109375, -2882.0], "Rotation": [0, -31000, 0], "Scale": 1.0, "Scale3D": [1.0, 1.0, 1.0], "Materials": ["Fyrestone_P.TheWorld:PersistentLevel.WillowInteractiveObject_595.SkeletalMeshComponent_2472.MaterialInstanceConstant_3681"]}}, {"GD_Balance_Treasure.ChestGrades.ObjectGrade_TreasureChest": {"Rename": "", "Tags": [], "Metadata": "", "Location": [-40620.5390625, 11197.88671875, -2882.0], "Rotation": [0, 0, 0], "Scale": 1.0, "Scale3D": [1.0, 1.0, 1.0], "Materials": ["Fyrestone_P.TheWorld:PersistentLevel.WillowInteractiveObject_596.SkeletalMeshComponent_2473.MaterialInstanceConstant_3682"]}}, {"GD_Balance_Treasure.ChestGrades.ObjectGrade_TreasureChest": {"Rename": "", "Tags": [], "Metadata": "", "Location": [-38483.265625, 15373.880859375, -2886.4189453125], "Rotation": [0, 0, -800], "Scale": 1.0, "Scale3D": [1.0, 1.0, 1.0], "Materials": ["Fyrestone_P.TheWorld:PersistentLevel.WillowInteractiveObject_597.SkeletalMeshComponent_2474.MaterialInstanceConstant_3683"]}}, {"GD_Balance_Treasure.ChestGrades.ObjectGrade_TreasureChest": {"Rename": "", "Tags": [], "Metadata": "", "Location": [-41260.52734375, 14475.552734375, -2123.180908203125], "Rotation": [0, 25200, 0], "Scale": 1.0, "Scale3D": [1.0, 1.0, 1.0], "Materials": ["Fyrestone_P.TheWorld:PersistentLevel.WillowInteractiveObject_598.SkeletalMeshComponent_2475.MaterialInstanceConstant_3684"]}}, {"GD_LevelChallenges.InteractiveObjects.IO_VaultRoy": {"Rename": "Vault Symbol Reward", "Tags": ["Vault Symbol Reward"], "Metadata": "", "Location": [-40632.55859375, 11172.525390625, -2226.91748046875], "Rotation": [1100, -1200, -8900], "Scale": 0.8500000238418579, "Scale3D": [1.0, 1.0, 1.0], "Materials": []}}]}}}