{"stockade_p": {"Create": {"StaticMesh": [{"Prop_Rocks_03.Meshes.AridRockCliff_05a": {"Rename": "", "Tags": [], "Metadata": "", "Location": [-21482.986328125, 41781.49609375, 359.9209899902344], "Rotation": [0, -27700, 0], "Scale": 1.0, "Scale3D": [1.0, 1.0, 1.0], "Materials": []}}, {"Prop_Fences.Meshes.BanditCover_03": {"Rename": "", "Tags": [], "Metadata": "", "Location": [-14970.8193359375, 35939.77734375, 51.72800064086914], "Rotation": [0, 4100, 0], "Scale": 3.0, "Scale3D": [1.0, 1.0, 1.0], "Materials": []}}, {"Prop_Fences.Meshes.BanditCover_03": {"Rename": "", "Tags": [], "Metadata": "", "Location": [-14451.8193359375, 36153.77734375, 51.72800064086914], "Rotation": [0, 2600, 0], "Scale": 3.0, "Scale3D": [1.0, 1.0, 1.0], "Materials": []}}, {"Prop_Fences.Meshes.BanditCover_03": {"Rename": "", "Tags": [], "Metadata": "", "Location": [-21943.78515625, 37356.4375, 274.0329895019531], "Rotation": [0, -16400, 0], "Scale": 3.0, "Scale3D": [1.0, 1.0, 1.0], "Materials": []}}, {"Prop_Fences.Meshes.BanditCover_03": {"Rename": "", "Tags": [], "Metadata": "", "Location": [-21943.78515625, 36794.4375, 274.0329895019531], "Rotation": [0, -16400, 0], "Scale": 3.0, "Scale3D": [1.0, 1.0, 1.0], "Materials": []}}, {"Prop_Fences.Meshes.BanditCover_03": {"Rename": "", "Tags": [], "Metadata": "", "Location": [-21943.78515625, 36231.4375, 274.0329895019531], "Rotation": [0, -16400, 0], "Scale": 3.0, "Scale3D": [1.0, 1.0, 1.0], "Materials": []}}, {"Prop_Fences.Meshes.BanditCover_03": {"Rename": "", "Tags": [], "Metadata": "", "Location": [-21943.78515625, 35673.4375, 274.0329895019531], "Rotation": [0, -16400, 0], "Scale": 3.0, "Scale3D": [1.0, 1.0, 1.0], "Materials": []}}, {"Prop_Fences.Meshes.BanditCover_03": {"Rename": "", "Tags": [], "Metadata": "", "Location": [-21943.78515625, 35112.4375, 274.0329895019531], "Rotation": [0, -16400, 0], "Scale": 3.0, "Scale3D": [1.0, 1.0, 1.0], "Materials": []}}, {"Prop_Fences.Meshes.BanditCover_03": {"Rename": "", "Tags": [], "Metadata": "", "Location": [-21943.78515625, 34552.4375, 274.0329895019531], "Rotation": [-2400, -12500, 0], "Scale": 3.0, "Scale3D": [1.0, 1.0, 1.0], "Materials": []}}, {"Prop_Fences.Meshes.BanditCover_03": {"Rename": "", "Tags": [], "Metadata": "", "Location": [-22288.78515625, 32557.4375, -79.96700286865234], "Rotation": [2600, -18500, 0], "Scale": 3.0, "Scale3D": [1.0, 1.0, 1.0], "Materials": []}}, {"Prop_Rocks_03.Meshes.BarrensRockBoulder": {"Rename": "", "Tags": [], "Metadata": "", "Location": [-22248.05859375, 33728.1015625, -95.4000015258789], "Rotation": [-28700, 5800, -5400], "Scale": 1.159999966621399, "Scale3D": [1.3899999856948853, 0.7200000286102295, 1.1100000143051147], "Materials": []}}, {"Prop_Fences.Meshes.BanditCover_03": {"Rename": "", "Tags": [], "Metadata": "", "Location": [-22586.78515625, 33088.4375, -22.966999053955078], "Rotation": [0, -11200, 0], "Scale": 3.0, "Scale3D": [1.0, 1.0, 1.0], "Materials": []}}, {"prop_dams.Mesh.HyperionDamWall": {"Rename": "", "Tags": [], "Metadata": "", "Location": [-21601.9609375, 32081.8984375, -182.49600219726562], "Rotation": [0, 16400, 0], "Scale": 0.7599999904632568, "Scale3D": [1.0, 1.0, 1.0], "Materials": []}}, {"prop_dams.Mesh.HyperionDamWall": {"Rename": "", "Tags": [], "Metadata": "", "Location": [-20821.9609375, 32081.8984375, -182.49600219726562], "Rotation": [0, 16400, 0], "Scale": 0.7599999904632568, "Scale3D": [1.0, 1.0, 1.0], "Materials": []}}, {"prop_dams.Mesh.HyperionDamWall": {"Rename": "", "Tags": [], "Metadata": "", "Location": [-20036.9609375, 32081.8984375, -182.49600219726562], "Rotation": [0, 16400, 0], "Scale": 0.7599999904632568, "Scale3D": [1.0, 1.0, 1.0], "Materials": []}}, {"prop_dams.Mesh.HyperionDamWall": {"Rename": "", "Tags": [], "Metadata": "", "Location": [-19254.9609375, 32081.8984375, -182.49600219726562], "Rotation": [0, 16400, 0], "Scale": 0.7599999904632568, "Scale3D": [1.0, 1.0, 1.0], "Materials": []}}, {"prop_dams.Mesh.HyperionDamWall": {"Rename": "", "Tags": [], "Metadata": "", "Location": [-18339.9609375, 32482.8984375, -182.49600219726562], "Rotation": [0, 20900, 0], "Scale": 0.7599999904632568, "Scale3D": [1.0, 1.190000057220459, 1.0], "Materials": []}}, {"Prop_Panels.MetalPanel": {"Rename": "", "Tags": [], "Metadata": "", "Location": [-17386.71875, 37588.01953125, 339.0], "Rotation": [0, -18000, 0], "Scale": 0.4000000059604645, "Scale3D": [1.0, 1.0, 1.0], "Materials": []}}, {"EngineMeshes.Sphere": {"Rename": "Pressure Plate", "Tags": ["Pressure Plate"], "Metadata": "", "Location": [-17040.68359375, 37455.4296875, 86.0], "Rotation": [200, 0, -300], "Scale": 0.5, "Scale3D": [1.0, 1.0, 0.0010000000474974513], "Materials": ["Anemone_GunMaterials.Materials.SMG.Mati_Tediore_6_Infection_Cleaner"]}}, {"Char_Anem_ButtStallion.Mesh.ButtStallion": {"Rename": "", "Tags": [], "Metadata": "", "Location": [-17082.72265625, 37475.4453125, 87.0], "Rotation": [400, 12200, -16400], "Scale": 0.5, "Scale3D": [1.0, 0.0010000000474974513, 1.0], "Materials": []}}], "InteractiveObjectDefinition": [{"GD_Balance_Treasure.ChestGrades.ObjectGrade_TreasureChest": {"Rename": "", "Tags": [], "Metadata": "", "Location": [-21487.888671875, 39707.0390625, 640.8380126953125], "Rotation": [-1300, -14200, 500], "Scale": 1.0, "Scale3D": [1.0, 1.0, 1.0], "Materials": ["Stockade_P.TheWorld:PersistentLevel.WillowInteractiveObject_139.SkeletalMeshComponent_583.MaterialInstanceConstant_837"]}}, {"GD_Balance_Treasure.ChestGrades.ObjectGrade_TreasureChest": {"Rename": "", "Tags": [], "Metadata": "", "Location": [-18199.18359375, 38281.34375, 449.5719909667969], "Rotation": [-200, 14200, 1200], "Scale": 1.0, "Scale3D": [1.0, 1.0, 1.0], "Materials": ["Stockade_P.TheWorld:PersistentLevel.WillowInteractiveObject_140.SkeletalMeshComponent_584.MaterialInstanceConstant_838"]}}, {"GD_Balance_Treasure.ChestGrades.ObjectGrade_TreasureChest": {"Rename": "", "Tags": [], "Metadata": "", "Location": [-21182.34375, 35530.6875, 246.40199279785156], "Rotation": [400, 0, 0], "Scale": 1.0, "Scale3D": [1.0, 1.0, 1.0], "Materials": ["Stockade_P.TheWorld:PersistentLevel.WillowInteractiveObject_141.SkeletalMeshComponent_585.MaterialInstanceConstant_839"]}}, {"GD_Balance_Treasure.ChestGrades.ObjectGrade_TreasureChest": {"Rename": "", "Tags": [], "Metadata": "", "Location": [-13615.4833984375, 39488.1484375, 63.53300094604492], "Rotation": [0, 21500, 0], "Scale": 1.0, "Scale3D": [1.0, 1.0, 1.0], "Materials": ["Stockade_P.TheWorld:PersistentLevel.WillowInteractiveObject_142.SkeletalMeshComponent_586.MaterialInstanceConstant_840"]}}, {"GD_Balance_Treasure.ChestGrades.ObjectGrade_TreasureChest": {"Rename": "", "Tags": [], "Metadata": "", "Location": [-14834.859375, 36164.87109375, 35.244998931884766], "Rotation": [0, 4300, 0], "Scale": 1.0, "Scale3D": [1.0, 1.0, 1.0], "Materials": ["Stockade_P.TheWorld:PersistentLevel.WillowInteractiveObject_143.SkeletalMeshComponent_587.MaterialInstanceConstant_841"]}}, {"GD_Balance_Treasure.ChestGrades.ObjectGrade_TreasureChest": {"Rename": "", "Tags": [], "Metadata": "", "Location": [-18924.3203125, 32464.609375, 81.9540023803711], "Rotation": [-500, 5200, 0], "Scale": 1.0, "Scale3D": [1.0, 1.0, 1.0], "Materials": ["Stockade_P.TheWorld:PersistentLevel.WillowInteractiveObject_144.SkeletalMeshComponent_588.MaterialInstanceConstant_842"]}}]}}}