{"stockade_p": {"Create": {"StaticMesh": [{"prop_gates.Meshes.CorrugatedGateNakedLrg": {"Rename": "", "Tags": [], "Metadata": "", "Location": [-18237.4453125, 32007.869140625, 217.43299865722656], "Rotation": [0, -16400, 0], "Scale": 0.800000011920929, "Scale3D": [1.0, 1.0, 1.0], "Materials": []}}, {"Prop_Rocks_03.Meshes.AridRockCliff_05a": {"Rename": "", "Tags": [], "Metadata": "", "Location": [-13964.52734375, 35906.05859375, -586.7979736328125], "Rotation": [0, -26300, 0], "Scale": 1.0, "Scale3D": [1.0, 1.0, 1.0], "Materials": []}}, {"Prop_Fences.Meshes.CorrugatedFenceSmall": {"Rename": "", "Tags": [], "Metadata": "", "Location": [-11946.4697265625, 29438.125, 197.7830047607422], "Rotation": [700, 1800, 0], "Scale": 1.0, "Scale3D": [1.4299999475479126, 1.0, 0.8899999856948853], "Materials": []}}, {"Prop_Fences.Meshes.MetalPanelFence_04": {"Rename": "", "Tags": [], "Metadata": "", "Location": [-8886.1796875, 31924.982421875, -59.01499938964844], "Rotation": [0, 6700, 0], "Scale": 0.7900000214576721, "Scale3D": [1.0, 1.0, 1.0], "Materials": []}}, {"Prop_Fences.Meshes.MetalPanelFence_04": {"Rename": "", "Tags": [], "Metadata": "", "Location": [-7068.76611328125, 36443.68359375, -4.51800012588501], "Rotation": [0, -9500, 0], "Scale": 1.0, "Scale3D": [1.0, 1.0, 1.0], "Materials": []}}, {"Prop_Rocks_03.Meshes.BarrensRockBoulder": {"Rename": "", "Tags": [], "Metadata": "", "Location": [-6871.93798828125, 32549.15625, 210.73899841308594], "Rotation": [0, 4000, 0], "Scale": 1.2699999809265137, "Scale3D": [1.0, 0.6700000166893005, 1.0], "Materials": []}}, {"Prop_Fences.Meshes.CorrugatedFenceSmall": {"Rename": "", "Tags": [], "Metadata": "", "Location": [-7653.89404296875, 37145.90234375, 294.37701416015625], "Rotation": [-1100, 26900, 0], "Scale": 1.0, "Scale3D": [1.0, 1.0, 0.8500000238418579], "Materials": []}}, {"Common_Meshes.Blocking.Blocking_Cube": {"Rename": "Invisible Wall 1", "Tags": [], "Metadata": "", "Location": [-7446.89892578125, 37062.28515625, 80.2760009765625], "Rotation": [0, 21100, 0], "Scale": 2.0, "Scale3D": [0.009999999776482582, 2.240000009536743, 1.0], "Materials": ["FX_ENV_VOG.Materials.Angel_Echo_INST"]}}, {"Common_Meshes.Blocking.Blocking_Cube": {"Rename": "Invisible Wall 2", "Tags": [], "Metadata": "", "Location": [-8484.8984375, 36559.28515625, 14.276000022888184], "Rotation": [0, 11900, 0], "Scale": 2.0, "Scale3D": [0.009999999776482582, 1.399999976158142, 1.1299999952316284], "Materials": ["FX_ENV_VOG.Materials.Angel_Echo_INST"]}}, {"Prop_Crate.Meshes.CoveredCrate_01a": {"Rename": "", "Tags": [], "Metadata": "", "Location": [-13199.5263671875, 31005.642578125, 78.14099884033203], "Rotation": [0, -9200, 0], "Scale": 1.1799999475479126, "Scale3D": [1.0, 1.0, 1.0], "Materials": []}}, {"Common_Meshes.Blocking.Blocking_Cube": {"Rename": "Invisible Wall 3", "Tags": [], "Metadata": "", "Location": [-10891.52734375, 29917.037109375, 16.64900016784668], "Rotation": [0, -2600, 0], "Scale": 3.0, "Scale3D": [0.009999999776482582, 1.4600000381469727, 1.0299999713897705], "Materials": ["FX_ENV_VOG.Materials.Angel_Echo_INST"]}}, {"Prop_Crate.Meshes.BanditCrate01": {"Rename": "", "Tags": [], "Metadata": "", "Location": [-12504.392578125, 33985.6328125, 35.922000885009766], "Rotation": [0, -7000, 0], "Scale": 1.2999999523162842, "Scale3D": [1.0, 1.0, 1.0], "Materials": []}}, {"Prop_Crate.Meshes.BanditCrate01": {"Rename": "", "Tags": [], "Metadata": "", "Location": [-12504.392578125, 33985.6328125, 167.0], "Rotation": [0, -7000, 0], "Scale": 1.2999999523162842, "Scale3D": [1.0, 1.0, 1.0], "Materials": []}}, {"Prop_Crate.Meshes.CoveredCrate_01a": {"Rename": "", "Tags": [], "Metadata": "", "Location": [-12523.1748046875, 29504.759765625, 24.14900016784668], "Rotation": [-1500, 0, 0], "Scale": 1.0, "Scale3D": [1.0, 1.0, 1.100000023841858], "Materials": []}}, {"Prop_Crate.Meshes.HyperionCrate": {"Rename": "", "Tags": [], "Metadata": "", "Location": [-12472.296875, 29505.876953125, 145.27999877929688], "Rotation": [-500, 0, 0], "Scale": 1.1699999570846558, "Scale3D": [1.0, 1.0, 1.0], "Materials": []}}, {"Prop_Rocks_03.Meshes.AridRockCliff_08": {"Rename": "", "Tags": [], "Metadata": "", "Location": [-11652.958984375, 28820.6484375, -1049.616943359375], "Rotation": [0, -1400, 0], "Scale": 0.15000000596046448, "Scale3D": [1.0, 0.6700000166893005, 1.0], "Materials": []}}, {"Prop_Rocks_03.Meshes.AridRockCliff_08": {"Rename": "", "Tags": [], "Metadata": "", "Location": [-14585.67578125, 29425.087890625, 367.1619873046875], "Rotation": [0, -3800, 0], "Scale": 0.05999999865889549, "Scale3D": [1.0, 1.0, 1.2999999523162842], "Materials": []}}, {"Common_Meshes.Blocking.Blocking_Cube": {"Rename": "Invisible Wall 4", "Tags": [], "Metadata": "", "Location": [-12417.3427734375, 28531.404296875, 219.76199340820312], "Rotation": [0, 400, 0], "Scale": 3.0, "Scale3D": [0.009999999776482582, 1.1299999952316284, 1.0299999713897705], "Materials": ["FX_ENV_VOG.Materials.Angel_Echo_INST"]}}, {"Common_Meshes.Blocking.Blocking_Cube": {"Rename": "Invisible Wall 5", "Tags": [], "Metadata": "", "Location": [-12429.546875, 29367.169921875, 313.1130065917969], "Rotation": [0, -15100, 0], "Scale": 3.0, "Scale3D": [0.009999999776482582, 1.1299999952316284, 1.0299999713897705], "Materials": ["FX_ENV_VOG.Materials.Angel_Echo_INST"]}}, {"Common_Meshes.Blocking.Blocking_Cube": {"Rename": "Invisible Wall 6", "Tags": [], "Metadata": "", "Location": [-10721.9970703125, 32278.56640625, 206.91299438476562], "Rotation": [0, -16400, 0], "Scale": 3.0, "Scale3D": [0.009999999776482582, 1.809999942779541, 1.0299999713897705], "Materials": ["FX_ENV_VOG.Materials.Angel_Echo_INST"]}}, {"EngineMeshes.Sphere": {"Rename": "Pressure Plate", "Tags": ["Pressure Plate"], "Metadata": "", "Location": [-10033.427734375, 32554.0703125, 39.0], "Rotation": [0, -2400, 0], "Scale": 0.5, "Scale3D": [1.0, 1.0, 0.0010000000474974513], "Materials": ["Anemone_GunMaterials.Materials.SMG.Mati_Tediore_6_Infection_Cleaner"]}}, {"Char_Anem_ButtStallion.Mesh.ButtStallion": {"Rename": "", "Tags": [], "Metadata": "", "Location": [-9992.3818359375, 32551.638671875, 40.0], "Rotation": [0, 47400, -16400], "Scale": 0.5, "Scale3D": [1.0, 0.0010000000474974513, 1.0], "Materials": []}}, {"Prop_Panels.CorrugatePanel_03": {"Rename": "", "Tags": [], "Metadata": "", "Location": [-10448.189453125, 32495.462890625, 85.65899658203125], "Rotation": [-11200, -16200, 16400], "Scale": 1.0, "Scale3D": [1.0, 2.5399999618530273, 0.029999999329447746], "Materials": []}}], "InteractiveObjectDefinition": [{"GD_Balance_Treasure.ChestGrades.ObjectGrade_TreasureChest": {"Rename": "", "Tags": [], "Metadata": "", "Location": [-16373.0087890625, 32190.244140625, -84.80500030517578], "Rotation": [0, 19300, 0], "Scale": 1.0, "Scale3D": [1.0, 1.0, 1.0], "Materials": ["Stockade_P.TheWorld:PersistentLevel.WillowInteractiveObject_150.SkeletalMeshComponent_577.MaterialInstanceConstant_495"]}}, {"GD_Balance_Treasure.ChestGrades.ObjectGrade_TreasureChest": {"Rename": "", "Tags": [], "Metadata": "", "Location": [-13924.5498046875, 35263.11328125, -7.335999965667725], "Rotation": [0, -27000, 0], "Scale": 1.0, "Scale3D": [1.0, 1.0, 1.0], "Materials": ["Stockade_P.TheWorld:PersistentLevel.WillowInteractiveObject_151.SkeletalMeshComponent_578.MaterialInstanceConstant_496"]}}, {"GD_Balance_Treasure.ChestGrades.ObjectGrade_TreasureChest": {"Rename": "", "Tags": [], "Metadata": "", "Location": [-12835.15625, 30856.5, 87.66799926757812], "Rotation": [0, -5200, 0], "Scale": 1.0, "Scale3D": [1.0, 1.0, 1.0], "Materials": ["Stockade_P.TheWorld:PersistentLevel.WillowInteractiveObject_152.SkeletalMeshComponent_579.MaterialInstanceConstant_497"]}}, {"GD_Balance_Treasure.ChestGrades.ObjectGrade_TreasureChest": {"Rename": "", "Tags": [], "Metadata": "", "Location": [-9791.564453125, 34633.0078125, 39.8129997253418], "Rotation": [100, 3500, 600], "Scale": 1.0, "Scale3D": [1.0, 1.0, 1.0], "Materials": ["Stockade_P.TheWorld:PersistentLevel.WillowInteractiveObject_153.SkeletalMeshComponent_580.MaterialInstanceConstant_498"]}}, {"GD_Balance_Treasure.ChestGrades.ObjectGrade_TreasureChest": {"Rename": "", "Tags": [], "Metadata": "", "Location": [-6877.39013671875, 33017.60546875, 45.50600051879883], "Rotation": [-900, 1100, 600], "Scale": 1.0, "Scale3D": [1.0, 1.0, 1.0], "Materials": ["Stockade_P.TheWorld:PersistentLevel.WillowInteractiveObject_154.SkeletalMeshComponent_581.MaterialInstanceConstant_499"]}}]}}}