{"stockade_p": {"Create": {"StaticMesh": [{"prop_dams.Mesh.HyperionDamWallDouble": {"Rename": "", "Tags": [], "Metadata": "", "Location": [-23213.017578125, 29990.96875, -94.90299987792969], "Rotation": [0, -25200, 0], "Scale": 1.0, "Scale3D": [1.0, 1.0, 1.0], "Materials": []}}, {"prop_dams.Mesh.HyperionDamWallDouble": {"Rename": "", "Tags": [], "Metadata": "", "Location": [-21805.017578125, 28351.96875, -94.90299987792969], "Rotation": [0, -30400, 0], "Scale": 1.0, "Scale3D": [1.0, 1.0, 1.0], "Materials": []}}, {"prop_dams.Mesh.HyperionDamWallDouble": {"Rename": "", "Tags": [], "Metadata": "", "Location": [-21351.017578125, 26347.96875, -94.90299987792969], "Rotation": [0, -29800, 0], "Scale": 1.0, "Scale3D": [1.0, 1.0, 1.0], "Materials": []}}, {"prop_dams.Mesh.HyperionDamWallDouble": {"Rename": "", "Tags": [], "Metadata": "", "Location": [-20808.017578125, 24191.96875, -94.90299987792969], "Rotation": [0, -39600, 0], "Scale": 1.0, "Scale3D": [1.0, 1.0, 1.0], "Materials": []}}, {"prop_dams.Mesh.HyperionDamWallDouble": {"Rename": "", "Tags": [], "Metadata": "", "Location": [-27590.376953125, 27525.962890625, 534.1699829101562], "Rotation": [0, -12500, 0], "Scale": 1.0, "Scale3D": [1.0, 1.0, 1.0], "Materials": []}}, {"prop_dams.Mesh.HyperionDamWallDouble": {"Rename": "", "Tags": [], "Metadata": "", "Location": [-25683.376953125, 28274.962890625, 534.1699829101562], "Rotation": [0, -6600, 0], "Scale": 1.0, "Scale3D": [1.0, 1.0, 1.0], "Materials": []}}, {"prop_dams.Mesh.HyperionDamWallDouble": {"Rename": "", "Tags": [], "Metadata": "", "Location": [-25327.080078125, 20617.8515625, -32.84600067138672], "Rotation": [0, 13600, 0], "Scale": 1.0, "Scale3D": [1.0, 1.0, 1.0], "Materials": []}}, {"prop_dams.Mesh.HyperionDamWallDouble": {"Rename": "", "Tags": [], "Metadata": "", "Location": [-27320.080078125, 21155.8515625, -32.84600067138672], "Rotation": [0, 13600, 0], "Scale": 1.0, "Scale3D": [1.0, 1.1299999952316284, 1.0], "Materials": []}}, {"prop_doors.Meshes.GenericDoor": {"Rename": "", "Tags": [], "Metadata": "", "Location": [-28421.869140625, 26811.033203125, 551.4639892578125], "Rotation": [0, 7200, 0], "Scale": 1.0099999904632568, "Scale3D": [1.0199999809265137, 1.0, 1.0099999904632568], "Materials": []}}, {"EngineMeshes.Sphere": {"Rename": "Pokeball Top", "Tags": [], "Metadata": "", "Location": [-28575.169921875, 27606.537109375, 696.3480224609375], "Rotation": [-32800, 63000, 0], "Scale": 1.0, "Scale3D": [1.0, 1.0, 1.0], "Materials": ["Prop_Switches.Materials.Mati_Button_RedGlow"]}}, {"EngineMeshes.Sphere": {"Rename": "Pokeball Bottom", "Tags": [], "Metadata": "", "Location": [-28575.169921875, 27606.537109375, 693.0], "Rotation": [-32800, 63000, 0], "Scale": 1.0, "Scale3D": [1.0, 1.0, 1.0], "Materials": ["FX_IO_Digistruct.Materials.Mati_DigiPaneSolidBar"]}}, {"EngineMeshes.Sphere": {"Rename": "Pokeball Outline", "Tags": [], "Metadata": "", "Location": [-28575.169921875, 27606.537109375, 693.0], "Rotation": [-32800, 63000, 0], "Scale": 1.0499999523162842, "Scale3D": [1.0, 1.0, 1.0], "Materials": ["Common_Meshes.FogSheets.Mati_FogsheetShadowThicker"]}}, {"EngineMeshes.Sphere": {"Rename": "Pokeball Middle", "Tags": [], "Metadata": "", "Location": [-28437.169921875, 27561.537109375, 693.0], "Rotation": [16400, -36100, 0], "Scale": 0.27000001072883606, "Scale3D": [1.0, 1.0, 0.5], "Materials": ["Common_GunMaterials.MasterMaterials.Tediore.MasterMati_TedioreEpic"]}}, {"EngineMeshes.Sphere": {"Rename": "Pokeball Outline", "Tags": [], "Metadata": "", "Location": [-28580.169921875, 27607.537109375, 693.0], "Rotation": [-32800, 63000, 0], "Scale": 1.0499999523162842, "Scale3D": [1.0, 1.0, 0.14000000059604645], "Materials": ["Common_GunMaterials.MasterMaterials.Tediore.MasterMati_TedioreEpic"]}}, {"EngineMeshes.Sphere": {"Rename": "Pokeball Middle", "Tags": [], "Metadata": "", "Location": [-28428.169921875, 27558.537109375, 693.0], "Rotation": [16400, -36100, 0], "Scale": 0.1899999976158142, "Scale3D": [1.0, 1.0, 0.5], "Materials": ["FX_IO_Digistruct.Materials.Mati_DigiPaneSolidBar"]}}, {"Prop_Panels.MetalPanel": {"Rename": "", "Tags": [], "Metadata": "", "Location": [-28151.916015625, 27461.380859375, 1064.9019775390625], "Rotation": [0, -8200, 13700], "Scale": 1.4299999475479126, "Scale3D": [1.0, 0.3199999928474426, 1.0], "Materials": []}}, {"Common_Meshes.Blocking.Blocking_Cube": {"Rename": "Invisible Wall 1", "Tags": [], "Metadata": "", "Location": [-27524.708984375, 27377.89453125, 1107.9730224609375], "Rotation": [0, 7300, 0], "Scale": 1.0, "Scale3D": [0.0010000000474974513, 2.8299999237060547, 2.2100000381469727], "Materials": ["FX_ENV_VOG.Materials.Angel_Echo_INST"]}}, {"EngineMeshes.Sphere": {"Rename": "Pressure Plate", "Tags": ["Pressure Plate"], "Metadata": "", "Location": [-27139.541015625, 23793.783203125, 1138.0], "Rotation": [-300, -19900, 0], "Scale": 0.5, "Scale3D": [1.0, 1.0, 0.0010000000474974513], "Materials": ["Anemone_GunMaterials.Materials.SMG.Mati_Tediore_6_Infection_Cleaner"]}}, {"Char_Anem_ButtStallion.Mesh.ButtStallion": {"Rename": "", "Tags": [], "Metadata": "", "Location": [-27180.259765625, 23791.16796875, 1138.27099609375], "Rotation": [300, 15900, -16400], "Scale": 0.5, "Scale3D": [1.0, 0.0010000000474974513, 1.0], "Materials": []}}], "InteractiveObjectDefinition": [{"GD_Balance_Treasure.ChestGrades.ObjectGrade_TreasureChest": {"Rename": "", "Tags": [], "Metadata": "", "Location": [-22671.0546875, 25162.392578125, 322.0], "Rotation": [400, -6000, 2000], "Scale": 1.0, "Scale3D": [1.0, 1.0, 1.0], "Materials": ["Stockade_P.TheWorld:PersistentLevel.WillowInteractiveObject_376.SkeletalMeshComponent_1242.MaterialInstanceConstant_1570"]}}, {"GD_Balance_Treasure.ChestGrades.ObjectGrade_TreasureChest": {"Rename": "", "Tags": [], "Metadata": "", "Location": [-24879.259765625, 26688.16796875, 684.0], "Rotation": [-400, -24000, 3000], "Scale": 1.0, "Scale3D": [1.0, 1.0, 1.0], "Materials": ["Stockade_P.TheWorld:PersistentLevel.WillowInteractiveObject_377.SkeletalMeshComponent_1243.MaterialInstanceConstant_1571"]}}, {"GD_Balance_Treasure.ChestGrades.ObjectGrade_TreasureChest": {"Rename": "", "Tags": [], "Metadata": "", "Location": [-28157.240234375, 26866.892578125, 540.875], "Rotation": [0, -30000, 0], "Scale": 1.0, "Scale3D": [1.0, 1.0, 1.0], "Materials": ["Stockade_P.TheWorld:PersistentLevel.WillowInteractiveObject_378.SkeletalMeshComponent_1244.MaterialInstanceConstant_1572"]}}, {"GD_Balance_Treasure.ChestGrades.ObjectGrade_TreasureChest": {"Rename": "", "Tags": [], "Metadata": "", "Location": [-25711.169921875, 23211.16015625, 574.1849975585938], "Rotation": [300, 19200, 1500], "Scale": 1.0, "Scale3D": [1.0, 1.0, 1.0], "Materials": ["Stockade_P.TheWorld:PersistentLevel.WillowInteractiveObject_379.SkeletalMeshComponent_1245.MaterialInstanceConstant_1573"]}}, {"GD_Balance_Treasure.ChestGrades.ObjectGrade_TreasureChest": {"Rename": "", "Tags": [], "Metadata": "", "Location": [-28663.7265625, 23005.361328125, 5.0], "Rotation": [-1700, 28000, -2500], "Scale": 1.0, "Scale3D": [1.0, 1.0, 1.0], "Materials": ["Stockade_P.TheWorld:PersistentLevel.WillowInteractiveObject_380.SkeletalMeshComponent_1246.MaterialInstanceConstant_1574"]}}]}}}