{"orchid_oasistown_p": {"Create": {"StaticMesh": [{"Prop_Carnival.BurlesqueStage": {"Rename": "", "Tags": [], "Metadata": "", "Location": [-16160.517578125, 31068.990234375, 6560.7138671875], "Rotation": [0, -23700, 16400], "Scale": 0.6700000166893005, "Scale3D": [1.5, 1.8000000715255737, 1.5], "Materials": []}}, {"Prop_Carnival.BurlesqueStage": {"Rename": "", "Tags": [], "Metadata": "", "Location": [-15525.517578125, 31819.990234375, 6560.7138671875], "Rotation": [0, -23700, 16400], "Scale": 0.6700000166893005, "Scale3D": [1.5, 1.8000000715255737, 1.5], "Materials": []}}, {"Prop_Carnival.BurlesqueStage": {"Rename": "", "Tags": [], "Metadata": "", "Location": [-15822.197265625, 33174.56640625, 6481.06103515625], "Rotation": [0, -8000, 16400], "Scale": 0.6700000166893005, "Scale3D": [1.5, 1.8000000715255737, 1.5], "Materials": []}}, {"Prop_Carnival.BurlesqueStage": {"Rename": "", "Tags": [], "Metadata": "", "Location": [-16622.197265625, 33744.56640625, 6481.06103515625], "Rotation": [0, -5000, 16400], "Scale": 0.6700000166893005, "Scale3D": [1.5, 1.8000000715255737, 1.5], "Materials": []}}, {"Prop_Carnival.BurlesqueStage": {"Rename": "", "Tags": [], "Metadata": "", "Location": [-17502.197265625, 34204.56640625, 6481.06103515625], "Rotation": [0, -5000, 16400], "Scale": 0.6700000166893005, "Scale3D": [1.5, 1.8000000715255737, 1.5], "Materials": []}}, {"Prop_Carnival.BurlesqueStage": {"Rename": "", "Tags": [], "Metadata": "", "Location": [-18212.197265625, 34884.56640625, 6481.06103515625], "Rotation": [0, -11000, 16400], "Scale": 0.6700000166893005, "Scale3D": [1.5, 1.8000000715255737, 1.5], "Materials": []}}, {"Prop_Carnival.BurlesqueStage": {"Rename": "", "Tags": [], "Metadata": "", "Location": [-18692.197265625, 35744.56640625, 6481.06103515625], "Rotation": [0, -11000, 16400], "Scale": 0.6700000166893005, "Scale3D": [1.5, 1.8000000715255737, 1.5], "Materials": []}}, {"Prop_Carnival.BurlesqueStage": {"Rename": "", "Tags": [], "Metadata": "", "Location": [-19462.197265625, 35744.56640625, 6191.06103515625], "Rotation": [0, 8000, 16400], "Scale": 0.6700000166893005, "Scale3D": [1.5, 1.8000000715255737, 1.5], "Materials": []}}, {"Prop_Carnival.BurlesqueStage": {"Rename": "", "Tags": [], "Metadata": "", "Location": [-20192.197265625, 35094.56640625, 6191.06103515625], "Rotation": [-1000, 8000, 16400], "Scale": 0.6700000166893005, "Scale3D": [1.5, 1.8000000715255737, 1.5], "Materials": []}}, {"Prop_Carnival.BurlesqueStage": {"Rename": "", "Tags": [], "Metadata": "", "Location": [-20922.197265625, 34394.56640625, 6261.06103515625], "Rotation": [0, 8000, 16400], "Scale": 0.6700000166893005, "Scale3D": [1.5, 1.8000000715255737, 1.5], "Materials": []}}, {"Prop_Carnival.BurlesqueStage": {"Rename": "", "Tags": [], "Metadata": "", "Location": [-21632.197265625, 33704.56640625, 6261.06103515625], "Rotation": [0, 8000, 16400], "Scale": 0.6700000166893005, "Scale3D": [1.5, 1.8000000715255737, 1.5], "Materials": []}}, {"Prop_Carnival.BurlesqueStage": {"Rename": "", "Tags": [], "Metadata": "", "Location": [-22352.197265625, 33024.56640625, 6261.06103515625], "Rotation": [0, 8000, 16400], "Scale": 0.6700000166893005, "Scale3D": [1.5, 1.8000000715255737, 1.5], "Materials": []}}, {"Prop_Carnival.BurlesqueStage": {"Rename": "", "Tags": [], "Metadata": "", "Location": [-23072.197265625, 32344.56640625, 6261.06103515625], "Rotation": [0, 8000, 16400], "Scale": 0.6700000166893005, "Scale3D": [1.5, 1.8000000715255737, 1.5], "Materials": []}}, {"Prop_Carnival.BurlesqueStage": {"Rename": "", "Tags": [], "Metadata": "", "Location": [-25103.35546875, 26619.46875, 6468.423828125], "Rotation": [0, 24000, 16400], "Scale": 0.6700000166893005, "Scale3D": [1.5, 1.8000000715255737, 1.5], "Materials": []}}, {"Prop_Carnival.BurlesqueStage": {"Rename": "", "Tags": [], "Metadata": "", "Location": [-24453.35546875, 25879.46875, 6468.423828125], "Rotation": [0, 24000, 16400], "Scale": 0.6700000166893005, "Scale3D": [1.5, 1.8000000715255737, 1.5], "Materials": []}}, {"Prop_Carnival.BurlesqueStage": {"Rename": "", "Tags": [], "Metadata": "", "Location": [-23803.35546875, 25139.46875, 6468.423828125], "Rotation": [0, 24000, 16400], "Scale": 0.6700000166893005, "Scale3D": [1.5, 1.8000000715255737, 1.5], "Materials": []}}, {"Prop_Carnival.BurlesqueStage": {"Rename": "", "Tags": [], "Metadata": "", "Location": [-23213.35546875, 24339.46875, 6468.423828125], "Rotation": [0, 22000, 16400], "Scale": 0.6700000166893005, "Scale3D": [1.5, 1.8000000715255737, 1.5], "Materials": []}}, {"Prop_Carnival.BurlesqueStage": {"Rename": "", "Tags": [], "Metadata": "", "Location": [-22693.35546875, 23519.46875, 6548.423828125], "Rotation": [-2000, 22000, 16400], "Scale": 0.6700000166893005, "Scale3D": [1.5, 1.8000000715255737, 1.5], "Materials": []}}, {"Prop_Carnival.BurlesqueStage": {"Rename": "", "Tags": [], "Metadata": "", "Location": [-21983.35546875, 23299.46875, 6528.423828125], "Rotation": [1000, 37000, 16400], "Scale": 0.6700000166893005, "Scale3D": [1.5, 1.8000000715255737, 1.5], "Materials": []}}, {"Prop_Carnival.BurlesqueStage": {"Rename": "", "Tags": [], "Metadata": "", "Location": [-21173.35546875, 23789.46875, 6568.423828125], "Rotation": [0, 38000, 16400], "Scale": 0.6700000166893005, "Scale3D": [1.5, 1.8000000715255737, 1.5], "Materials": []}}, {"Prop_Carnival.BurlesqueStage": {"Rename": "", "Tags": [], "Metadata": "", "Location": [-20433.35546875, 24419.46875, 6568.423828125], "Rotation": [0, 42000, 16400], "Scale": 0.6700000166893005, "Scale3D": [1.5, 1.8000000715255737, 1.5], "Materials": []}}, {"Prop_Carnival.BurlesqueStage": {"Rename": "", "Tags": [], "Metadata": "", "Location": [-19803.35546875, 25179.46875, 6568.423828125], "Rotation": [0, 42000, 16400], "Scale": 0.6700000166893005, "Scale3D": [1.5, 1.8000000715255737, 1.5], "Materials": []}}, {"Prop_Carnival.BurlesqueStage": {"Rename": "", "Tags": [], "Metadata": "", "Location": [-19093.35546875, 26039.46875, 6568.423828125], "Rotation": [0, 42000, 16400], "Scale": 0.6700000166893005, "Scale3D": [1.899999976158142, 1.8000000715255737, 1.5], "Materials": []}}, {"Prop_Crate.Meshes.BanditCrate01": {"Rename": "", "Tags": [], "Metadata": "", "Location": [-25134.798828125, 27646.38671875, 6296.77099609375], "Rotation": [16400, 0, 0], "Scale": 1.0, "Scale3D": [1.0, 1.0, 1.0], "Materials": ["Env_CraterLake.Materials.Mati_BanditCrate_Blue"]}}, {"Prop_Crate.Meshes.BanditCrate01": {"Rename": "", "Tags": [], "Metadata": "", "Location": [-25299.798828125, 27699.38671875, 6197.77099609375], "Rotation": [0, 11300, 0], "Scale": 1.0, "Scale3D": [1.0, 1.0, 1.0], "Materials": ["Env_CraterLake.Materials.Mati_BanditCrate_Blue"]}}, {"EngineMeshes.Sphere": {"Rename": "Pressure Plate", "Tags": ["Pressure Plate"], "Metadata": "", "Location": [-18624.80859375, 30937.833984375, 6920.0], "Rotation": [0, 0, 0], "Scale": 0.5, "Scale3D": [1.0, 1.0, 0.0010000000474974513], "Materials": ["Anemone_GunMaterials.Materials.SMG.Mati_Tediore_6_Infection_Cleaner"]}}, {"Char_Anem_ButtStallion.Mesh.ButtStallion": {"Rename": "", "Tags": [], "Metadata": "", "Location": [-18630.375, 30979.185546875, 6922.380859375], "Rotation": [0, 0, -16400], "Scale": 0.5, "Scale3D": [1.0, 0.0010000000474974513, 1.0], "Materials": []}}], "InteractiveObjectDefinition": [{"GD_Orchid_TreasureChests.InteractiveObjects.ObjectGrade_PirateChest_Epic": {"Rename": "", "Tags": [], "Metadata": "", "Location": [-17244.833984375, 31954.119140625, 6186.375], "Rotation": [1000, -16900, 0], "Scale": 1.0, "Scale3D": [1.0, 1.0, 1.0], "Materials": ["Orchid_OasisTown_P.TheWorld:PersistentLevel.WillowInteractiveObject_642.SkeletalMeshComponent_2191.MaterialInstanceConstant_2930"]}}, {"GD_Orchid_TreasureChests.InteractiveObjects.ObjectGrade_PirateChest_Epic": {"Rename": "", "Tags": [], "Metadata": "", "Location": [-19655.201171875, 32417.14453125, 6166.69287109375], "Rotation": [800, -24800, 500], "Scale": 1.0, "Scale3D": [1.0, 1.0, 1.0], "Materials": ["Orchid_OasisTown_P.TheWorld:PersistentLevel.WillowInteractiveObject_643.SkeletalMeshComponent_2192.MaterialInstanceConstant_2931"]}}, {"GD_Orchid_TreasureChests.InteractiveObjects.ObjectGrade_PirateChest_Epic": {"Rename": "", "Tags": [], "Metadata": "", "Location": [-19480.7734375, 29905.369140625, 6031.3828125], "Rotation": [0, -10700, 0], "Scale": 1.0, "Scale3D": [1.0, 1.0, 1.0], "Materials": ["Orchid_OasisTown_P.TheWorld:PersistentLevel.WillowInteractiveObject_644.SkeletalMeshComponent_2193.MaterialInstanceConstant_2932"]}}, {"GD_Orchid_TreasureChests.InteractiveObjects.ObjectGrade_PirateChest_Epic": {"Rename": "", "Tags": [], "Metadata": "", "Location": [-22433.123046875, 29464.974609375, 6214.083984375], "Rotation": [0, 12200, 0], "Scale": 1.0, "Scale3D": [1.0, 1.0, 1.0], "Materials": ["Orchid_OasisTown_P.TheWorld:PersistentLevel.WillowInteractiveObject_645.SkeletalMeshComponent_2194.MaterialInstanceConstant_2933"]}}, {"GD_Orchid_TreasureChests.InteractiveObjects.ObjectGrade_PirateChest_Epic": {"Rename": "", "Tags": [], "Metadata": "", "Location": [-20492.19921875, 27456.21484375, 6026.68798828125], "Rotation": [0, 25000, 0], "Scale": 1.0, "Scale3D": [1.0, 1.0, 1.0], "Materials": ["Orchid_OasisTown_P.TheWorld:PersistentLevel.WillowInteractiveObject_646.SkeletalMeshComponent_2195.MaterialInstanceConstant_2934"]}}, {"GD_Orchid_TreasureChests.InteractiveObjects.ObjectGrade_PirateChest_Epic": {"Rename": "", "Tags": [], "Metadata": "", "Location": [-22839.6640625, 25796.6171875, 5888.89501953125], "Rotation": [0, -7900, 0], "Scale": 1.0, "Scale3D": [1.0, 1.0, 1.0], "Materials": ["Orchid_OasisTown_P.TheWorld:PersistentLevel.WillowInteractiveObject_647.SkeletalMeshComponent_2196.MaterialInstanceConstant_2935"]}}, {"GD_Orchid_TreasureChests.InteractiveObjects.ObjectGrade_PirateChest_Epic": {"Rename": "", "Tags": [], "Metadata": "", "Location": [-21975.4140625, 29090.751953125, 5241.3291015625], "Rotation": [0, 8500, 0], "Scale": 1.0, "Scale3D": [1.0, 1.0, 1.0], "Materials": ["Orchid_OasisTown_P.TheWorld:PersistentLevel.WillowInteractiveObject_648.SkeletalMeshComponent_2197.MaterialInstanceConstant_2936"]}}, {"GD_LevelChallenges.InteractiveObjects.IO_VaultRoy": {"Rename": "Vault Symbol Reward", "Tags": ["Vault Symbol Reward"], "Metadata": "", "Location": [-19681.474609375, 29281.005859375, 5413.7880859375], "Rotation": [2800, 10200, 0], "Scale": 0.41999998688697815, "Scale3D": [1.0, 1.0, 1.0], "Materials": []}}]}}}