{"orchid_oasistown_p": {"Create": {"StaticMesh": [{"Prop_Fences.Meshes.BanditCover_03": {"Rename": "", "Tags": [], "Metadata": "", "Location": [-35386.15625, 37076.8203125, 3867.993896484375], "Rotation": [-3900, 0, 0], "Scale": 5.0, "Scale3D": [1.090000033378601, 1.0, 1.0], "Materials": []}}, {"Prop_Fences.Meshes.BanditCover_03": {"Rename": "", "Tags": [], "Metadata": "", "Location": [-34397.15625, 37160.8203125, 3562.993896484375], "Rotation": [-900, 0, 0], "Scale": 5.0, "Scale3D": [1.090000033378601, 1.0, 1.0], "Materials": []}}, {"Prop_Fences.Meshes.BanditCover_03": {"Rename": "", "Tags": [], "Metadata": "", "Location": [-33359.15625, 37126.8203125, 3523.993896484375], "Rotation": [1500, 3100, 0], "Scale": 5.0, "Scale3D": [1.090000033378601, 1.0, 1.0], "Materials": []}}, {"Prop_Crate.Meshes.CoveredCrate_01a": {"Rename": "", "Tags": [], "Metadata": "", "Location": [-40310.078125, 35982.32421875, 4877.076171875], "Rotation": [0, 6700, 0], "Scale": 1.0, "Scale3D": [1.0, 1.0, 1.1799999475479126], "Materials": []}}, {"Prop_Crate.Meshes.BanditCrate01": {"Rename": "", "Tags": [], "Metadata": "", "Location": [-40273.38671875, 35996.40234375, 5016.94580078125], "Rotation": [0, 0, 0], "Scale": 1.0, "Scale3D": [1.0, 1.0, 1.0], "Materials": []}}, {"Common_Meshes.Blocking.Blocking_Cube": {"Rename": "Invisible Wall 1", "Tags": [], "Metadata": "", "Location": [-40599.83984375, 35891.27734375, 4882.81005859375], "Rotation": [0, -20000, 0], "Scale": 2.0, "Scale3D": [0.009999999776482582, 0.7099999785423279, 1.0], "Materials": ["FX_ENV_VOG.Materials.Angel_Echo_INST"]}}, {"Common_Meshes.Blocking.Blocking_Cube": {"Rename": "Invisible Wall 2", "Tags": [], "Metadata": "", "Location": [-40609.83984375, 35921.27734375, 4782.81005859375], "Rotation": [0, 1000, 0], "Scale": 2.0, "Scale3D": [0.009999999776482582, 3.700000047683716, 2.200000047683716], "Materials": ["FX_ENV_VOG.Materials.Angel_Echo_INST"]}}, {"Prop_Fences.Meshes.BanditCover_02": {"Rename": "", "Tags": [], "Metadata": "", "Location": [-37723.3046875, 37075.34765625, 4506.97607421875], "Rotation": [0, -22000, 0], "Scale": 3.0, "Scale3D": [1.0, 1.0, 1.0], "Materials": []}}, {"Common_Meshes.Blocking.Blocking_Cube": {"Rename": "Invisible Wall 3", "Tags": [], "Metadata": "", "Location": [-37443.9921875, 37580.73828125, 4710.083984375], "Rotation": [0, 27500, 0], "Scale": 2.0, "Scale3D": [0.009999999776482582, 3.299999952316284, 1.0], "Materials": ["FX_ENV_VOG.Materials.Angel_Echo_INST"]}}, {"Common_Meshes.Blocking.Blocking_Cube": {"Rename": "Invisible Wall 4", "Tags": [], "Metadata": "", "Location": [-36155.24609375, 38285.8515625, 5003.01611328125], "Rotation": [0, 45700, 0], "Scale": 2.0, "Scale3D": [0.009999999776482582, 4.139999866485596, 1.840000033378601], "Materials": ["FX_ENV_VOG.Materials.Angel_Echo_INST"]}}, {"EngineMeshes.Sphere": {"Rename": "Pressure Plate", "Tags": ["Pressure Plate"], "Metadata": "", "Location": [-31810.078125, 40430.48046875, 3968.0], "Rotation": [0, 0, 0], "Scale": 0.5, "Scale3D": [1.0, 1.0, 0.0010000000474974513], "Materials": ["Anemone_GunMaterials.Materials.SMG.Mati_Tediore_6_Infection_Cleaner"]}}, {"Char_Anem_ButtStallion.Mesh.ButtStallion": {"Rename": "", "Tags": [], "Metadata": "", "Location": [-31850.220703125, 40445.63671875, 3969.0], "Rotation": [0, 12400, -16400], "Scale": 0.5, "Scale3D": [1.0, 0.0010000000474974513, 1.0], "Materials": []}}], "InteractiveObjectDefinition": [{"GD_Orchid_TreasureChests.InteractiveObjects.ObjectGrade_PirateChest_Epic": {"Rename": "", "Tags": [], "Metadata": "", "Location": [-34273.74609375, 38774.65234375, 3602.64111328125], "Rotation": [800, -30100, 1100], "Scale": 1.0, "Scale3D": [1.0, 1.0, 1.0], "Materials": ["Orchid_OasisTown_P.TheWorld:PersistentLevel.WillowInteractiveObject_787.SkeletalMeshComponent_3089.MaterialInstanceConstant_3751"]}}, {"GD_Orchid_TreasureChests.InteractiveObjects.ObjectGrade_PirateChest_Epic": {"Rename": "", "Tags": [], "Metadata": "", "Location": [-32702.42578125, 42342.59375, 3656.0], "Rotation": [0, 35000, 0], "Scale": 1.0, "Scale3D": [1.0, 1.0, 1.0], "Materials": ["Orchid_OasisTown_P.TheWorld:PersistentLevel.WillowInteractiveObject_788.SkeletalMeshComponent_3090.MaterialInstanceConstant_3752"]}}, {"GD_Orchid_TreasureChests.InteractiveObjects.ObjectGrade_PirateChest_Epic": {"Rename": "", "Tags": [], "Metadata": "", "Location": [-32071.91796875, 39727.61328125, 4435.6220703125], "Rotation": [0, -3700, 0], "Scale": 1.0, "Scale3D": [1.0, 1.0, 1.0], "Materials": ["Orchid_OasisTown_P.TheWorld:PersistentLevel.WillowInteractiveObject_789.SkeletalMeshComponent_3091.MaterialInstanceConstant_3753"]}}, {"GD_LevelChallenges.InteractiveObjects.IO_VaultRoy": {"Rename": "Vault Symbol Reward", "Tags": ["Vault Symbol Reward"], "Metadata": "", "Location": [-34087.00390625, 42579.2734375, 4606.91650390625], "Rotation": [-2000, 19000, 0], "Scale": 0.699999988079071, "Scale3D": [1.0, 1.0, 1.0], "Materials": []}}]}}}