{"orchid_oasistown_p": {"Create": {"StaticMesh": [{"Prop_Fences.Meshes.BanditCover_01": {"Rename": "", "Tags": [], "Metadata": "", "Location": [21885.453125, -11351.30859375, 7830.43701171875], "Rotation": [0, 24600, 0], "Scale": 5.0, "Scale3D": [1.0, 1.0, 1.0], "Materials": []}}, {"Prop_Fences.Meshes.BanditCover_01": {"Rename": "", "Tags": [], "Metadata": "", "Location": [21243.453125, -10672.30859375, 7830.43701171875], "Rotation": [0, 24600, 0], "Scale": 5.0, "Scale3D": [1.0, 1.0, 1.0], "Materials": []}}, {"Prop_Fences.Meshes.BanditCover_01": {"Rename": "", "Tags": [], "Metadata": "", "Location": [20576.453125, -10014.30859375, 7830.43701171875], "Rotation": [0, 19000, 0], "Scale": 5.0, "Scale3D": [1.0, 1.0, 1.0], "Materials": []}}, {"Prop_Fences.Meshes.BanditCover_01": {"Rename": "", "Tags": [], "Metadata": "", "Location": [20382.453125, -9075.30859375, 7830.43701171875], "Rotation": [0, 27500, 0], "Scale": 5.0, "Scale3D": [1.0, 1.0, 1.0], "Materials": []}}, {"Prop_Fences.Meshes.MetalPanelFence_04": {"Rename": "", "Tags": [], "Metadata": "", "Location": [11199.5810546875, -8555.75390625, 4206.91015625], "Rotation": [0, -10600, 0], "Scale": 1.0, "Scale3D": [1.409999966621399, 0.8799999952316284, 1.2100000381469727], "Materials": []}}, {"Orchid_Prop_Salt_Flats.Mesh.BarrensRockRoundTall": {"Rename": "", "Tags": [], "Metadata": "", "Location": [8576.6357421875, -8821.83984375, 3925.68310546875], "Rotation": [0, 2300, 0], "Scale": 0.12999999523162842, "Scale3D": [1.0, 1.0700000524520874, 1.0], "Materials": []}}, {"EngineMeshes.Sphere": {"Rename": "Pressure Plate", "Tags": ["Pressure Plate"], "Metadata": "", "Location": [11176.08203125, -6091.43994140625, 5479.0], "Rotation": [3000, 5000, 0], "Scale": 0.5, "Scale3D": [1.0, 1.0, 0.0010000000474974513], "Materials": ["Anemone_GunMaterials.Materials.SMG.Mati_Tediore_6_Infection_Cleaner"]}}, {"Char_Anem_ButtStallion.Mesh.ButtStallion": {"Rename": "", "Tags": [], "Metadata": "", "Location": [11209.2880859375, -6108.716796875, 5489.0], "Rotation": [-2500, -22000, -18000], "Scale": 0.5, "Scale3D": [1.0, 0.0010000000474974513, 1.0], "Materials": []}}], "InteractiveObjectDefinition": [{"GD_Orchid_TreasureChests.InteractiveObjects.ObjectGrade_PirateChest_Epic": {"Rename": "", "Tags": [], "Metadata": "", "Location": [19311.349609375, -10504.6513671875, 7793.41015625], "Rotation": [0, -5500, 0], "Scale": 1.0, "Scale3D": [1.0, 1.0, 1.0], "Materials": ["Orchid_OasisTown_P.TheWorld:PersistentLevel.WillowInteractiveObject_847.SkeletalMeshComponent_3550.MaterialInstanceConstant_4147"]}}, {"GD_Orchid_TreasureChests.InteractiveObjects.ObjectGrade_PirateChest_Epic": {"Rename": "", "Tags": [], "Metadata": "", "Location": [16224.4794921875, -13210.8056640625, 7160.0], "Rotation": [0, -29000, 0], "Scale": 1.0, "Scale3D": [1.0, 1.0, 1.0], "Materials": ["Orchid_OasisTown_P.TheWorld:PersistentLevel.WillowInteractiveObject_848.SkeletalMeshComponent_3551.MaterialInstanceConstant_4148"]}}, {"GD_Orchid_TreasureChests.InteractiveObjects.ObjectGrade_PirateChest_Epic": {"Rename": "", "Tags": [], "Metadata": "", "Location": [12796.5634765625, -10190.5400390625, 6090.0], "Rotation": [200, -22000, 0], "Scale": 1.0, "Scale3D": [1.0, 1.0, 1.0], "Materials": ["Orchid_OasisTown_P.TheWorld:PersistentLevel.WillowInteractiveObject_849.SkeletalMeshComponent_3552.MaterialInstanceConstant_4149"]}}, {"GD_Orchid_TreasureChests.InteractiveObjects.ObjectGrade_PirateChest_Epic": {"Rename": "", "Tags": [], "Metadata": "", "Location": [10504.48046875, -7363.4521484375, 4269.63720703125], "Rotation": [0, -25000, 0], "Scale": 1.0, "Scale3D": [1.0, 1.0, 1.0], "Materials": ["Orchid_OasisTown_P.TheWorld:PersistentLevel.WillowInteractiveObject_850.SkeletalMeshComponent_3553.MaterialInstanceConstant_4150"]}}, {"GD_Orchid_TreasureChests.InteractiveObjects.ObjectGrade_PirateChest_Epic": {"Rename": "", "Tags": [], "Metadata": "", "Location": [14127.166015625, -7063.1708984375, 4956.0], "Rotation": [0, -23000, 0], "Scale": 1.0, "Scale3D": [1.0, 1.0, 1.0], "Materials": ["Orchid_OasisTown_P.TheWorld:PersistentLevel.WillowInteractiveObject_851.SkeletalMeshComponent_3554.MaterialInstanceConstant_4151"]}}, {"GD_Orchid_TreasureChests.InteractiveObjects.ObjectGrade_PirateChest_Epic": {"Rename": "", "Tags": [], "Metadata": "", "Location": [11967.71875, -5608.9912109375, 6184.0], "Rotation": [0, -31000, 0], "Scale": 1.0, "Scale3D": [1.0, 1.0, 1.0], "Materials": ["Orchid_OasisTown_P.TheWorld:PersistentLevel.WillowInteractiveObject_852.SkeletalMeshComponent_3555.MaterialInstanceConstant_4152"]}}, {"GD_LevelChallenges.InteractiveObjects.IO_VaultRoy": {"Rename": "Vault Symbol Reward", "Tags": ["Vault Symbol Reward"], "Metadata": "", "Location": [12351.7333984375, -12499.9599609375, 7219.8740234375], "Rotation": [2600, -12300, 100], "Scale": 0.6200000047683716, "Scale3D": [1.0, 1.0, 1.0], "Materials": []}}]}}}