{"orchid_saltflats_p": {"Create": {"StaticMesh": [{"Prop_Carnival.BurlesqueStage": {"Rename": "", "Tags": [], "Metadata": "", "Location": [-46807.21484375, -30918.20703125, 2791.886962890625], "Rotation": [0, -3300, 16400], "Scale": 2.0, "Scale3D": [0.75, 1.0, 1.0], "Materials": []}}, {"Prop_Carnival.BurlesqueStage": {"Rename": "", "Tags": [], "Metadata": "", "Location": [-48147.21484375, -30328.20703125, 2791.886962890625], "Rotation": [0, -5300, 16400], "Scale": 2.0, "Scale3D": [0.75, 1.0, 1.0], "Materials": []}}, {"Prop_Carnival.BurlesqueStage": {"Rename": "", "Tags": [], "Metadata": "", "Location": [-49527.21484375, -29878.20703125, 2791.886962890625], "Rotation": [0, -1300, 16400], "Scale": 2.0, "Scale3D": [0.75, 1.0, 1.0], "Materials": []}}, {"Prop_Carnival.BurlesqueStage": {"Rename": "", "Tags": [], "Metadata": "", "Location": [-50737.21484375, -30248.20703125, 2871.886962890625], "Rotation": [-1000, 9700, 16400], "Scale": 2.0, "Scale3D": [0.75, 1.0, 1.0], "Materials": []}}, {"Prop_Carnival.BurlesqueStage": {"Rename": "", "Tags": [], "Metadata": "", "Location": [-51447.21484375, -31478.20703125, 3281.886962890625], "Rotation": [-3000, 9700, 16400], "Scale": 2.0, "Scale3D": [0.75, 1.0, 1.0], "Materials": []}}, {"Prop_Carnival.BurlesqueStage": {"Rename": "", "Tags": [], "Metadata": "", "Location": [-51827.21484375, -32728.20703125, 3811.886962890625], "Rotation": [-3000, 17700, 16400], "Scale": 2.0, "Scale3D": [0.75, 1.0, 1.0], "Materials": []}}, {"Prop_Carnival.BurlesqueStage": {"Rename": "", "Tags": [], "Metadata": "", "Location": [-51717.21484375, -34088.20703125, 4271.88720703125], "Rotation": [-3000, 17700, 16400], "Scale": 2.0, "Scale3D": [0.75, 1.0, 1.0], "Materials": []}}, {"Prop_Carnival.BurlesqueStage": {"Rename": "", "Tags": [], "Metadata": "", "Location": [-44422.3046875, -32200.05078125, 2686.166015625], "Rotation": [0, -5300, 16400], "Scale": 2.0, "Scale3D": [0.75, 1.0, 1.0], "Materials": []}}, {"Prop_Carnival.BurlesqueStage": {"Rename": "", "Tags": [], "Metadata": "", "Location": [-42682.3046875, -32520.05078125, 2996.166015625], "Rotation": [0, 1700, 16400], "Scale": 2.0, "Scale3D": [0.75, 1.0, 1.0], "Materials": []}}, {"Prop_Carnival.BurlesqueStage": {"Rename": "", "Tags": [], "Metadata": "", "Location": [-41252.3046875, -32750.05078125, 2996.166015625], "Rotation": [0, -4300, 16400], "Scale": 2.0, "Scale3D": [0.75, 1.0, 1.0], "Materials": []}}, {"Prop_Carnival.BurlesqueStage": {"Rename": "", "Tags": [], "Metadata": "", "Location": [-39862.3046875, -33380.05078125, 3076.166015625], "Rotation": [1000, -4300, 16400], "Scale": 2.0, "Scale3D": [0.75, 1.0, 1.0], "Materials": []}}, {"Prop_Carnival.BurlesqueStage": {"Rename": "", "Tags": [], "Metadata": "", "Location": [-38522.3046875, -33910.05078125, 3176.166015625], "Rotation": [0, -3300, 16400], "Scale": 2.0, "Scale3D": [0.75, 1.0, 1.0], "Materials": []}}, {"Prop_Carnival.BurlesqueStage": {"Rename": "", "Tags": [], "Metadata": "", "Location": [-37122.3046875, -34380.05078125, 3176.166015625], "Rotation": [0, -3300, 16400], "Scale": 2.0, "Scale3D": [0.75, 1.0, 1.0], "Materials": []}}, {"Prop_Carnival.BurlesqueStage": {"Rename": "", "Tags": [], "Metadata": "", "Location": [-43058.0078125, -39477.97265625, 3597.79296875], "Rotation": [0, 26700, 16400], "Scale": 2.0, "Scale3D": [0.75, 1.0, 1.0], "Materials": []}}, {"EngineMeshes.Sphere": {"Rename": "Pressure Plate", "Tags": ["Pressure Plate"], "Metadata": "", "Location": [-43506.6328125, -37962.5390625, 4111.5029296875], "Rotation": [0, 0, 0], "Scale": 0.5, "Scale3D": [1.0, 1.0, 0.0010000000474974513], "Materials": ["Anemone_GunMaterials.Materials.SMG.Mati_Tediore_6_Infection_Cleaner"]}}, {"Char_Anem_ButtStallion.Mesh.ButtStallion": {"Rename": "", "Tags": [], "Metadata": "", "Location": [-43462.97265625, -37980.30078125, 4112.31298828125], "Rotation": [0, -21000, -16400], "Scale": 0.5, "Scale3D": [1.0, 0.0010000000474974513, 1.0], "Materials": []}}], "InteractiveObjectDefinition": [{"GD_Orchid_TreasureChests.InteractiveObjects.ObjectGrade_PirateChest_Epic": {"Rename": "", "Tags": [], "Metadata": "", "Location": [-47893.77734375, -32743.5234375, 2734.0], "Rotation": [-250, 5000, 1000], "Scale": 1.0, "Scale3D": [1.0, 1.0, 1.0], "Materials": ["Orchid_SaltFlats_P.TheWorld:PersistentLevel.WillowInteractiveObject_302.SkeletalMeshComponent_1547.MaterialInstanceConstant_1564"]}}, {"GD_Orchid_TreasureChests.InteractiveObjects.ObjectGrade_PirateChest_Epic": {"Rename": "", "Tags": [], "Metadata": "", "Location": [-45531.91015625, -33698.6171875, 2824.0], "Rotation": [1500, -17000, 0], "Scale": 1.0, "Scale3D": [1.0, 1.0, 1.0], "Materials": ["Orchid_SaltFlats_P.TheWorld:PersistentLevel.WillowInteractiveObject_303.SkeletalMeshComponent_1548.MaterialInstanceConstant_1565"]}}, {"GD_Orchid_TreasureChests.InteractiveObjects.ObjectGrade_PirateChest_Epic": {"Rename": "", "Tags": [], "Metadata": "", "Location": [-43770.984375, -33241.0234375, 2843.0], "Rotation": [-700, -31000, -1000], "Scale": 1.0, "Scale3D": [1.0, 1.0, 1.0], "Materials": ["Orchid_SaltFlats_P.TheWorld:PersistentLevel.WillowInteractiveObject_304.SkeletalMeshComponent_1549.MaterialInstanceConstant_1566"]}}, {"GD_Orchid_TreasureChests.InteractiveObjects.ObjectGrade_PirateChest_Epic": {"Rename": "", "Tags": [], "Metadata": "", "Location": [-41975.33984375, -34431.05859375, 3099.0], "Rotation": [-250, 11000, 500], "Scale": 1.0, "Scale3D": [1.0, 1.0, 1.0], "Materials": ["Orchid_SaltFlats_P.TheWorld:PersistentLevel.WillowInteractiveObject_305.SkeletalMeshComponent_1550.MaterialInstanceConstant_1567"]}}, {"GD_Orchid_TreasureChests.InteractiveObjects.ObjectGrade_PirateChest_Epic": {"Rename": "", "Tags": [], "Metadata": "", "Location": [-42939.47265625, -39347.71484375, 3520.0], "Rotation": [0, -7000, 500], "Scale": 1.0, "Scale3D": [1.0, 1.0, 1.0], "Materials": ["Orchid_SaltFlats_P.TheWorld:PersistentLevel.WillowInteractiveObject_306.SkeletalMeshComponent_1551.MaterialInstanceConstant_1568"]}}, {"GD_LevelChallenges.InteractiveObjects.IO_VaultRoy": {"Rename": "Vault Symbol Reward", "Tags": ["Vault Symbol Reward"], "Metadata": "", "Location": [-38726.0, -33857.0390625, 3381.400390625], "Rotation": [2000, 29400, 0], "Scale": 1.0, "Scale3D": [1.0, 1.0, 1.0], "Materials": []}}]}}}