{"orchid_saltflats_p": {"Create": {"StaticMesh": [{"Orchid_Prop_Salt_Flats.Mesh.Salt_Flats_Rock_06": {"Rename": "", "Tags": [], "Metadata": "", "Location": [48788.390625, 2988.875, -2004.2779541015625], "Rotation": [0, -3000, 0], "Scale": 1.600000023841858, "Scale3D": [1.0, 0.5, 1.100000023841858], "Materials": []}}, {"Common_Meshes.Blocking.Blocking_Cube": {"Rename": "Invisible Wall 1", "Tags": [], "Metadata": "", "Location": [56210.515625, 8355.4404296875, -670.8610229492188], "Rotation": [0, -10000, 0], "Scale": 1.0, "Scale3D": [0.009999999776482582, 1.0, 2.0999999046325684], "Materials": ["FX_ENV_VOG.Materials.Angel_Echo_INST"]}}, {"Common_Meshes.Blocking.Blocking_Cube": {"Rename": "Invisible Wall 2", "Tags": [], "Metadata": "", "Location": [56383.51953125, 9613.42578125, -836.5850219726562], "Rotation": [0, 15000, 0], "Scale": 1.0, "Scale3D": [0.009999999776482582, 1.0, 2.0999999046325684], "Materials": ["FX_ENV_VOG.Materials.Angel_Echo_INST"]}}, {"Prop_Crate.Meshes.CoveredCrate_01a": {"Rename": "", "Tags": [], "Metadata": "", "Location": [54846.4765625, 5108.6318359375, -2339.60791015625], "Rotation": [0, 9300, 0], "Scale": 1.2999999523162842, "Scale3D": [1.0, 1.0, 1.0], "Materials": []}}, {"Prop_Crate.Meshes.CoveredCrate_01a": {"Rename": "", "Tags": [], "Metadata": "", "Location": [54855.4765625, 5108.6318359375, -2210.60791015625], "Rotation": [0, 9300, 0], "Scale": 1.2999999523162842, "Scale3D": [0.8999999761581421, 0.9300000071525574, 1.0700000524520874], "Materials": []}}, {"Prop_Panels.MetalPanel_08": {"Rename": "", "Tags": [], "Metadata": "", "Location": [55074.42578125, 5196.31494140625, -2220.452880859375], "Rotation": [-3000, -6000, -4000], "Scale": 1.0, "Scale3D": [1.0, 1.0, 1.0], "Materials": []}}, {"Prop_Panels.MetalPanel_06": {"Rename": "", "Tags": [], "Metadata": "", "Location": [54835.37890625, 5326.2890625, -2193.698974609375], "Rotation": [19400, 23000, 15000], "Scale": 0.699999988079071, "Scale3D": [1.0, 1.0, 1.0], "Materials": []}}, {"prop_doors.Meshes.GenericDoor": {"Rename": "", "Tags": [], "Metadata": "", "Location": [58704.1328125, 8875.34765625, -2036.125], "Rotation": [0, -9300, 0], "Scale": 1.0, "Scale3D": [1.0, 1.0, 1.0], "Materials": []}}, {"EngineMeshes.Sphere": {"Rename": "Pressure Plate", "Tags": ["Pressure Plate"], "Metadata": "", "Location": [58369.9375, 10774.4287109375, -1025.0], "Rotation": [2700, 3900, 0], "Scale": 0.5, "Scale3D": [1.0, 1.0, 0.0010000000474974513], "Materials": ["Anemone_GunMaterials.Materials.SMG.Mati_Tediore_6_Infection_Cleaner"]}}, {"Char_Anem_ButtStallion.Mesh.ButtStallion": {"Rename": "", "Tags": [], "Metadata": "", "Location": [58361.21484375, 10818.3935546875, -1022.0], "Rotation": [2600, 700, -16900], "Scale": 0.5, "Scale3D": [1.0, 0.0010000000474974513, 1.0], "Materials": []}}], "InteractiveObjectDefinition": [{"GD_Orchid_TreasureChests.InteractiveObjects.ObjectGrade_PirateChest_Epic": {"Rename": "", "Tags": [], "Metadata": "", "Location": [48595.671875, 5232.615234375, -986.7369995117188], "Rotation": [0, 29800, 0], "Scale": 1.0, "Scale3D": [1.0, 1.0, 1.0], "Materials": ["Orchid_SaltFlats_P.TheWorld:PersistentLevel.WillowInteractiveObject_971.SkeletalMeshComponent_4456.MaterialInstanceConstant_5015"]}}, {"GD_Orchid_TreasureChests.InteractiveObjects.ObjectGrade_PirateChest_Epic": {"Rename": "", "Tags": [], "Metadata": "", "Location": [52489.8671875, 5771.67578125, -1081.248046875], "Rotation": [0, 32200, 0], "Scale": 1.0, "Scale3D": [1.0, 1.0, 1.0], "Materials": ["Orchid_SaltFlats_P.TheWorld:PersistentLevel.WillowInteractiveObject_972.SkeletalMeshComponent_4457.MaterialInstanceConstant_5016"]}}, {"GD_Orchid_TreasureChests.InteractiveObjects.ObjectGrade_PirateChest_Epic": {"Rename": "", "Tags": [], "Metadata": "", "Location": [55890.3203125, 7671.5341796875, -1434.3690185546875], "Rotation": [0, -25400, 0], "Scale": 1.0, "Scale3D": [1.0, 1.0, 1.0], "Materials": ["Orchid_SaltFlats_P.TheWorld:PersistentLevel.WillowInteractiveObject_973.SkeletalMeshComponent_4458.MaterialInstanceConstant_5017"]}}, {"GD_Orchid_TreasureChests.InteractiveObjects.ObjectGrade_PirateChest_Epic": {"Rename": "", "Tags": [], "Metadata": "", "Location": [54973.28125, 9746.8837890625, -1066.7919921875], "Rotation": [0, 19100, 0], "Scale": 1.0, "Scale3D": [1.0, 1.0, 1.0], "Materials": ["Orchid_SaltFlats_P.TheWorld:PersistentLevel.WillowInteractiveObject_974.SkeletalMeshComponent_4459.MaterialInstanceConstant_5018"]}}, {"GD_Orchid_TreasureChests.InteractiveObjects.ObjectGrade_PirateChest_Epic": {"Rename": "", "Tags": [], "Metadata": "", "Location": [58243.53515625, 7753.6748046875, -2382.989013671875], "Rotation": [700, 17600, 0], "Scale": 1.0, "Scale3D": [1.0, 1.0, 1.0], "Materials": ["Orchid_SaltFlats_P.TheWorld:PersistentLevel.WillowInteractiveObject_975.SkeletalMeshComponent_4460.MaterialInstanceConstant_5019"]}}, {"GD_Orchid_TreasureChests.InteractiveObjects.ObjectGrade_PirateChest_Epic": {"Rename": "", "Tags": [], "Metadata": "", "Location": [53980.8125, 6710.36083984375, -2344.7880859375], "Rotation": [-500, 16800, 800], "Scale": 1.0, "Scale3D": [1.0, 1.0, 1.0], "Materials": ["Orchid_SaltFlats_P.TheWorld:PersistentLevel.WillowInteractiveObject_976.SkeletalMeshComponent_4461.MaterialInstanceConstant_5020"]}}, {"GD_LevelChallenges.InteractiveObjects.IO_VaultRoy": {"Rename": "Vault Symbol Reward", "Tags": ["Vault Symbol Reward"], "Metadata": "", "Location": [51717.515625, 5252.33984375, -1696.8719482421875], "Rotation": [2000, 9000, 0], "Scale": 0.699999988079071, "Scale3D": [1.0, 1.0, 1.0], "Materials": []}}]}}}