{"orchid_saltflats_p": {"Create": {"StaticMesh": [{"Prop_Carnival.BurlesqueStage": {"Rename": "", "Tags": [], "Metadata": "", "Location": [44045.4296875, -56512.21484375, 4372.88623046875], "Rotation": [0, 16400, 16400], "Scale": 2.0, "Scale3D": [1.0, 1.0, 1.0], "Materials": []}}, {"Prop_Carnival.BurlesqueStage": {"Rename": "", "Tags": [], "Metadata": "", "Location": [44045.4296875, -58467.21484375, 4372.88623046875], "Rotation": [0, 16400, 16400], "Scale": 2.0, "Scale3D": [1.0, 1.0, 1.0], "Materials": []}}, {"Prop_Carnival.BurlesqueStage": {"Rename": "", "Tags": [], "Metadata": "", "Location": [43216.4296875, -59349.21484375, 4372.88623046875], "Rotation": [0, 5300, 16400], "Scale": 2.0, "Scale3D": [1.0, 1.0, 1.0], "Materials": []}}, {"Prop_Carnival.BurlesqueStage": {"Rename": "", "Tags": [], "Metadata": "", "Location": [42594.76171875, -55465.49609375, 4468.6279296875], "Rotation": [0, 31400, 16400], "Scale": 2.0, "Scale3D": [1.0, 1.0, 1.0], "Materials": []}}, {"Prop_Carnival.BurlesqueStage": {"Rename": "", "Tags": [], "Metadata": "", "Location": [40825.76171875, -54868.49609375, 4464.6279296875], "Rotation": [0, 27200, 16400], "Scale": 2.0, "Scale3D": [1.0, 1.0, 1.0], "Materials": []}}, {"Prop_Carnival.BurlesqueStage": {"Rename": "", "Tags": [], "Metadata": "", "Location": [39405.76171875, -53630.49609375, 4894.6279296875], "Rotation": [0, 23300, 16400], "Scale": 2.0, "Scale3D": [1.0, 1.0, 1.0], "Materials": []}}, {"Prop_Carnival.BurlesqueStage": {"Rename": "", "Tags": [], "Metadata": "", "Location": [37883.76171875, -52382.49609375, 4894.6279296875], "Rotation": [0, 27800, 16400], "Scale": 2.0, "Scale3D": [1.0, 1.0, 1.0], "Materials": []}}, {"Prop_Carnival.BurlesqueStage": {"Rename": "", "Tags": [], "Metadata": "", "Location": [36140.76171875, -51484.49609375, 4894.6279296875], "Rotation": [0, 27800, 16400], "Scale": 2.0, "Scale3D": [1.0, 1.0, 1.0], "Materials": []}}, {"Prop_Carnival.BurlesqueStage": {"Rename": "", "Tags": [], "Metadata": "", "Location": [34239.76171875, -51316.49609375, 4894.6279296875], "Rotation": [0, 35700, 16400], "Scale": 2.0, "Scale3D": [1.0, 1.0, 1.0], "Materials": []}}, {"Prop_Carnival.BurlesqueStage": {"Rename": "", "Tags": [], "Metadata": "", "Location": [32416.76171875, -52071.49609375, 4894.6279296875], "Rotation": [0, 37900, 16400], "Scale": 2.0, "Scale3D": [1.0, 1.0, 1.0], "Materials": []}}, {"Prop_Carnival.BurlesqueStage": {"Rename": "", "Tags": [], "Metadata": "", "Location": [30771.76171875, -53159.49609375, 4807.6279296875], "Rotation": [-600, 39300, 16400], "Scale": 2.0, "Scale3D": [1.0, 1.0, 1.0], "Materials": []}}, {"Prop_Carnival.BurlesqueStage": {"Rename": "", "Tags": [], "Metadata": "", "Location": [29135.76171875, -54275.49609375, 4617.6279296875], "Rotation": [-100, 38300, 16400], "Scale": 2.0, "Scale3D": [1.0, 1.0, 1.0], "Materials": []}}, {"Common_Meshes.Blocking.Blocking_Cube": {"Rename": "Invisible Wall 1", "Tags": [], "Metadata": "", "Location": [41646.96875, -59576.5, 4281.98291015625], "Rotation": [0, -14300, 0], "Scale": 2.0, "Scale3D": [0.009999999776482582, 1.4800000190734863, 1.0], "Materials": ["FX_ENV_VOG.Materials.Angel_Echo_INST"]}}, {"EngineMeshes.Sphere": {"Rename": "Pressure Plate", "Tags": ["Pressure Plate"], "Metadata": "", "Location": [39014.53515625, -57281.2890625, 5208.0], "Rotation": [-5300, 16600, 0], "Scale": 0.5, "Scale3D": [1.0, 1.0, 0.0010000000474974513], "Materials": ["Anemone_GunMaterials.Materials.SMG.Mati_Tediore_6_Infection_Cleaner"]}}, {"Char_Anem_ButtStallion.Mesh.ButtStallion": {"Rename": "", "Tags": [], "Metadata": "", "Location": [39014.4921875, -57245.52734375, 5188.44677734375], "Rotation": [100, 0, -11100], "Scale": 0.5, "Scale3D": [1.0, 0.0010000000474974513, 1.0], "Materials": []}}], "InteractiveObjectDefinition": [{"GD_Orchid_TreasureChests.InteractiveObjects.ObjectGrade_PirateChest_Epic": {"Rename": "", "Tags": [], "Metadata": "", "Location": [43049.26171875, -57071.73046875, 3887.0], "Rotation": [0, -15000, 0], "Scale": 1.0, "Scale3D": [1.0, 1.0, 1.0], "Materials": ["Orchid_SaltFlats_P.TheWorld:PersistentLevel.WillowInteractiveObject_1138.SkeletalMeshComponent_5426.MaterialInstanceConstant_6092"]}}, {"GD_Orchid_TreasureChests.InteractiveObjects.ObjectGrade_PirateChest_Epic": {"Rename": "", "Tags": [], "Metadata": "", "Location": [40235.375, -57324.2734375, 4473.69287109375], "Rotation": [200, -2100, 0], "Scale": 1.0, "Scale3D": [1.0, 1.0, 1.0], "Materials": ["Orchid_SaltFlats_P.TheWorld:PersistentLevel.WillowInteractiveObject_1139.SkeletalMeshComponent_5427.MaterialInstanceConstant_6093"]}}, {"GD_Orchid_TreasureChests.InteractiveObjects.ObjectGrade_PirateChest_Epic": {"Rename": "", "Tags": [], "Metadata": "", "Location": [37963.33203125, -55836.3203125, 4474.880859375], "Rotation": [0, -23200, 0], "Scale": 1.0, "Scale3D": [1.0, 1.0, 1.0], "Materials": ["Orchid_SaltFlats_P.TheWorld:PersistentLevel.WillowInteractiveObject_1140.SkeletalMeshComponent_5428.MaterialInstanceConstant_6094"]}}, {"GD_Orchid_TreasureChests.InteractiveObjects.ObjectGrade_PirateChest_Epic": {"Rename": "", "Tags": [], "Metadata": "", "Location": [35391.11328125, -57561.1484375, 4505.9931640625], "Rotation": [500, -23900, 0], "Scale": 1.0, "Scale3D": [1.0, 1.0, 1.0], "Materials": ["Orchid_SaltFlats_P.TheWorld:PersistentLevel.WillowInteractiveObject_1141.SkeletalMeshComponent_5429.MaterialInstanceConstant_6095"]}}, {"GD_Orchid_TreasureChests.InteractiveObjects.ObjectGrade_PirateChest_Epic": {"Rename": "", "Tags": [], "Metadata": "", "Location": [33844.234375, -53813.08984375, 4469.884765625], "Rotation": [0, -11700, 0], "Scale": 1.0, "Scale3D": [1.0, 1.0, 1.0], "Materials": ["Orchid_SaltFlats_P.TheWorld:PersistentLevel.WillowInteractiveObject_1142.SkeletalMeshComponent_5430.MaterialInstanceConstant_6096"]}}, {"GD_Orchid_TreasureChests.InteractiveObjects.ObjectGrade_PirateChest_Epic": {"Rename": "", "Tags": [], "Metadata": "", "Location": [35371.0703125, -54745.30078125, 4504.0], "Rotation": [0, 11300, 500], "Scale": 1.0, "Scale3D": [1.0, 1.0, 1.0], "Materials": ["Orchid_SaltFlats_P.TheWorld:PersistentLevel.WillowInteractiveObject_1143.SkeletalMeshComponent_5431.MaterialInstanceConstant_6097"]}}, {"GD_LevelChallenges.InteractiveObjects.IO_VaultRoy": {"Rename": "Vault Symbol Reward", "Tags": ["Vault Symbol Reward"], "Metadata": "", "Location": [38394.15234375, -61074.2265625, 5141.0], "Rotation": [1300, -3700, -12800], "Scale": 1.0, "Scale3D": [1.0, 1.0, 1.0], "Materials": []}}]}}}