{"orchid_caves_p": {"Create": {"StaticMesh": [{"Prop_Rocks.Meshes.SlateLedge": {"Rename": "", "Tags": [], "Metadata": "", "Location": [1769.740966796875, 8554.205078125, -4493.84814453125], "Rotation": [0, -11700, 0], "Scale": 1.0499999523162842, "Scale3D": [1.190000057220459, 1.0, 1.0], "Materials": []}}, {"Prop_Rocks.Meshes.SlateLedge": {"Rename": "", "Tags": [], "Metadata": "", "Location": [-3200.35205078125, -2810.7490234375, -4131.044921875], "Rotation": [0, 5300, 0], "Scale": 1.0499999523162842, "Scale3D": [0.8899999856948853, 1.0, 1.0], "Materials": []}}, {"Prop_Rocks_03.Meshes.ShaleRock_Large": {"Rename": "", "Tags": [], "Metadata": "", "Location": [4488.35498046875, -4955.23193359375, -4283.22314453125], "Rotation": [0, 36000, 0], "Scale": 0.4000000059604645, "Scale3D": [0.699999988079071, 1.0, 0.5], "Materials": []}}, {"EngineMeshes.Sphere": {"Rename": "Pressure Plate", "Tags": ["Pressure Plate"], "Metadata": "", "Location": [704.3767700195312, -990.5895385742188, -2980.169921875], "Rotation": [4000, -3000, -50], "Scale": 0.5, "Scale3D": [1.0, 1.0, 0.0010000000474974513], "Materials": ["Anemone_GunMaterials.Materials.SMG.Mati_Tediore_6_Infection_Cleaner"]}}, {"Char_Anem_ButtStallion.Mesh.ButtStallion": {"Rename": "", "Tags": [], "Metadata": "", "Location": [671.97900390625, -976.5260009765625, -2994.0], "Rotation": [200, 13000, -12400], "Scale": 0.5, "Scale3D": [1.0, 0.0010000000474974513, 1.0], "Materials": []}}, {"Common_Meshes.Blocking.Blocking_Cube": {"Rename": "Spongebob EE", "Tags": [], "Metadata": "", "Location": [759.7354736328125, -142.29400634765625, -4209.0], "Rotation": [-700, -2000, -2000], "Scale": 0.07999999821186066, "Scale3D": [1.0, 1.600000023841858, 0.30000001192092896], "Materials": ["Char_Crystalisk.Materials.Mati_CrystalsLeg_Explosive"]}}, {"FX_Shared_Tech.StaticMeshes.LightCone": {"Rename": "Patrick EE 1", "Tags": [], "Metadata": "", "Location": [709.6640014648438, -123.08300018310547, -4201.30810546875], "Rotation": [0, 0, 0], "Scale": 0.30000001192092896, "Scale3D": [1.0, 1.0, 0.4000000059604645], "Materials": ["Aster_Prop_SeraphVendor.Material.Mati_SeraphCrystal"]}}, {"FX_Shared_Tech.StaticMeshes.LightCone": {"Rename": "Patrick EE 2", "Tags": [], "Metadata": "", "Location": [729.6640014648438, -101.0, -4201.30810546875], "Rotation": [0, -16400, 0], "Scale": 0.30000001192092896, "Scale3D": [1.2000000476837158, 1.0, 0.4000000059604645], "Materials": ["Aster_Prop_SeraphVendor.Material.Mati_SeraphCrystal"]}}, {"FX_Shared_Tech.StaticMeshes.LightCone": {"Rename": "Patrick EE 3", "Tags": [], "Metadata": "", "Location": [749.6640014648438, -123.08300018310547, -4201.30810546875], "Rotation": [0, 0, 0], "Scale": 0.30000001192092896, "Scale3D": [-1.0, 1.0, 0.4000000059604645], "Materials": ["Aster_Prop_SeraphVendor.Material.Mati_SeraphCrystal"]}}, {"FX_Shared_Tech.StaticMeshes.LightCone": {"Rename": "Patrick EE 4", "Tags": [], "Metadata": "", "Location": [719.6640014648438, -145.0, -4201.30810546875], "Rotation": [0, -20400, 0], "Scale": 0.30000001192092896, "Scale3D": [-1.0, 1.0, 0.4000000059604645], "Materials": ["Aster_Prop_SeraphVendor.Material.Mati_SeraphCrystal"]}}, {"FX_Shared_Tech.StaticMeshes.LightCone": {"Rename": "Patrick EE 5", "Tags": [], "Metadata": "", "Location": [739.6640014648438, -145.0, -4201.30810546875], "Rotation": [0, -12400, 0], "Scale": 0.30000001192092896, "Scale3D": [-1.0, 1.0, 0.4000000059604645], "Materials": ["Aster_Prop_SeraphVendor.Material.Mati_SeraphCrystal"]}}, {"EngineMeshes.Sphere": {"Rename": "Patrick EE 6", "Tags": [], "Metadata": "", "Location": [730.0, -124.0, -4201.0908203125], "Rotation": [0, 0, 0], "Scale": 0.05000000074505806, "Scale3D": [1.2400000095367432, 1.2699999809265137, 0.5], "Materials": ["Aster_Prop_SeraphVendor.Material.Mati_SeraphCrystal"]}}], "InteractiveObjectDefinition": [{"GD_Orchid_TreasureChests.InteractiveObjects.ObjectGrade_PirateChest_Epic": {"Rename": "", "Tags": [], "Metadata": "", "Location": [3332.735107421875, 5517.23486328125, -4283.0], "Rotation": [0, 10000, 0], "Scale": 1.0, "Scale3D": [1.0, 1.0, 1.0], "Materials": ["Orchid_Caves_P.TheWorld:PersistentLevel.WillowInteractiveObject_39.SkeletalMeshComponent_183.MaterialInstanceConstant_215"]}}, {"GD_Orchid_TreasureChests.InteractiveObjects.ObjectGrade_PirateChest_Epic": {"Rename": "", "Tags": [], "Metadata": "", "Location": [5528.60400390625, 1322.5, -4183.0], "Rotation": [1000, -13000, 0], "Scale": 1.0, "Scale3D": [1.0, 1.0, 1.0], "Materials": ["Orchid_Caves_P.TheWorld:PersistentLevel.WillowInteractiveObject_40.SkeletalMeshComponent_184.MaterialInstanceConstant_216"]}}, {"GD_Orchid_TreasureChests.InteractiveObjects.ObjectGrade_PirateChest_Epic": {"Rename": "", "Tags": [], "Metadata": "", "Location": [1017.1009521484375, 2359.68603515625, -4134.61181640625], "Rotation": [0, -32300, 1100], "Scale": 1.0, "Scale3D": [1.0, 1.0, 1.0], "Materials": ["Orchid_Caves_P.TheWorld:PersistentLevel.WillowInteractiveObject_41.SkeletalMeshComponent_185.MaterialInstanceConstant_217"]}}, {"GD_Orchid_TreasureChests.InteractiveObjects.ObjectGrade_PirateChest_Epic": {"Rename": "", "Tags": [], "Metadata": "", "Location": [4083.35888671875, -4002.531005859375, -4063.458984375], "Rotation": [0, 5300, 0], "Scale": 1.0, "Scale3D": [1.0, 1.0, 1.0], "Materials": ["Orchid_Caves_P.TheWorld:PersistentLevel.WillowInteractiveObject_42.SkeletalMeshComponent_186.MaterialInstanceConstant_218"]}}, {"GD_Orchid_TreasureChests.InteractiveObjects.ObjectGrade_PirateChest_Epic": {"Rename": "", "Tags": [], "Metadata": "", "Location": [-407.7550048828125, -3485.196044921875, -4033.197998046875], "Rotation": [0, 0, 2000], "Scale": 1.0, "Scale3D": [1.0, 1.0, 1.0], "Materials": ["Orchid_Caves_P.TheWorld:PersistentLevel.WillowInteractiveObject_43.SkeletalMeshComponent_187.MaterialInstanceConstant_219"]}}, {"GD_LevelChallenges.InteractiveObjects.IO_VaultRoy": {"Rename": "Vault Symbol Reward", "Tags": ["Vault Symbol Reward"], "Metadata": "", "Location": [4166.4462890625, -4379.2578125, -3688.47998046875], "Rotation": [-3400, 4000, 0], "Scale": 1.0, "Scale3D": [1.0, 1.0, 1.0], "Materials": []}}]}}}