{"orchid_caves_p": {"Create": {"StaticMesh": [{"Prop_Crate.Meshes.CoveredCrate_01a": {"Rename": "", "Tags": [], "Metadata": "", "Location": [-7454.64013671875, -7468.125, -2972.451904296875], "Rotation": [0, 0, 0], "Scale": 1.5, "Scale3D": [1.0, 1.0, 1.0], "Materials": []}}, {"Prop_Crate.Meshes.BanditCrate01": {"Rename": "", "Tags": [], "Metadata": "", "Location": [-7474.24755859375, -7465.30712890625, -2810.373046875], "Rotation": [0, 5000, 0], "Scale": 1.5, "Scale3D": [1.0, 1.0, 1.0], "Materials": []}}, {"Common_Meshes.Blocking.Blocking_Cube": {"Rename": "Invisible Wall 1", "Tags": [], "Metadata": "", "Location": [-7732.22900390625, -7617.97802734375, -2952.300048828125], "Rotation": [0, -18400, 0], "Scale": 2.0, "Scale3D": [0.009999999776482582, 2.1700000762939453, 1.0], "Materials": ["FX_ENV_VOG.Materials.Angel_Echo_INST"]}}, {"Common_Meshes.Blocking.Blocking_Cube": {"Rename": "Invisible Wall 2", "Tags": [], "Metadata": "", "Location": [-7732.22900390625, -7617.97802734375, -2952.300048828125], "Rotation": [0, 3000, 0], "Scale": 2.0, "Scale3D": [0.009999999776482582, 3.2200000286102295, 1.0], "Materials": ["FX_ENV_VOG.Materials.Angel_Echo_INST"]}}, {"Common_Meshes.Blocking.Blocking_Cube": {"Rename": "Invisible Wall 3", "Tags": [], "Metadata": "", "Location": [-8203.228515625, -6035.97802734375, -2954.300048828125], "Rotation": [0, 100, 0], "Scale": 2.0, "Scale3D": [0.009999999776482582, 2.0999999046325684, 1.0], "Materials": ["FX_ENV_VOG.Materials.Angel_Echo_INST"]}}, {"Common_Meshes.Blocking.Blocking_Cube": {"Rename": "Invisible Wall 4", "Tags": [], "Metadata": "", "Location": [-8223.228515625, -4958.97802734375, -3184.300048828125], "Rotation": [0, 3100, 0], "Scale": 2.0, "Scale3D": [0.009999999776482582, 2.5, 1.4600000381469727], "Materials": ["FX_ENV_VOG.Materials.Angel_Echo_INST"]}}, {"Common_Meshes.Blocking.Blocking_Cube": {"Rename": "Invisible Wall 5", "Tags": [], "Metadata": "", "Location": [-8599.228515625, -3746.97802734375, -2952.300048828125], "Rotation": [0, 15000, 0], "Scale": 2.0, "Scale3D": [0.009999999776482582, 1.4500000476837158, 1.0], "Materials": ["FX_ENV_VOG.Materials.Angel_Echo_INST"]}}, {"Common_Meshes.Blocking.Blocking_Cube": {"Rename": "Invisible Wall 6", "Tags": [], "Metadata": "", "Location": [-9338.228515625, -3643.97802734375, -2952.300048828125], "Rotation": [0, -1100, 0], "Scale": 2.0, "Scale3D": [0.009999999776482582, 2.869999885559082, 1.340000033378601], "Materials": ["FX_ENV_VOG.Materials.Angel_Echo_INST"]}}, {"Common_Meshes.Blocking.Blocking_Cube": {"Rename": "Invisible Wall 7", "Tags": [], "Metadata": "", "Location": [-8223.228515625, -4958.97802734375, -3470.300048828125], "Rotation": [0, -25900, 0], "Scale": 2.0, "Scale3D": [0.009999999776482582, 3.369999885559082, 2.0199999809265137], "Materials": ["FX_ENV_VOG.Materials.Angel_Echo_INST"]}}, {"Prop_Rocks_03.Meshes.ShaleRock_Large": {"Rename": "", "Tags": [], "Metadata": "", "Location": [-16242.693359375, -7347.82421875, -2885.291015625], "Rotation": [13000, -4600, 0], "Scale": 0.12999999523162842, "Scale3D": [0.7900000214576721, 1.5499999523162842, 1.7200000286102295], "Materials": []}}, {"Prop_Rocks_03.Meshes.ShaleRock_Large": {"Rename": "", "Tags": [], "Metadata": "", "Location": [-8322.080078125, -6114.96923828125, -4259.1943359375], "Rotation": [15700, -14000, 2100], "Scale": 0.12999999523162842, "Scale3D": [1.0199999809265137, 1.6100000143051147, 1.9900000095367432], "Materials": []}}, {"Prop_Panels.HullPanel": {"Rename": "", "Tags": [], "Metadata": "", "Location": [-10180.9140625, -3987.762939453125, -4240.2841796875], "Rotation": [0, -2100, 0], "Scale": 0.8100000023841858, "Scale3D": [1.0, 1.4800000190734863, 1.0], "Materials": []}}, {"EngineMeshes.Sphere": {"Rename": "Pressure Plate", "Tags": ["Pressure Plate"], "Metadata": "", "Location": [-18696.572265625, -7290.56201171875, -3910.0], "Rotation": [2300, -3400, 0], "Scale": 0.5, "Scale3D": [1.0, 1.0, 0.0010000000474974513], "Materials": ["Anemone_GunMaterials.Materials.SMG.Mati_Tediore_6_Infection_Cleaner"]}}, {"Char_Anem_ButtStallion.Mesh.ButtStallion": {"Rename": "", "Tags": [], "Metadata": "", "Location": [-18699.923828125, -7261.22021484375, -3912.0], "Rotation": [2200, 0, -15700], "Scale": 0.5, "Scale3D": [1.0, 0.0010000000474974513, 1.0], "Materials": []}}], "InteractiveObjectDefinition": [{"GD_Orchid_TreasureChests.InteractiveObjects.ObjectGrade_PirateChest_Epic": {"Rename": "", "Tags": [], "Metadata": "", "Location": [-8716.658203125, -8713.9599609375, -3305.572021484375], "Rotation": [0, -11200, 0], "Scale": 1.0, "Scale3D": [1.0, 1.0, 1.0], "Materials": ["Orchid_Caves_P.TheWorld:PersistentLevel.WillowInteractiveObject_1326.SkeletalMeshComponent_6489.MaterialInstanceConstant_7365"]}}, {"GD_Orchid_TreasureChests.InteractiveObjects.ObjectGrade_PirateChest_Epic": {"Rename": "", "Tags": [], "Metadata": "", "Location": [-7492.3330078125, -11429.9892578125, -3415.430908203125], "Rotation": [0, 4100, 0], "Scale": 1.0, "Scale3D": [1.0, 1.0, 1.0], "Materials": ["Orchid_Caves_P.TheWorld:PersistentLevel.WillowInteractiveObject_1327.SkeletalMeshComponent_6490.MaterialInstanceConstant_7366"]}}, {"GD_Orchid_TreasureChests.InteractiveObjects.ObjectGrade_PirateChest_Epic": {"Rename": "", "Tags": [], "Metadata": "", "Location": [-12533.689453125, -11303.9345703125, -3212.0], "Rotation": [-1000, 29100, 1000], "Scale": 1.0, "Scale3D": [1.0, 1.0, 1.0], "Materials": ["Orchid_Caves_P.TheWorld:PersistentLevel.WillowInteractiveObject_1328.SkeletalMeshComponent_6491.MaterialInstanceConstant_7367"]}}, {"GD_Orchid_TreasureChests.InteractiveObjects.ObjectGrade_PirateChest_Epic": {"Rename": "", "Tags": [], "Metadata": "", "Location": [-16752.546875, -9621.6435546875, -2936.093994140625], "Rotation": [200, -9600, 0], "Scale": 1.0, "Scale3D": [1.0, 1.0, 1.0], "Materials": ["Orchid_Caves_P.TheWorld:PersistentLevel.WillowInteractiveObject_1329.SkeletalMeshComponent_6492.MaterialInstanceConstant_7368"]}}, {"GD_Orchid_TreasureChests.InteractiveObjects.ObjectGrade_PirateChest_Epic": {"Rename": "", "Tags": [], "Metadata": "", "Location": [-11759.5830078125, -5314.72314453125, -4301.36279296875], "Rotation": [0, 16400, 0], "Scale": 1.0, "Scale3D": [1.0, 1.0, 1.0], "Materials": ["Orchid_Caves_P.TheWorld:PersistentLevel.WillowInteractiveObject_1330.SkeletalMeshComponent_6493.MaterialInstanceConstant_7369"]}}, {"GD_Orchid_TreasureChests.InteractiveObjects.ObjectGrade_PirateChest_Epic": {"Rename": "", "Tags": [], "Metadata": "", "Location": [-12995.8388671875, -8497.708984375, -3644.0], "Rotation": [700, -33000, 0], "Scale": 1.0, "Scale3D": [1.0, 1.0, 1.0], "Materials": ["Orchid_Caves_P.TheWorld:PersistentLevel.WillowInteractiveObject_1331.SkeletalMeshComponent_6494.MaterialInstanceConstant_7370"]}}, {"GD_LevelChallenges.InteractiveObjects.IO_VaultRoy": {"Rename": "Vault Symbol Reward", "Tags": ["Vault Symbol Reward"], "Metadata": "", "Location": [-11088.494140625, -11673.2021484375, -2966.0], "Rotation": [3000, -2400, 0], "Scale": 0.6000000238418579, "Scale3D": [1.0, 1.0, 1.0], "Materials": []}}]}}}