{"orchid_refinery_p": {"Create": {"StaticMesh": [{"prop_doors.TunnelDoor": {"Rename": "", "Tags": [], "Metadata": "", "Location": [45045.91796875, -13954.4267578125, 1463.927001953125], "Rotation": [0, 16400, 0], "Scale": 2.190000057220459, "Scale3D": [1.0, 1.1100000143051147, 1.0], "Materials": []}}, {"Prop_Panels.DiamondPlate": {"Rename": "", "Tags": [], "Metadata": "", "Location": [46083.30078125, -8504.623046875, 1758.7139892578125], "Rotation": [0, 0, 16400], "Scale": 1.0, "Scale3D": [1.0, 1.399999976158142, 1.0], "Materials": []}}, {"Prop_Crate.Meshes.BanditCrate01": {"Rename": "", "Tags": [], "Metadata": "", "Location": [45795.01171875, -10365.0, 1441.0], "Rotation": [0, -3000, 0], "Scale": 1.2999999523162842, "Scale3D": [1.100000023841858, 1.0, 1.0], "Materials": []}}, {"Prop_Panels.MetalPanel_09": {"Rename": "", "Tags": [], "Metadata": "", "Location": [45904.4296875, -10246.1318359375, 1604.5360107421875], "Rotation": [-6000, 0, 16400], "Scale": 1.0, "Scale3D": [1.2999999523162842, 0.0010000000474974513, 1.5], "Materials": []}}, {"EngineMeshes.Sphere": {"Rename": "Pressure Plate", "Tags": ["Pressure Plate"], "Metadata": "", "Location": [45834.234375, -10228.291015625, 1440.219970703125], "Rotation": [0, 0, 0], "Scale": 0.5, "Scale3D": [1.0, 1.0, 0.0010000000474974513], "Materials": ["Anemone_GunMaterials.Materials.SMG.Mati_Tediore_6_Infection_Cleaner"]}}, {"Char_Anem_ButtStallion.Mesh.ButtStallion": {"Rename": "", "Tags": [], "Metadata": "", "Location": [45827.66015625, -10190.255859375, 1440.678955078125], "Rotation": [0, 0, -16400], "Scale": 0.5, "Scale3D": [1.0, 0.0010000000474974513, 1.0], "Materials": []}}, {"Prop_Garbage.Meshes.CardboardBoxes": {"Rename": "", "Tags": [], "Metadata": "", "Location": [46001.5234375, -10440.015625, 1439.467041015625], "Rotation": [0, 0, 0], "Scale": 1.0, "Scale3D": [1.0, 1.0, 1.0], "Materials": []}}, {"Prop_Garbage.Meshes.BoxOpen": {"Rename": "", "Tags": [], "Metadata": "", "Location": [45984.8125, -10430.5791015625, 1549.5830078125], "Rotation": [0, -13000, 0], "Scale": 1.5, "Scale3D": [1.0, 1.0, 1.0], "Materials": []}}], "InteractiveObjectDefinition": [{"GD_LevelChallenges.InteractiveObjects.IO_VaultRoy": {"Rename": "Vault Symbol Reward", "Tags": ["Vault Symbol Reward"], "Metadata": "", "Location": [44058.640625, -9465.810546875, 1931.7550048828125], "Rotation": [2000, 16400, 0], "Scale": 0.800000011920929, "Scale3D": [1.0, 1.0, 1.0], "Materials": []}}, {"GD_Orchid_TreasureChests.InteractiveObjects.ObjectGrade_PirateChest_Epic": {"Rename": "", "Tags": [], "Metadata": "", "Location": [46084.28125, -12900.2861328125, 1439.60498046875], "Rotation": [0, 30300, 0], "Scale": 1.0, "Scale3D": [1.0, 1.0, 1.0], "Materials": ["Orchid_Refinery_P.TheWorld:PersistentLevel.WillowInteractiveObject_144.SkeletalMeshComponent_387.MaterialInstanceConstant_677"]}}, {"GD_Orchid_TreasureChests.InteractiveObjects.ObjectGrade_PirateChest_Epic": {"Rename": "", "Tags": [], "Metadata": "", "Location": [44549.98828125, -12087.8896484375, 1279.0050048828125], "Rotation": [0, -8200, 0], "Scale": 1.0, "Scale3D": [1.0, 1.0, 1.0], "Materials": ["Orchid_Refinery_P.TheWorld:PersistentLevel.WillowInteractiveObject_146.SkeletalMeshComponent_395.MaterialInstanceConstant_686"]}}, {"GD_Orchid_TreasureChests.InteractiveObjects.ObjectGrade_PirateChest_Epic": {"Rename": "", "Tags": [], "Metadata": "", "Location": [46417.75390625, -11061.0546875, 1439.0479736328125], "Rotation": [0, 16400, 0], "Scale": 1.0, "Scale3D": [1.0, 1.0, 1.0], "Materials": ["Orchid_Refinery_P.TheWorld:PersistentLevel.WillowInteractiveObject_148.SkeletalMeshComponent_403.MaterialInstanceConstant_694"]}}, {"GD_Orchid_TreasureChests.InteractiveObjects.ObjectGrade_PirateChest_Epic": {"Rename": "", "Tags": [], "Metadata": "", "Location": [44282.5546875, -9721.505859375, 1439.0], "Rotation": [0, 32800, 0], "Scale": 1.0, "Scale3D": [1.0, 1.0, 1.0], "Materials": ["Orchid_Refinery_P.TheWorld:PersistentLevel.WillowInteractiveObject_151.SkeletalMeshComponent_412.MaterialInstanceConstant_706"]}}, {"GD_Orchid_TreasureChests.InteractiveObjects.ObjectGrade_PirateChest_Epic": {"Rename": "", "Tags": [], "Metadata": "", "Location": [46258.33203125, -8616.1552734375, 1763.1199951171875], "Rotation": [0, 32800, 0], "Scale": 1.0, "Scale3D": [1.0, 1.0, 1.0], "Materials": ["Orchid_Refinery_P.TheWorld:PersistentLevel.WillowInteractiveObject_154.SkeletalMeshComponent_421.MaterialInstanceConstant_714"]}}]}}}