{"iris_dl3_p": {"Create": {"StaticMesh": [{"Prop_Walkways.CatwalkQuad": {"Rename": "", "Tags": [], "Metadata": "", "Location": [34363.4140625, 13761.4423828125, 990.5289916992188], "Rotation": [0, 4000, 16400], "Scale": 2.5, "Scale3D": [1.0, 1.0, 0.5299999713897705], "Materials": []}}, {"Prop_Walkways.CatwalkQuad": {"Rename": "", "Tags": [], "Metadata": "", "Location": [31985.4140625, 12801.4423828125, 990.5289916992188], "Rotation": [0, 4000, 16400], "Scale": 2.5, "Scale3D": [1.0, 1.0, 0.5299999713897705], "Materials": []}}, {"Env_Interlude.Mesh.GarageDoor": {"Rename": "", "Tags": [], "Metadata": "", "Location": [30298.96875, 15356.2822265625, 666.218994140625], "Rotation": [0, -8000, 0], "Scale": 1.1299999952316284, "Scale3D": [1.0, 1.0, 1.3300000429153442], "Materials": []}}, {"Prop_Fences.Meshes.BanditCover_03": {"Rename": "", "Tags": [], "Metadata": "", "Location": [31536.6171875, 24480.275390625, 704.31201171875], "Rotation": [0, 2900, 0], "Scale": 2.0999999046325684, "Scale3D": [2.0, 2.0, 2.0], "Materials": []}}, {"Prop_Fences.Meshes.BanditCover_02": {"Rename": "", "Tags": [], "Metadata": "", "Location": [29355.134765625, 20316.484375, 1335.239013671875], "Rotation": [0, 18300, 0], "Scale": 3.0, "Scale3D": [1.0, 1.0, 1.0], "Materials": []}}, {"Prop_Fences.Meshes.BanditCover_02": {"Rename": "", "Tags": [], "Metadata": "", "Location": [29196.134765625, 20848.484375, 1335.239013671875], "Rotation": [1500, 21300, 0], "Scale": 3.0, "Scale3D": [1.0, 1.0, 1.0], "Materials": []}}, {"Prop_Fences.Meshes.BanditCover_02": {"Rename": "", "Tags": [], "Metadata": "", "Location": [28940.134765625, 21337.484375, 1434.239013671875], "Rotation": [1000, 21300, -300], "Scale": 3.0, "Scale3D": [1.1299999952316284, 1.0, 1.0], "Materials": []}}, {"Prop_Walkways.CatwalkQuad": {"Rename": "", "Tags": [], "Metadata": "", "Location": [34508.26171875, 18871.373046875, 975.1690063476562], "Rotation": [0, 10700, 16400], "Scale": 2.5, "Scale3D": [1.0, 1.0, 0.5299999713897705], "Materials": []}}, {"Prop_Walkways.CatwalkQuad": {"Rename": "", "Tags": [], "Metadata": "", "Location": [35836.26171875, 21061.373046875, 975.1690063476562], "Rotation": [0, 10700, 16400], "Scale": 2.5, "Scale3D": [1.0, 1.0, 0.5299999713897705], "Materials": []}}, {"prop_vehicles_02.Materials.WreckedCar01": {"Rename": "", "Tags": [], "Metadata": "", "Location": [30468.228515625, 19402.564453125, 1375.1829833984375], "Rotation": [0, -12000, 0], "Scale": 0.30000001192092896, "Scale3D": [1.0, 1.0, 1.0], "Materials": []}}, {"Prop_Corpses.Meshes.DeadBandit_03": {"Rename": "", "Tags": [], "Metadata": "", "Location": [30445.203125, 19487.119140625, 1377.0], "Rotation": [0, 7000, 0], "Scale": 0.6000000238418579, "Scale3D": [1.0, 1.0, 1.0], "Materials": []}}, {"Prop_Pickups.Meshes.CashPickup": {"Rename": "", "Tags": [], "Metadata": "", "Location": [30394.763671875, 19544.20703125, 1378.0], "Rotation": [0, 1000, 0], "Scale": 1.0, "Scale3D": [1.0, 1.0, 1.0], "Materials": []}}, {"Prop_Pickups.Meshes.CashPickup": {"Rename": "", "Tags": [], "Metadata": "", "Location": [30374.763671875, 19514.20703125, 1378.0], "Rotation": [0, -9000, 0], "Scale": 1.0, "Scale3D": [1.0, 1.0, 1.0], "Materials": []}}, {"Prop_Pickups.Meshes.CashPickup": {"Rename": "", "Tags": [], "Metadata": "", "Location": [30364.763671875, 19574.20703125, 1378.0], "Rotation": [0, -17000, 0], "Scale": 1.0, "Scale3D": [1.0, 1.0, 1.0], "Materials": []}}, {"prop_signs.ArrowSign": {"Rename": "", "Tags": [], "Metadata": "", "Location": [30011.9609375, 19199.390625, 1560.9859619140625], "Rotation": [-3000, 500, 32800], "Scale": 0.20000000298023224, "Scale3D": [1.0, 1.0, 1.0], "Materials": []}}, {"EngineMeshes.Sphere": {"Rename": "Pressure Plate", "Tags": ["Pressure Plate"], "Metadata": "", "Location": [35071.390625, 21298.15234375, 1283.0589599609375], "Rotation": [0, 0, 0], "Scale": 0.5, "Scale3D": [1.0, 1.0, 0.0010000000474974513], "Materials": ["Anemone_GunMaterials.Materials.SMG.Mati_Tediore_6_Infection_Cleaner"]}}, {"Char_Anem_ButtStallion.Mesh.ButtStallion": {"Rename": "", "Tags": [], "Metadata": "", "Location": [35067.421875, 21341.212890625, 1284.0], "Rotation": [0, 0, -16400], "Scale": 0.5, "Scale3D": [1.0, 0.0010000000474974513, 1.0], "Materials": []}}], "InteractiveObjectDefinition": [{"GD_Balance_Treasure.ChestGrades.ObjectGrade_TreasureChest": {"Rename": "", "Tags": [], "Metadata": "", "Location": [36830.203125, 14923.4833984375, 993.0], "Rotation": [0, -28000, 0], "Scale": 1.0, "Scale3D": [1.0, 1.0, 1.0], "Materials": ["Iris_DL3_P.TheWorld:PersistentLevel.WillowInteractiveObject_80.SkeletalMeshComponent_324.MaterialInstanceConstant_279"]}}, {"GD_Balance_Treasure.ChestGrades.ObjectGrade_TreasureChest": {"Rename": "", "Tags": [], "Metadata": "", "Location": [34301.25, 16093.8515625, 671.0], "Rotation": [0, -33000, 0], "Scale": 1.0, "Scale3D": [1.0, 1.0, 1.0], "Materials": ["Iris_DL3_P.TheWorld:PersistentLevel.WillowInteractiveObject_81.SkeletalMeshComponent_325.MaterialInstanceConstant_280"]}}, {"GD_Balance_Treasure.ChestGrades.ObjectGrade_TreasureChest": {"Rename": "", "Tags": [], "Metadata": "", "Location": [29093.630859375, 17671.966796875, 878.0], "Rotation": [0, -16000, 0], "Scale": 1.0, "Scale3D": [1.0, 1.0, 1.0], "Materials": ["Iris_DL3_P.TheWorld:PersistentLevel.WillowInteractiveObject_82.SkeletalMeshComponent_326.MaterialInstanceConstant_281"]}}, {"GD_Balance_Treasure.ChestGrades.ObjectGrade_TreasureChest": {"Rename": "", "Tags": [], "Metadata": "", "Location": [34431.328125, 21008.462890625, 671.0], "Rotation": [0, 20000, 0], "Scale": 1.0, "Scale3D": [1.0, 1.0, 1.0], "Materials": ["Iris_DL3_P.TheWorld:PersistentLevel.WillowInteractiveObject_83.SkeletalMeshComponent_327.MaterialInstanceConstant_282"]}}, {"GD_Balance_Treasure.ChestGrades.ObjectGrade_TreasureChest": {"Rename": "", "Tags": [], "Metadata": "", "Location": [34944.52734375, 23458.5859375, 991.0], "Rotation": [0, 24500, 0], "Scale": 1.0, "Scale3D": [1.0, 1.0, 1.0], "Materials": ["Iris_DL3_P.TheWorld:PersistentLevel.WillowInteractiveObject_84.SkeletalMeshComponent_328.MaterialInstanceConstant_283"]}}, {"GD_Balance_Treasure.ChestGrades.ObjectGrade_TreasureChest": {"Rename": "", "Tags": [], "Metadata": "", "Location": [29395.419921875, 21001.759765625, 1283.0], "Rotation": [0, -13000, 0], "Scale": 1.0, "Scale3D": [1.0, 1.0, 1.0], "Materials": ["Iris_DL3_P.TheWorld:PersistentLevel.WillowInteractiveObject_85.SkeletalMeshComponent_329.MaterialInstanceConstant_284"]}}, {"GD_LevelChallenges.InteractiveObjects.IO_VaultRoy": {"Rename": "Vault Symbol Reward", "Tags": ["Vault Symbol Reward"], "Metadata": "", "Location": [32677.2734375, 13986.939453125, 906.7919921875], "Rotation": [3600, -7000, 2100], "Scale": 1.0, "Scale3D": [1.0, 1.0, 1.0], "Materials": []}}]}}}