{"iris_dl3_p": {"Create": {"StaticMesh": [{"Prop_ArenaModule.Meshes.ArenaWall_01": {"Rename": "", "Tags": [], "Metadata": "", "Location": [22399.3203125, 25687.1171875, 1686.5799560546875], "Rotation": [0, -11100, 0], "Scale": 0.7699999809265137, "Scale3D": [1.0, 1.0, 1.0], "Materials": []}}, {"prop_gates.Meshes.CorrugatedGateMed": {"Rename": "", "Tags": [], "Metadata": "", "Location": [17334.744140625, 21190.1875, 4993.06201171875], "Rotation": [0, -27700, 0], "Scale": 0.7599999904632568, "Scale3D": [1.0, 1.0, 1.0], "Materials": []}}, {"Prop_Panels.CorrugatePanel": {"Rename": "", "Tags": [], "Metadata": "", "Location": [16812.966796875, 25694.529296875, 1503.883056640625], "Rotation": [1300, 4800, 16400], "Scale": 1.7599999904632568, "Scale3D": [1.5499999523162842, 1.1100000143051147, 1.0], "Materials": []}}, {"FX_GOR_Mesh.Meshes.Humanoid.NomadGibArm": {"Rename": "", "Tags": [], "Metadata": "", "Location": [16554.33984375, 26132.203125, 1422.85595703125], "Rotation": [15000, 0, 0], "Scale": 2.0, "Scale3D": [1.2999999523162842, 1.0, 1.0], "Materials": []}}, {"Prop_BikerAccessories.Meshes.Biker_Head_03": {"Rename": "", "Tags": [], "Metadata": "", "Location": [16534.564453125, 26216.466796875, 1417.2239990234375], "Rotation": [7000, -2000, 0], "Scale": 3.0, "Scale3D": [1.0, 1.0, 1.0], "Materials": []}}, {"FX_GOR_Mesh.Meshes.Humanoid.NomadGibArm": {"Rename": "", "Tags": [], "Metadata": "", "Location": [16574.33984375, 26292.203125, 1422.85595703125], "Rotation": [15000, 0, 0], "Scale": 2.0, "Scale3D": [1.2999999523162842, -1.0, 1.0], "Materials": []}}, {"EngineMeshes.Sphere": {"Rename": "Pressure Plate", "Tags": ["Pressure Plate"], "Metadata": "", "Location": [16622.376953125, 23095.498046875, 5461.0], "Rotation": [0, 0, 0], "Scale": 0.5, "Scale3D": [1.0, 1.0, 0.0010000000474974513], "Materials": ["Anemone_GunMaterials.Materials.SMG.Mati_Tediore_6_Infection_Cleaner"]}}, {"Char_Anem_ButtStallion.Mesh.ButtStallion": {"Rename": "", "Tags": [], "Metadata": "", "Location": [16658.486328125, 23119.162109375, 5462.0], "Rotation": [0, -11000, -16400], "Scale": 0.5, "Scale3D": [1.0, 0.0010000000474974513, 1.0], "Materials": []}}], "InteractiveObjectDefinition": [{"GD_Balance_Treasure.ChestGrades.ObjectGrade_TreasureChest": {"Rename": "", "Tags": [], "Metadata": "", "Location": [20672.65234375, 24854.88671875, 1678.0], "Rotation": [0, -11300, 0], "Scale": 1.0, "Scale3D": [1.0, 1.0, 1.0], "Materials": ["Iris_DL3_P.TheWorld:PersistentLevel.WillowInteractiveObject_494.SkeletalMeshComponent_2934.MaterialInstanceConstant_2715"]}}, {"GD_Balance_Treasure.ChestGrades.ObjectGrade_TreasureChest": {"Rename": "", "Tags": [], "Metadata": "", "Location": [16641.69921875, 23687.76171875, 1719.0], "Rotation": [0, -11300, 0], "Scale": 1.0, "Scale3D": [1.0, 1.0, 1.0], "Materials": ["Iris_DL3_P.TheWorld:PersistentLevel.WillowInteractiveObject_495.SkeletalMeshComponent_2935.MaterialInstanceConstant_2716"]}}, {"GD_Balance_Treasure.ChestGrades.ObjectGrade_TreasureChest": {"Rename": "", "Tags": [], "Metadata": "", "Location": [17298.486328125, 19660.2890625, 2235.0], "Rotation": [0, 5500, 0], "Scale": 1.0, "Scale3D": [1.0, 1.0, 1.0], "Materials": ["Iris_DL3_P.TheWorld:PersistentLevel.WillowInteractiveObject_496.SkeletalMeshComponent_2936.MaterialInstanceConstant_2717"]}}, {"GD_Balance_Treasure.ChestGrades.ObjectGrade_TreasureChest": {"Rename": "", "Tags": [], "Metadata": "", "Location": [17376.796875, 24211.3046875, 2074.9951171875], "Rotation": [0, 21700, -200], "Scale": 1.0, "Scale3D": [1.0, 1.0, 1.0], "Materials": ["Iris_DL3_P.TheWorld:PersistentLevel.WillowInteractiveObject_497.SkeletalMeshComponent_2937.MaterialInstanceConstant_2718"]}}, {"GD_Balance_Treasure.ChestGrades.ObjectGrade_TreasureChest": {"Rename": "", "Tags": [], "Metadata": "", "Location": [18218.419921875, 21152.673828125, 2996.06396484375], "Rotation": [0, 5000, 0], "Scale": 1.0, "Scale3D": [1.0, 1.0, 1.0], "Materials": ["Iris_DL3_P.TheWorld:PersistentLevel.WillowInteractiveObject_498.SkeletalMeshComponent_2938.MaterialInstanceConstant_2719"]}}, {"GD_Balance_Treasure.ChestGrades.ObjectGrade_TreasureChest": {"Rename": "", "Tags": [], "Metadata": "", "Location": [15179.1884765625, 23365.990234375, 3775.748046875], "Rotation": [0, -11600, 0], "Scale": 1.0, "Scale3D": [1.0, 1.0, 1.0], "Materials": ["Iris_DL3_P.TheWorld:PersistentLevel.WillowInteractiveObject_499.SkeletalMeshComponent_2939.MaterialInstanceConstant_2720"]}}, {"GD_Balance_Treasure.ChestGrades.ObjectGrade_TreasureChest": {"Rename": "", "Tags": [], "Metadata": "", "Location": [17274.275390625, 21290.02734375, 4817.89306640625], "Rotation": [0, 5400, 0], "Scale": 1.0, "Scale3D": [1.0, 1.0, 1.0], "Materials": ["Iris_DL3_P.TheWorld:PersistentLevel.WillowInteractiveObject_500.SkeletalMeshComponent_2940.MaterialInstanceConstant_2721"]}}, {"GD_LevelChallenges.InteractiveObjects.IO_VaultRoy": {"Rename": "Vault Symbol Reward", "Tags": ["Vault Symbol Reward"], "Metadata": "", "Location": [15518.603515625, 24095.775390625, 3898.0], "Rotation": [3000, 21500, 0], "Scale": 0.8299999833106995, "Scale3D": [1.0, 1.0, 1.0], "Materials": []}}]}}}