{"iris_dl3_p": {"Create": {"StaticMesh": [{"Env_Interlude.Mesh.GarageDoor": {"Rename": "", "Tags": [], "Metadata": "", "Location": [30263.318359375, 15342.9443359375, 713.8410034179688], "Rotation": [0, -8200, 0], "Scale": 1.100000023841858, "Scale3D": [1.0, 1.0, 1.2899999618530273], "Materials": []}}, {"Common_Meshes.Blocking.Blocking_Cube": {"Rename": "Invisible Wall 1", "Tags": [], "Metadata": "", "Location": [32444.57421875, 13321.0146484375, 1423.926025390625], "Rotation": [0, 8200, 0], "Scale": 4.0, "Scale3D": [0.009999999776482582, 5.610000133514404, 1.0], "Materials": ["FX_ENV_VOG.Materials.Angel_Echo_INST"]}}, {"Common_Meshes.Blocking.Blocking_Cube": {"Rename": "Invisible Wall 2", "Tags": [], "Metadata": "", "Location": [22122.8046875, 13568.978515625, 3486.822021484375], "Rotation": [0, -4200, 0], "Scale": 3.0, "Scale3D": [0.009999999776482582, 0.8999999761581421, 1.0], "Materials": ["FX_ENV_VOG.Materials.Angel_Echo_INST"]}}, {"Common_Meshes.Blocking.Blocking_Cube": {"Rename": "Invisible Wall 3", "Tags": [], "Metadata": "", "Location": [22122.8046875, 13568.978515625, 3486.822021484375], "Rotation": [0, -21200, 0], "Scale": 3.0, "Scale3D": [0.009999999776482582, 0.8999999761581421, 1.0], "Materials": ["FX_ENV_VOG.Materials.Angel_Echo_INST"]}}, {"Common_Meshes.Blocking.Blocking_Cube": {"Rename": "Invisible Wall 4", "Tags": [], "Metadata": "", "Location": [23012.8046875, 13898.978515625, 3486.822021484375], "Rotation": [0, 11600, 0], "Scale": 3.0, "Scale3D": [0.009999999776482582, 0.8999999761581421, 1.0], "Materials": ["FX_ENV_VOG.Materials.Angel_Echo_INST"]}}, {"Common_Meshes.Blocking.Blocking_Cube": {"Rename": "Invisible Wall 5", "Tags": [], "Metadata": "", "Location": [22892.8046875, 13628.978515625, 3486.822021484375], "Rotation": [0, 28100, 0], "Scale": 3.0, "Scale3D": [0.009999999776482582, 0.5, 1.0], "Materials": ["FX_ENV_VOG.Materials.Angel_Echo_INST"]}}, {"Common_Meshes.Blocking.Blocking_Cube": {"Rename": "Invisible Wall 6", "Tags": [], "Metadata": "", "Location": [22942.8046875, 13938.978515625, 3286.822021484375], "Rotation": [0, -13200, 0], "Scale": 3.0, "Scale3D": [0.009999999776482582, 1.5, 1.0], "Materials": ["FX_ENV_VOG.Materials.Angel_Echo_INST"]}}, {"Common_Meshes.Blocking.Blocking_Cube": {"Rename": "Invisible Wall 7", "Tags": [], "Metadata": "", "Location": [22922.8046875, 13558.978515625, 3286.822021484375], "Rotation": [0, -13000, 0], "Scale": 3.0, "Scale3D": [0.009999999776482582, 1.399999976158142, 1.0], "Materials": ["FX_ENV_VOG.Materials.Angel_Echo_INST"]}}, {"Common_Meshes.Blocking.Blocking_Cube": {"Rename": "Invisible Wall 8", "Tags": [], "Metadata": "", "Location": [23974.8046875, 13888.978515625, 3286.822021484375], "Rotation": [0, -32700, 0], "Scale": 3.0, "Scale3D": [0.009999999776482582, 0.699999988079071, 1.0], "Materials": ["FX_ENV_VOG.Materials.Angel_Echo_INST"]}}, {"Common_Meshes.Blocking.Blocking_Cube": {"Rename": "Invisible Wall 9", "Tags": [], "Metadata": "", "Location": [24032.8046875, 14288.978515625, 3286.822021484375], "Rotation": [0, -9200, 0], "Scale": 3.0, "Scale3D": [0.009999999776482582, 0.4000000059604645, 1.0], "Materials": ["FX_ENV_VOG.Materials.Angel_Echo_INST"]}}, {"Common_Meshes.Blocking.Blocking_Cube": {"Rename": "Invisible Wall 10", "Tags": [], "Metadata": "", "Location": [24222.8046875, 14458.978515625, 3286.822021484375], "Rotation": [0, -25600, 0], "Scale": 3.0, "Scale3D": [0.009999999776482582, 0.4000000059604645, 1.0], "Materials": ["FX_ENV_VOG.Materials.Angel_Echo_INST"]}}, {"Common_Meshes.Blocking.Blocking_Cube": {"Rename": "Invisible Wall 11", "Tags": [], "Metadata": "", "Location": [24412.8046875, 14228.978515625, 3286.822021484375], "Rotation": [0, -10600, 0], "Scale": 3.0, "Scale3D": [0.009999999776482582, 0.5, 1.0], "Materials": ["FX_ENV_VOG.Materials.Angel_Echo_INST"]}}, {"Common_Meshes.Blocking.Blocking_Cube": {"Rename": "Invisible Wall 12", "Tags": [], "Metadata": "", "Location": [24672.8046875, 14348.978515625, 3116.822021484375], "Rotation": [0, -16600, 0], "Scale": 3.0, "Scale3D": [0.009999999776482582, 1.0, 1.2000000476837158], "Materials": ["FX_ENV_VOG.Materials.Angel_Echo_INST"]}}, {"Common_Meshes.Blocking.Blocking_Cube": {"Rename": "Invisible Wall 13", "Tags": [], "Metadata": "", "Location": [25312.8046875, 14298.978515625, 2626.822021484375], "Rotation": [0, -8600, 0], "Scale": 3.0, "Scale3D": [0.009999999776482582, 2.4000000953674316, 1.899999976158142], "Materials": ["FX_ENV_VOG.Materials.Angel_Echo_INST"]}}, {"Common_Meshes.Blocking.Blocking_Cube": {"Rename": "Invisible Wall 14", "Tags": [], "Metadata": "", "Location": [26017.8046875, 14886.978515625, 2626.822021484375], "Rotation": [0, -20500, 0], "Scale": 3.0, "Scale3D": [0.009999999776482582, 0.6399999856948853, 1.149999976158142], "Materials": ["FX_ENV_VOG.Materials.Angel_Echo_INST"]}}, {"Prop_Panels.HullPanel": {"Rename": "", "Tags": [], "Metadata": "", "Location": [23005.404296875, 12518.0, 3938.0], "Rotation": [0, 1000, 0], "Scale": 0.5, "Scale3D": [1.0, 1.0, 1.0], "Materials": []}}, {"EngineMeshes.Sphere": {"Rename": "Pressure Plate", "Tags": ["Pressure Plate"], "Metadata": "", "Location": [28100.68359375, 17339.4296875, 1725.0], "Rotation": [1000, 11000, 0], "Scale": 0.5, "Scale3D": [1.0, 1.0, 0.0010000000474974513], "Materials": ["Anemone_GunMaterials.Materials.SMG.Mati_Tediore_6_Infection_Cleaner"]}}, {"Char_Anem_ButtStallion.Mesh.ButtStallion": {"Rename": "", "Tags": [], "Metadata": "", "Location": [28136.41015625, 17337.91796875, 1728.0], "Rotation": [-1000, -19000, -16800], "Scale": 0.5, "Scale3D": [1.0, 0.0010000000474974513, 1.0], "Materials": []}}], "InteractiveObjectDefinition": [{"GD_Balance_Treasure.ChestGrades.ObjectGrade_TreasureChest": {"Rename": "", "Tags": [], "Metadata": "", "Location": [27409.966796875, 12820.0029296875, 1471.2130126953125], "Rotation": [0, 23800, 0], "Scale": 1.0, "Scale3D": [1.0, 1.0, 1.0], "Materials": ["Iris_DL3_P.TheWorld:PersistentLevel.WillowInteractiveObject_349.SkeletalMeshComponent_1735.MaterialInstanceConstant_1962"]}}, {"GD_Balance_Treasure.ChestGrades.ObjectGrade_TreasureChest": {"Rename": "", "Tags": [], "Metadata": "", "Location": [27927.544921875, 16649.591796875, 1572.0350341796875], "Rotation": [1300, 31100, 1900], "Scale": 1.0, "Scale3D": [1.0, 1.0, 1.0], "Materials": ["Iris_DL3_P.TheWorld:PersistentLevel.WillowInteractiveObject_350.SkeletalMeshComponent_1736.MaterialInstanceConstant_1963"]}}, {"GD_Balance_Treasure.ChestGrades.ObjectGrade_TreasureChest": {"Rename": "", "Tags": [], "Metadata": "", "Location": [29985.439453125, 13087.5078125, 935.8670043945312], "Rotation": [0, 0, 0], "Scale": 1.0, "Scale3D": [1.0, 1.0, 1.0], "Materials": ["Iris_DL3_P.TheWorld:PersistentLevel.WillowInteractiveObject_351.SkeletalMeshComponent_1737.MaterialInstanceConstant_1964"]}}, {"GD_Balance_Treasure.ChestGrades.ObjectGrade_TreasureChest": {"Rename": "", "Tags": [], "Metadata": "", "Location": [24489.578125, 13066.8935546875, 3327.89111328125], "Rotation": [0, -9200, 0], "Scale": 1.0, "Scale3D": [1.0, 1.0, 1.0], "Materials": ["Iris_DL3_P.TheWorld:PersistentLevel.WillowInteractiveObject_352.SkeletalMeshComponent_1738.MaterialInstanceConstant_1965"]}}, {"GD_Balance_Treasure.ChestGrades.ObjectGrade_TreasureChest": {"Rename": "", "Tags": [], "Metadata": "", "Location": [28980.033203125, 10432.92578125, 2863.951904296875], "Rotation": [0, 16400, 0], "Scale": 1.0, "Scale3D": [1.0, 1.0, 1.0], "Materials": ["Iris_DL3_P.TheWorld:PersistentLevel.WillowInteractiveObject_353.SkeletalMeshComponent_1739.MaterialInstanceConstant_1966"]}}, {"GD_LevelChallenges.InteractiveObjects.IO_VaultRoy": {"Rename": "Vault Symbol Reward", "Tags": ["Vault Symbol Reward"], "Metadata": "", "Location": [23773.546875, 10828.794921875, 2793.48095703125], "Rotation": [-2000, -26000, 0], "Scale": 1.0, "Scale3D": [1.0, 1.0, 1.0], "Materials": []}}]}}}