{"southernshelf_p": {"Create": {"StaticMesh": [{"Prop_Fences.Meshes.BanditCover_01": {"Rename": "", "Tags": [], "Metadata": "", "Location": [41556.18359375, -26662.861328125, 605.8359985351562], "Rotation": [-900, 23300, 0], "Scale": 3.0, "Scale3D": [1.0, 1.0, 1.0], "Materials": []}}, {"prop_gates.Meshes.CorrugatedGateHoles": {"Rename": "", "Tags": [], "Metadata": "", "Location": [43173.1796875, -29477.44140625, 1180.89404296875], "Rotation": [0, 16600, 0], "Scale": 1.0800000429153442, "Scale3D": [1.190000057220459, 1.0, 1.0], "Materials": []}}, {"prop_gates.Meshes.CorrugatedGateHoles": {"Rename": "", "Tags": [], "Metadata": "", "Location": [42627.1796875, -29477.44140625, 1180.89404296875], "Rotation": [0, -16700, 0], "Scale": 1.0800000429153442, "Scale3D": [1.190000057220459, 1.0, 1.0], "Materials": []}}, {"Prop_Walkways.Woodenwalkway_04": {"Rename": "", "Tags": [], "Metadata": "", "Location": [0.0, 0.0, 0.0], "Rotation": [0, 0, 0], "Scale": 1.0, "Scale3D": [1.0, 1.0, 1.0], "Materials": []}}, {"Prop_Walkways.Woodenwalkway_04": {"Rename": "", "Tags": [], "Metadata": "", "Location": [0.0, 0.0, 0.0], "Rotation": [0, 0, 0], "Scale": 1.0, "Scale3D": [1.0, 1.0, 1.0], "Materials": []}}, {"Prop_Walkways.Woodenwalkway_04": {"Rename": "", "Tags": [], "Metadata": "", "Location": [0.0, 0.0, 0.0], "Rotation": [0, 0, 0], "Scale": 1.0, "Scale3D": [1.0, 1.0, 1.0], "Materials": []}}, {"Prop_Walkways.Woodenwalkway_04": {"Rename": "", "Tags": [], "Metadata": "", "Location": [0.0, 0.0, 0.0], "Rotation": [0, 0, 0], "Scale": 1.0, "Scale3D": [1.0, 1.0, 1.0], "Materials": []}}, {"Prop_Walkways.Woodenwalkway_04": {"Rename": "", "Tags": [], "Metadata": "", "Location": [0.0, 0.0, 0.0], "Rotation": [0, 0, 0], "Scale": 1.0, "Scale3D": [1.0, 1.0, 1.0], "Materials": []}}, {"Prop_Walkways.Woodenwalkway_04": {"Rename": "", "Tags": [], "Metadata": "", "Location": [0.0, 0.0, 0.0], "Rotation": [0, 0, 0], "Scale": 1.0, "Scale3D": [1.0, 1.0, 1.0], "Materials": []}}, {"Prop_Walkways.Woodenwalkway_04": {"Rename": "", "Tags": [], "Metadata": "", "Location": [0.0, 0.0, 0.0], "Rotation": [0, 0, 0], "Scale": 1.0, "Scale3D": [1.0, 1.0, 1.0], "Materials": []}}, {"Prop_Walkways.Woodenwalkway_04": {"Rename": "", "Tags": [], "Metadata": "", "Location": [0.0, 0.0, 0.0], "Rotation": [0, 0, 0], "Scale": 1.0, "Scale3D": [1.0, 1.0, 1.0], "Materials": []}}, {"prop_gates.Meshes.CorrugatedGateHoles": {"Rename": "", "Tags": [], "Metadata": "", "Location": [40629.66796875, -33397.35546875, 1544.7750244140625], "Rotation": [0, -12000, 2000], "Scale": 1.0, "Scale3D": [0.8999999761581421, 1.0, 1.0], "Materials": []}}, {"prop_gates.Meshes.CorrugatedGate": {"Rename": "", "Tags": [], "Metadata": "", "Location": [41906.69921875, -35786.05859375, 1624.9736328125], "Rotation": [0, -11000, 0], "Scale": 1.0, "Scale3D": [1.0, 1.0, 1.0], "Materials": []}}, {"prop_gates.Meshes.CorrugatedGate": {"Rename": "", "Tags": [], "Metadata": "", "Location": [42546.69921875, -37036.05859375, 1574.9739990234375], "Rotation": [-1000, -12000, 0], "Scale": 1.0, "Scale3D": [1.0, 1.0, 1.0], "Materials": []}}, {"prop_gates.Meshes.CorrugatedGate": {"Rename": "", "Tags": [], "Metadata": "", "Location": [43166.69921875, -38316.05859375, 1444.9739990234375], "Rotation": [-1000, -12000, 0], "Scale": 1.0, "Scale3D": [1.0, 1.0, 1.0], "Materials": []}}, {"prop_gates.Meshes.CorrugatedGate": {"Rename": "", "Tags": [], "Metadata": "", "Location": [44076.69921875, -39536.05859375, 1224.9739990234375], "Rotation": [-2000, -7500, 0], "Scale": 1.2000000476837158, "Scale3D": [1.0, 1.0, 1.0], "Materials": []}}, {"Prop_Barricades.PanelBarricade_04": {"Rename": "", "Tags": [], "Metadata": "", "Location": [48028.9296875, -35222.21875, 1394.125], "Rotation": [3300, 15500, 0], "Scale": 1.8200000524520874, "Scale3D": [1.0, 1.0, 1.0], "Materials": []}}, {"Prop_Panels.MetalPanel_04": {"Rename": "", "Tags": [], "Metadata": "", "Location": [41416.5, -35252.0390625, 1675.093017578125], "Rotation": [-14000, 5000, 0], "Scale": 1.899999976158142, "Scale3D": [0.4000000059604645, 1.0, 1.0], "Materials": []}}, {"Prop_Panels.MetalPanel_06": {"Rename": "", "Tags": [], "Metadata": "", "Location": [40441.03515625, -35088.55859375, 1703.884033203125], "Rotation": [0, -11500, 0], "Scale": 2.4100000858306885, "Scale3D": [1.0, 1.0, 1.0], "Materials": []}}, {"Prop_Panels.PlywoodPanel": {"Rename": "", "Tags": [], "Metadata": "", "Location": [40317.85546875, -34590.87890625, 1719.2550048828125], "Rotation": [16800, -8200, 2400], "Scale": 1.3700000047683716, "Scale3D": [1.0, 1.0, 1.0], "Materials": []}}, {"Prop_Panels.PlywoodPanel": {"Rename": "", "Tags": [], "Metadata": "", "Location": [40795.98828125, -35521.8125, 1707.864990234375], "Rotation": [-16300, 21200, 0], "Scale": 1.4500000476837158, "Scale3D": [1.0, 1.0, 1.0], "Materials": []}}, {"Prop_Signs_02.Meshes.CardboardSign": {"Rename": "", "Tags": [], "Metadata": "", "Location": [42221.84765625, -30835.70703125, 1103.9820556640625], "Rotation": [0, -27000, -2900], "Scale": 1.8600000143051147, "Scale3D": [1.0, 1.0, 1.0], "Materials": []}}, {"Prop_Panels.Meshes.BanditPanel_01": {"Rename": "", "Tags": [], "Metadata": "", "Location": [43710.890625, -30586.912109375, 1121.970947265625], "Rotation": [700, 1700, 17100], "Scale": 1.0, "Scale3D": [1.0, 1.0, 1.0], "Materials": []}}, {"Prop_Panels.Meshes.BanditPanel_01": {"Rename": "", "Tags": [], "Metadata": "", "Location": [43554.296875, -28574.310546875, 949.68798828125], "Rotation": [0, -16400, 0], "Scale": 1.100000023841858, "Scale3D": [1.0, 1.0, 2.5], "Materials": []}}, {"prop_gates.Meshes.CorrugatedGate": {"Rename": "", "Tags": [], "Metadata": "", "Location": [43058.19140625, -25595.560546875, 1103.008056640625], "Rotation": [0, 0, 0], "Scale": 1.7999999523162842, "Scale3D": [1.0, 1.0, 1.0], "Materials": []}}, {"Prop_Panels.MetalPanel_06": {"Rename": "", "Tags": [], "Metadata": "", "Location": [44404.2109375, -28605.2109375, 996.7210083007812], "Rotation": [0, 0, 0], "Scale": 3.4100000858306885, "Scale3D": [0.800000011920929, 1.0, 1.0], "Materials": []}}, {"Prop_Panels.MetalPanel_06": {"Rename": "", "Tags": [], "Metadata": "", "Location": [45488.2109375, -28391.2109375, 1247.720947265625], "Rotation": [0, 2500, 0], "Scale": 3.4100000858306885, "Scale3D": [0.800000011920929, 1.0, 1.7300000190734863], "Materials": []}}, {"Prop_Tools.ChainLinkLong": {"Rename": "", "Tags": [], "Metadata": "", "Location": [43965.0, -38356.55859375, 2266.77490234375], "Rotation": [0, 0, 0], "Scale": 1.5, "Scale3D": [1.0, 1.0, 1.0], "Materials": []}}, {"Prop_Walkways.CatwalkSingle": {"Rename": "", "Tags": [], "Metadata": "", "Location": [43966.3125, -38357.8828125, 1960.83203125], "Rotation": [0, 0, 0], "Scale": 1.5, "Scale3D": [1.0, 1.0, 0.20000000298023224], "Materials": []}}, {"Prop_Tools.ChainLinkLong": {"Rename": "", "Tags": [], "Metadata": "", "Location": [43965.0, -38356.55859375, 2256.77490234375], "Rotation": [-33000, -8500, 7500], "Scale": 1.5, "Scale3D": [1.0, 1.0, 1.850000023841858], "Materials": []}}, {"Prop_Tools.ChainLinkLong": {"Rename": "", "Tags": [], "Metadata": "", "Location": [43965.0, -38356.55859375, 2256.77490234375], "Rotation": [-33000, -24800, 7500], "Scale": 1.5, "Scale3D": [1.0, 1.0, 1.850000023841858], "Materials": []}}, {"Prop_Tools.ChainLinkLong": {"Rename": "", "Tags": [], "Metadata": "", "Location": [43965.0, -38356.55859375, 2256.77490234375], "Rotation": [-33000, -41200, 7500], "Scale": 1.5, "Scale3D": [1.0, 1.0, 1.850000023841858], "Materials": []}}, {"Prop_Tools.ChainLinkLong": {"Rename": "", "Tags": [], "Metadata": "", "Location": [43965.0, -38356.55859375, 2256.77490234375], "Rotation": [-33000, 8000, 7500], "Scale": 1.5, "Scale3D": [1.0, 1.0, 1.850000023841858], "Materials": []}}, {"Prop_Water.Buoy": {"Rename": "", "Tags": [], "Metadata": "", "Location": [43965.0, -38357.0, 2257.25], "Rotation": [16400, 0, 0], "Scale": 0.4000000059604645, "Scale3D": [0.20000000298023224, 1.5, 1.5], "Materials": []}}, {"Prop_HyperionArchitecture.Mesh.DropzoneWall": {"Rename": "", "Tags": [], "Metadata": "", "Location": [43969.5546875, -38354.7578125, 2483.014892578125], "Rotation": [-34800, 5500, 0], "Scale": 0.009999999776482582, "Scale3D": [1.090000033378601, 10.770000457763672, 1.3300000429153442], "Materials": ["None"]}}, {"Prop_Icicles.Mesh.IcicleMultiple": {"Rename": "", "Tags": [], "Metadata": "", "Location": [43825.5078125, -38172.07421875, 1960.02294921875], "Rotation": [0, 0, 0], "Scale": 0.28999999165534973, "Scale3D": [1.0, 1.0, 1.0], "Materials": ["None"]}}, {"Prop_Details.Meshes.BeerBottle": {"Rename": "Side Object 1", "Tags": ["Side Object 1"], "Metadata": "", "Location": [44263.70703125, -25689.564453125, 1252.0], "Rotation": [0, 0, 0], "Scale": 2.0, "Scale3D": [1.0, 1.0, 1.0], "Materials": []}}, {"Prop_Details.Meshes.BeerBottle": {"Rename": "Side Object 2", "Tags": ["Side Object 2"], "Metadata": "", "Location": [43711.46875, -30761.404296875, 987.0], "Rotation": [0, 0, 0], "Scale": 2.0, "Scale3D": [1.0, 1.0, 1.0], "Materials": []}}, {"Prop_Details.Meshes.BeerBottle": {"Rename": "Side Object 3", "Tags": ["Side Object 3"], "Metadata": "", "Location": [47485.03515625, -35911.46484375, 1302.0], "Rotation": [0, -26000, 0], "Scale": 2.0, "Scale3D": [1.0, 1.0, 1.0], "Materials": []}}, {"Prop_Details.Meshes.BeerBottle": {"Rename": "Side Object 4", "Tags": ["Side Object 4"], "Metadata": "", "Location": [43568.3828125, -35467.95703125, -8889.0], "Rotation": [2000, -31000, 0], "Scale": 30.0, "Scale3D": [1.0, 1.0, 1.0], "Materials": []}}], "InteractiveObjectDefinition": [{"GD_Balance_Treasure.ChestGrades.ObjectGrade_TreasureChest": {"Rename": "", "Tags": [], "Metadata": "", "Location": [41979.7109375, -27627.17578125, 680.72802734375], "Rotation": [1000, -7100, -1500], "Scale": 1.0, "Scale3D": [1.0, 1.0, 1.0], "Materials": ["SouthernShelf_P.TheWorld:PersistentLevel.WillowInteractiveObject_1007.SkeletalMeshComponent_4192.MaterialInstanceConstant_4289"]}}, {"GD_Balance_Treasure.ChestGrades.ObjectGrade_TreasureChest": {"Rename": "", "Tags": [], "Metadata": "", "Location": [45088.73046875, -27273.328125, 1661.0899658203125], "Rotation": [0, 16000, 0], "Scale": 1.0, "Scale3D": [1.0, 1.0, 1.0], "Materials": ["SouthernShelf_P.TheWorld:PersistentLevel.WillowInteractiveObject_1008.SkeletalMeshComponent_4193.MaterialInstanceConstant_4290"]}}, {"GD_Balance_Treasure.ChestGrades.ObjectGrade_TreasureChest": {"Rename": "", "Tags": [], "Metadata": "", "Location": [44536.3046875, -28290.451171875, 758.0040283203125], "Rotation": [0, -16000, -500], "Scale": 1.0, "Scale3D": [1.0, 1.0, 1.0], "Materials": ["SouthernShelf_P.TheWorld:PersistentLevel.WillowInteractiveObject_1009.SkeletalMeshComponent_4194.MaterialInstanceConstant_4291"]}}, {"GD_Balance_Treasure.ChestGrades.ObjectGrade_TreasureChest": {"Rename": "", "Tags": [], "Metadata": "", "Location": [43899.83984375, -32667.8359375, 888.5700073242188], "Rotation": [-1000, 8000, 0], "Scale": 1.0, "Scale3D": [1.0, 1.0, 1.0], "Materials": ["SouthernShelf_P.TheWorld:PersistentLevel.WillowInteractiveObject_1010.SkeletalMeshComponent_4195.MaterialInstanceConstant_4292"]}}, {"GD_Balance_Treasure.ChestGrades.ObjectGrade_TreasureChest": {"Rename": "", "Tags": [], "Metadata": "", "Location": [40662.78515625, -35142.15234375, 1489.0040283203125], "Rotation": [0, -11000, 0], "Scale": 1.0, "Scale3D": [1.0, 1.0, 1.0], "Materials": ["SouthernShelf_P.TheWorld:PersistentLevel.WillowInteractiveObject_1011.SkeletalMeshComponent_4196.MaterialInstanceConstant_4293"]}}, {"GD_Balance_Treasure.ChestGrades.ObjectGrade_TreasureChest": {"Rename": "", "Tags": [], "Metadata": "", "Location": [43962.2109375, -38406.2265625, 1962.1070556640625], "Rotation": [0, 0, 0], "Scale": 1.0, "Scale3D": [1.0, 1.0, 1.0], "Materials": ["SouthernShelf_P.TheWorld:PersistentLevel.WillowInteractiveObject_1012.SkeletalMeshComponent_4197.MaterialInstanceConstant_4294"]}}]}}}