{"southpawfactory_p": {"Create": {"StaticMesh": [{"Env_Interlude.Mesh.GarageDoor": {"Rename": "", "Tags": [], "Metadata": "", "Location": [-3252.297119140625, 26686.2890625, -5690.72802734375], "Rotation": [0, 0, 0], "Scale": 2.0399999618530273, "Scale3D": [2.5899999141693115, 1.0, 1.0], "Materials": []}}, {"prop_doors.NewHavenDoor": {"Rename": "", "Tags": [], "Metadata": "", "Location": [-3790.825927734375, 21351.490234375, -6151.828125], "Rotation": [0, 0, 0], "Scale": 0.9200000166893005, "Scale3D": [1.2899999618530273, 1.2000000476837158, 1.2000000476837158], "Materials": []}}, {"Prop_Armor.Meshes.BanditArmorSetBMask": {"Rename": "", "Tags": [], "Metadata": "", "Location": [-2556.91796875, 26758.68359375, -5414.19677734375], "Rotation": [-5300, -16400, 0], "Scale": 2.0, "Scale3D": [2.0, 2.0, 2.0], "Materials": []}}, {"Prop_Flags.Meshes.BanditFlag_05": {"Rename": "", "Tags": [], "Metadata": "", "Location": [-4325.36376953125, 26794.75390625, -5053.56005859375], "Rotation": [0, 0, 0], "Scale": 3.0, "Scale3D": [1.0, 1.0, 0.6600000262260437], "Materials": []}}, {"prop_signs.Meshes.WarningSign_16": {"Rename": "", "Tags": [], "Metadata": "", "Location": [-3696.139892578125, 26817.4609375, -5281.0751953125], "Rotation": [-1600, 0, 0], "Scale": 2.0, "Scale3D": [1.5, 1.5, 1.5], "Materials": []}}, {"Prop_Corpses.Meshes.DeadBandit_03b": {"Rename": "", "Tags": [], "Metadata": "", "Location": [-2095.261962890625, 26123.708984375, -5760.23291015625], "Rotation": [0, 16400, 0], "Scale": 1.0, "Scale3D": [1.0, 1.0, 1.0], "Materials": []}}, {"Prop_Panels.CorrugatePanel_02": {"Rename": "", "Tags": [], "Metadata": "", "Location": [-4288.21923828125, 23369.4453125, -6275.94482421875], "Rotation": [0, 2300, 0], "Scale": 3.0, "Scale3D": [0.75, 0.75, 0.03999999910593033], "Materials": []}}, {"prop_signs.Meshes.WantedPoster_Axton": {"Rename": "", "Tags": [], "Metadata": "", "Location": [-4222.83984375, 23202.533203125, -6273.94482421875], "Rotation": [0, -34900, -16400], "Scale": 1.0, "Scale3D": [1.0, 1.0, 1.0], "Materials": []}}, {"Prop_Panels.DiamondPlate": {"Rename": "", "Tags": [], "Metadata": "", "Location": [-3993.760986328125, 22364.814453125, -6845.7958984375], "Rotation": [16400, 0, 0], "Scale": 1.0700000524520874, "Scale3D": [1.0, 1.0, 1.0], "Materials": []}}, {"Char_Bandit_Psycho.Mesh.BanditPsychoMask": {"Rename": "Side Object 1", "Tags": ["Side Object 1"], "Metadata": "", "Location": [-4650.57421875, 25142.837890625, -6900.37890625], "Rotation": [0, -26800, -7700], "Scale": 2.0, "Scale3D": [1.0, 1.0, 1.0], "Materials": []}}, {"Char_Bandit_Psycho.Mesh.BanditPsychoMask": {"Rename": "Side Object 2", "Tags": ["Side Object 2"], "Metadata": "", "Location": [-2547.8330078125, 22543.828125, -6309.9521484375], "Rotation": [0, -57800, -7700], "Scale": 2.0, "Scale3D": [1.0, 1.0, 1.0], "Materials": []}}, {"Char_Bandit_Psycho.Mesh.BanditPsychoMask": {"Rename": "Side Object 3", "Tags": ["Side Object 3"], "Metadata": "", "Location": [-4835.35107421875, 26572.177734375, -5383.8232421875], "Rotation": [0, 37700, -5400], "Scale": 2.0, "Scale3D": [1.0, 1.0, 1.0], "Materials": []}}, {"Char_Bandit_Psycho.Mesh.BanditPsychoMask": {"Rename": "Side Object 4", "Tags": ["Side Object 4"], "Metadata": "", "Location": [-4103.185546875, 25872.126953125, -15642.0], "Rotation": [0, -16400, -7000], "Scale": 20.0, "Scale3D": [1.0, 1.0, 1.0], "Materials": []}}], "InteractiveObjectDefinition": [{"GD_Balance_Treasure.ChestGrades.ObjectGrade_TreasureChest": {"Rename": "", "Tags": [], "Metadata": "", "Location": [-4274.4140625, 21523.25390625, -6157.19287109375], "Rotation": [0, 0, 0], "Scale": 1.0, "Scale3D": [1.0, 1.0, 1.0], "Materials": ["SouthpawFactory_P.TheWorld:PersistentLevel.WillowInteractiveObject_1340.SkeletalMeshComponent_5800.MaterialInstanceConstant_5976"]}}, {"GD_Balance_Treasure.ChestGrades.ObjectGrade_TreasureChest": {"Rename": "", "Tags": [], "Metadata": "", "Location": [-2768.60791015625, 24769.197265625, -6812.0751953125], "Rotation": [0, 23900, 0], "Scale": 1.0, "Scale3D": [1.0, 1.0, 1.0], "Materials": ["SouthpawFactory_P.TheWorld:PersistentLevel.WillowInteractiveObject_1341.SkeletalMeshComponent_5801.MaterialInstanceConstant_5977"]}}, {"GD_Balance_Treasure.ChestGrades.ObjectGrade_TreasureChest": {"Rename": "", "Tags": [], "Metadata": "", "Location": [-5133.7939453125, 25209.89453125, -5762.8330078125], "Rotation": [0, 0, 0], "Scale": 1.0, "Scale3D": [1.0, 1.0, 1.0], "Materials": ["SouthpawFactory_P.TheWorld:PersistentLevel.WillowInteractiveObject_1342.SkeletalMeshComponent_5802.MaterialInstanceConstant_5978"]}}, {"GD_Balance_Treasure.ChestGrades.ObjectGrade_TreasureChest": {"Rename": "", "Tags": [], "Metadata": "", "Location": [-2208.764892578125, 26305.74609375, -5762.68896484375], "Rotation": [0, 16400, 0], "Scale": 1.0, "Scale3D": [1.0, 1.0, 1.0], "Materials": ["SouthpawFactory_P.TheWorld:PersistentLevel.WillowInteractiveObject_1343.SkeletalMeshComponent_5803.MaterialInstanceConstant_5979"]}}, {"GD_Balance_Treasure.ChestGrades.ObjectGrade_TreasureChest": {"Rename": "", "Tags": [], "Metadata": "", "Location": [-4340.51611328125, 23485.16796875, -6274.21923828125], "Rotation": [0, -27500, 0], "Scale": 1.0, "Scale3D": [1.0, 1.0, 1.0], "Materials": ["SouthpawFactory_P.TheWorld:PersistentLevel.WillowInteractiveObject_1344.SkeletalMeshComponent_5804.MaterialInstanceConstant_5980"]}}]}}}