{"southpawfactory_p": {"Create": {"StaticMesh": [{"Prop_Armor.Meshes.BanditGrate": {"Rename": "", "Tags": [], "Metadata": "", "Location": [284.1090087890625, 31372.19140625, -5508.29296875], "Rotation": [0, 0, -32800], "Scale": 2.640000104904175, "Scale3D": [12.25, 12.25, 14.979999542236328], "Materials": []}}, {"Prop_Crate.Meshes.AmmoCrateLid": {"Rename": "", "Tags": [], "Metadata": "", "Location": [-1660.157958984375, 31729.828125, -5774.119140625], "Rotation": [0, 0, 0], "Scale": 0.8799999952316284, "Scale3D": [3.0299999713897705, 2.799999952316284, 2.0], "Materials": []}}, {"Env_Interlude.Mesh.GarageDoor": {"Rename": "", "Tags": [], "Metadata": "", "Location": [-3101.847900390625, 26677.384765625, -5734.759765625], "Rotation": [0, 0, 0], "Scale": 2.1700000762939453, "Scale3D": [2.240000009536743, 1.0, 1.0], "Materials": []}}, {"Prop_HyperionArchitecture.Mesh.HyperionTrim03": {"Rename": "", "Tags": [], "Metadata": "", "Location": [-2338.837890625, 32009.591796875, -5589.1728515625], "Rotation": [32800, 32800, 0], "Scale": 4.0, "Scale3D": [0.10000000149011612, 0.800000011920929, 0.5], "Materials": []}}, {"Prop_HyperionArchitecture.Mesh.HyperionTrim03": {"Rename": "", "Tags": [], "Metadata": "", "Location": [-2718.837890625, 33039.59375, -5589.1728515625], "Rotation": [32800, 16400, 0], "Scale": 4.0, "Scale3D": [0.10000000149011612, 0.699999988079071, 0.5], "Materials": []}}, {"Prop_HyperionArchitecture.Mesh.HyperionTrim03": {"Rename": "", "Tags": [], "Metadata": "", "Location": [-1468.8380126953125, 33709.59375, -5589.1728515625], "Rotation": [32800, 0, 0], "Scale": 4.0, "Scale3D": [0.30000001192092896, 0.699999988079071, 0.5], "Materials": []}}, {"Env_Caverns.Meshes.Dahl_ConcWalk": {"Rename": "", "Tags": [], "Metadata": "", "Location": [-1778.9210205078125, 34077.0703125, -4870.126953125], "Rotation": [16400, 0, 0], "Scale": 1.9199999570846558, "Scale3D": [1.0, 1.0, 1.0], "Materials": ["Env_Fridge.Materials.Mati_Dahl04_Fridge"]}}, {"Env_Caverns.Meshes.Dahl_ConcWalk": {"Rename": "", "Tags": [], "Metadata": "", "Location": [-2555.455078125, 33552.21484375, -4864.2001953125], "Rotation": [-16400, 0, 0], "Scale": 1.9600000381469727, "Scale3D": [1.0, 1.5099999904632568, 1.0], "Materials": ["Env_Fridge.Materials.Mati_Dahl04_Fridge"]}}, {"Env_Caverns.Meshes.Dahl_ConcWalk": {"Rename": "", "Tags": [], "Metadata": "", "Location": [-2282.41796875, 33698.2421875, -4913.826171875], "Rotation": [16400, 16400, 0], "Scale": 1.0, "Scale3D": [1.7000000476837158, 1.0, 1.0], "Materials": ["Env_Fridge.Materials.Mati_Dahl04_Fridge"]}}, {"Env_Caverns.Meshes.Dahl_ConcWalk": {"Rename": "", "Tags": [], "Metadata": "", "Location": [-1788.35595703125, 32430.59765625, -5023.13623046875], "Rotation": [16400, 0, 0], "Scale": 1.0, "Scale3D": [1.600000023841858, 1.0, 1.0], "Materials": ["Env_Fridge.Materials.Mati_Dahl04_Fridge"]}}, {"Env_Caverns.Meshes.Dahl_ConcWalk": {"Rename": "", "Tags": [], "Metadata": "", "Location": [-1361.708984375, 33446.7421875, -6738.31396484375], "Rotation": [21000, 0, 0], "Scale": 1.0, "Scale3D": [2.0, 4.800000190734863, 0.009999999776482582], "Materials": ["Env_Fridge.Materials.Mati_Dahl04_Fridge"]}}, {"Env_Caverns.Meshes.Dahl_ConcWalk": {"Rename": "", "Tags": [], "Metadata": "", "Location": [-3009.0, 33446.7421875, -6788.31396484375], "Rotation": [21000, 32800, 0], "Scale": 1.0, "Scale3D": [2.0, 4.800000190734863, 0.009999999776482582], "Materials": ["Env_Fridge.Materials.Mati_Dahl04_Fridge"]}}, {"Prop_SancBuildings_02.Meshes.SancBuildPillar_01c": {"Rename": "", "Tags": [], "Metadata": "", "Location": [-1638.7750244140625, 32952.375, -5946.73681640625], "Rotation": [23000, 0, 0], "Scale": 1.2999999523162842, "Scale3D": [2.0, 2.0, 2.0], "Materials": []}}, {"prop_signs.Meshes.HardHatSign": {"Rename": "", "Tags": [], "Metadata": "", "Location": [-4301.80029296875, 26835.943359375, -5162.95068359375], "Rotation": [-3700, -32800, 0], "Scale": 4.0, "Scale3D": [1.0, 1.0, 1.0], "Materials": []}}, {"Prop_Flags.Meshes.BanditFlag_02": {"Rename": "", "Tags": [], "Metadata": "", "Location": [-2858.791015625, 26845.111328125, -4794.14599609375], "Rotation": [0, 0, 0], "Scale": 3.0, "Scale3D": [1.0, 1.0, 1.0], "Materials": ["Prop_Flags.Materials.Mati_BanditFlat"]}}, {"Prop_Panels.DiamondPlate": {"Rename": "", "Tags": [], "Metadata": "", "Location": [-5553.25, 29677.310546875, -4975.0439453125], "Rotation": [16400, 0, 0], "Scale": 1.0, "Scale3D": [1.0, 1.0, 1.0], "Materials": []}}, {"Prop_Crate.Meshes.AmmoCrate": {"Rename": "", "Tags": [], "Metadata": "", "Location": [-3368.889892578125, 30744.4375, -5586.7548828125], "Rotation": [0, 0, -300], "Scale": 1.0, "Scale3D": [1.0, 1.0, 1.0], "Materials": []}}, {"Prop_Tools.OilCan": {"Rename": "Side Object 1", "Tags": ["Side Object 1"], "Metadata": "", "Location": [-3679.34912109375, 30272.541015625, -5469.27880859375], "Rotation": [0, -8600, 0], "Scale": 1.0, "Scale3D": [1.0, 1.0, 1.0], "Materials": []}}, {"Prop_Tools.OilCan": {"Rename": "Side Object 2", "Tags": ["Side Object 2"], "Metadata": "", "Location": [-2519.565185546875, 27723.18359375, -5759.33984375], "Rotation": [0, -20300, 0], "Scale": 1.0, "Scale3D": [1.0, 1.0, 1.0], "Materials": []}}, {"Prop_Tools.OilCan": {"Rename": "Side Object 3", "Tags": ["Side Object 3"], "Metadata": "", "Location": [-1473.3299560546875, 29825.1484375, -5633.0], "Rotation": [0, -20300, 0], "Scale": 1.0, "Scale3D": [1.0, 1.0, 1.0], "Materials": []}}, {"Prop_Tools.OilCan": {"Rename": "Side Object 4", "Tags": ["Side Object 4"], "Metadata": "", "Location": [-199.51699829101562, 29145.609375, -15757.0], "Rotation": [0, -20300, 0], "Scale": 7.0, "Scale3D": [1.0, 1.0, 1.0], "Materials": []}}], "InteractiveObjectDefinition": [{"GD_Balance_Treasure.ChestGrades.ObjectGrade_TreasureChest": {"Rename": "", "Tags": [], "Metadata": "", "Location": [-1966.1710205078125, 33498.7734375, -5591.0], "Rotation": [0, 26000, 0], "Scale": 1.0, "Scale3D": [1.0, 1.0, 1.0], "Materials": ["SouthpawFactory_P.TheWorld:PersistentLevel.WillowInteractiveObject_70.SkeletalMeshComponent_207.MaterialInstanceConstant_240"]}}, {"GD_Balance_Treasure.ChestGrades.ObjectGrade_TreasureChest": {"Rename": "", "Tags": [], "Metadata": "", "Location": [-2340.05908203125, 33533.31640625, -5591.0], "Rotation": [0, -27000, 0], "Scale": 1.0, "Scale3D": [1.0, 1.0, 1.0], "Materials": ["SouthpawFactory_P.TheWorld:PersistentLevel.WillowInteractiveObject_71.SkeletalMeshComponent_208.MaterialInstanceConstant_241"]}}, {"GD_Balance_Treasure.ChestGrades.ObjectGrade_TreasureChest": {"Rename": "", "Tags": [], "Metadata": "", "Location": [-2746.0048828125, 30536.568359375, -5593.0], "Rotation": [0, 16400, 0], "Scale": 1.0, "Scale3D": [1.0, 1.0, 1.0], "Materials": ["SouthpawFactory_P.TheWorld:PersistentLevel.WillowInteractiveObject_72.SkeletalMeshComponent_209.MaterialInstanceConstant_242"]}}, {"GD_Balance_Treasure.ChestGrades.ObjectGrade_TreasureChest": {"Rename": "", "Tags": [], "Metadata": "", "Location": [-4853.72119140625, 28449.953125, -5596.0], "Rotation": [0, -21400, 0], "Scale": 1.0, "Scale3D": [1.0, 1.0, 1.0], "Materials": ["SouthpawFactory_P.TheWorld:PersistentLevel.WillowInteractiveObject_73.SkeletalMeshComponent_210.MaterialInstanceConstant_243"]}}, {"GD_Balance_Treasure.ChestGrades.ObjectGrade_TreasureChest": {"Rename": "", "Tags": [], "Metadata": "", "Location": [-169.4980010986328, 28329.359375, -5760.10595703125], "Rotation": [0, 12100, 0], "Scale": 1.0, "Scale3D": [1.0, 1.0, 1.0], "Materials": ["SouthpawFactory_P.TheWorld:PersistentLevel.WillowInteractiveObject_74.SkeletalMeshComponent_211.MaterialInstanceConstant_244"]}}, {"GD_Balance_Treasure.ChestGrades.ObjectGrade_TreasureChest": {"Rename": "", "Tags": [], "Metadata": "", "Location": [105.55599975585938, 31367.56640625, -5762.81494140625], "Rotation": [0, 16400, 0], "Scale": 1.0, "Scale3D": [1.0, 1.0, 1.0], "Materials": ["SouthpawFactory_P.TheWorld:PersistentLevel.WillowInteractiveObject_75.SkeletalMeshComponent_212.MaterialInstanceConstant_245"]}}]}}}