{"southpawfactory_p": {"Create": {"StaticMesh": [{"Prop_Crate.Meshes.AmmoCrate": {"Rename": "", "Tags": [], "Metadata": "", "Location": [-6153.2421875, 24688.00390625, -6804.9912109375], "Rotation": [0, 2500, 0], "Scale": 1.0, "Scale3D": [1.0, 1.0, 1.0], "Materials": []}}, {"Prop_Crate.Meshes.AmmoCrate": {"Rename": "", "Tags": [], "Metadata": "", "Location": [-6003.2421875, 24679.00390625, -6804.9912109375], "Rotation": [0, -1400, 0], "Scale": 1.0, "Scale3D": [1.0, 1.0, 1.0], "Materials": []}}, {"Prop_Crate.Meshes.AmmoCrate": {"Rename": "", "Tags": [], "Metadata": "", "Location": [-6088.2421875, 24679.00390625, -6681.9912109375], "Rotation": [0, 200, 0], "Scale": 1.0, "Scale3D": [1.0, 1.0, 1.0], "Materials": []}}, {"Prop_Corpses.Meshes.DeadBandit_03b": {"Rename": "", "Tags": [], "Metadata": "", "Location": [-5995.3330078125, 24761.9765625, -6807.52197265625], "Rotation": [0, -2700, 0], "Scale": 1.0, "Scale3D": [1.0, 1.0, 1.0], "Materials": []}}, {"Prop_Crate.Meshes.AmmoCrateLid": {"Rename": "", "Tags": [], "Metadata": "", "Location": [-6511.2041015625, 24794.8671875, -6737.6640625], "Rotation": [0, -16400, 13800], "Scale": 0.41999998688697815, "Scale3D": [2.799999952316284, 2.799999952316284, 2.0], "Materials": []}}, {"Prop_Furniture.Chair": {"Rename": "", "Tags": [], "Metadata": "", "Location": [-6355.1259765625, 24677.109375, -6809.60009765625], "Rotation": [0, 25500, 0], "Scale": 1.0, "Scale3D": [1.0, 1.0, 1.0], "Materials": []}}, {"Prop_Details.Meshes.BeerBottle": {"Rename": "", "Tags": [], "Metadata": "", "Location": [-5953.7041015625, 24802.080078125, -6808.8330078125], "Rotation": [0, -24300, 0], "Scale": 1.0, "Scale3D": [1.0, 1.0, 1.0], "Materials": []}}, {"Prop_Details.Meshes.BeerBottle": {"Rename": "", "Tags": [], "Metadata": "", "Location": [-5934.24853515625, 24794.06640625, -6805.6748046875], "Rotation": [-16400, 19000, 0], "Scale": 1.0, "Scale3D": [1.0, 1.0, 1.0], "Materials": []}}, {"Prop_PandoraPark.Meshes.PPCage_Bottom": {"Rename": "", "Tags": [], "Metadata": "", "Location": [-4826.0, 27718.435546875, -6197.091796875], "Rotation": [0, 0, 0], "Scale": 1.2999999523162842, "Scale3D": [0.6499999761581421, 1.25, 0.6499999761581421], "Materials": []}}, {"Prop_Tools.Chains_02": {"Rename": "", "Tags": [], "Metadata": "", "Location": [-4615.0, 27714.0, -5949.42822265625], "Rotation": [0, 0, 0], "Scale": 0.4000000059604645, "Scale3D": [4.0, 4.0, 2.5], "Materials": []}}, {"Prop_Tools.Chains_02": {"Rename": "", "Tags": [], "Metadata": "", "Location": [-4820.0, 27714.0, -5949.42822265625], "Rotation": [0, 0, 0], "Scale": 0.4000000059604645, "Scale3D": [4.0, 4.0, 2.5], "Materials": []}}, {"Prop_GarageProps.Meshes.BeamBase": {"Rename": "", "Tags": [], "Metadata": "", "Location": [0.0, 0.0, 0.0], "Rotation": [0, 0, 0], "Scale": 1.0, "Scale3D": [1.0, 1.0, 1.0], "Materials": []}}, {"Prop_PlayingCards.Meshes.QueenOfSpades": {"Rename": "", "Tags": [], "Metadata": "", "Location": [-4763.7666015625, 27423.59765625, -6186.173828125], "Rotation": [0, -7500, 0], "Scale": 2.0, "Scale3D": [1.5, 1.5, 1.5], "Materials": []}}, {"FX_GOR_Mesh.Meshes.Props.SkullBundle_Anim": {"Rename": "", "Tags": [], "Metadata": "", "Location": [-4722.2109375, 27696.2265625, -6253.951171875], "Rotation": [0, 19500, 0], "Scale": 1.0, "Scale3D": [1.0, 1.0, 1.0], "Materials": []}}, {"Prop_SancBuildings.Meshes.SancBuild3SideWall": {"Rename": "", "Tags": [], "Metadata": "", "Location": [2210.7958984375, 26451.26171875, -6565.587890625], "Rotation": [0, 0, 0], "Scale": 2.6500000953674316, "Scale3D": [1.2400000095367432, 1.0, 1.0], "Materials": []}}, {"Prop_SancBuildings.Meshes.SancBuild1Vent": {"Rename": "", "Tags": [], "Metadata": "", "Location": [1878.844970703125, 26779.83984375, -6572.34423828125], "Rotation": [0, -32800, 0], "Scale": 0.5, "Scale3D": [0.75, 0.75, 0.75], "Materials": []}}, {"prop_doors.Meshes.CellBarsStationary": {"Rename": "", "Tags": [], "Metadata": "", "Location": [0.0, 0.0, 0.0], "Rotation": [0, 0, 0], "Scale": 1.0, "Scale3D": [1.0, 1.0, 1.0], "Materials": ["None"]}}, {"prop_signs.Meshes.WarningSign_12": {"Rename": "", "Tags": [], "Metadata": "", "Location": [1970.5260009765625, 26514.03125, -6272.15478515625], "Rotation": [0, -16400, 0], "Scale": 2.0, "Scale3D": [1.0, 1.0, 1.0], "Materials": []}}, {"Prop_Tires.RubberTire": {"Rename": "Side Object 1", "Tags": ["Side Object 1"], "Metadata": "", "Location": [-96.66400146484375, 27095.7734375, -6498.751953125], "Rotation": [0, 0, -13100], "Scale": 1.0, "Scale3D": [1.0, 1.0, 1.0], "Materials": []}}, {"Prop_Tires.RubberTire": {"Rename": "Side Object 2", "Tags": ["Side Object 2"], "Metadata": "", "Location": [-2375.555908203125, 29326.51953125, -7539.966796875], "Rotation": [0, 0, 0], "Scale": 1.0, "Scale3D": [1.0, 1.0, 1.0], "Materials": []}}, {"Prop_Tires.RubberTire": {"Rename": "Side Object 3", "Tags": ["Side Object 3"], "Metadata": "", "Location": [-5144.49072265625, 24438.73046875, -6185.44482421875], "Rotation": [0, 0, 12500], "Scale": 1.0, "Scale3D": [1.0, 1.0, 1.0], "Materials": []}}, {"Prop_Tires.RubberTire": {"Rename": "Side Object 4", "Tags": ["Side Object 4"], "Metadata": "", "Location": [-5964.4169921875, 25023.724609375, -16614.0], "Rotation": [0, 3200, 16400], "Scale": 3.0, "Scale3D": [1.0, 1.0, 1.0], "Materials": []}}, {"Prop_Panels.DiamondPlate": {"Rename": "", "Tags": [], "Metadata": "", "Location": [-5570.658203125, 27955.806640625, -6405.2158203125], "Rotation": [16400, 0, 0], "Scale": 1.0, "Scale3D": [1.0, 1.0, 1.0], "Materials": []}}], "InteractiveObjectDefinition": [{"GD_Balance_Treasure.ChestGrades.ObjectGrade_TreasureChest": {"Rename": "", "Tags": [], "Metadata": "", "Location": [-4666.373046875, 27542.5234375, -6187.94189453125], "Rotation": [0, 16400, 0], "Scale": 1.0, "Scale3D": [1.0, 1.0, 1.0], "Materials": ["SouthpawFactory_P.TheWorld:PersistentLevel.WillowInteractiveObject_70.SkeletalMeshComponent_206.MaterialInstanceConstant_226"]}}, {"GD_Balance_Treasure.ChestGrades.ObjectGrade_TreasureChest": {"Rename": "", "Tags": [], "Metadata": "", "Location": [-728.7490234375, 26621.40625, -6915.1220703125], "Rotation": [0, 16400, 0], "Scale": 1.0, "Scale3D": [1.0, 1.0, 1.0], "Materials": ["SouthpawFactory_P.TheWorld:PersistentLevel.WillowInteractiveObject_71.SkeletalMeshComponent_207.MaterialInstanceConstant_227"]}}, {"GD_Balance_Treasure.ChestGrades.ObjectGrade_TreasureChest": {"Rename": "", "Tags": [], "Metadata": "", "Location": [-785.4710083007812, 24787.03125, -6811.65087890625], "Rotation": [0, 13400, 0], "Scale": 1.0, "Scale3D": [1.0, 1.0, 1.0], "Materials": ["SouthpawFactory_P.TheWorld:PersistentLevel.WillowInteractiveObject_72.SkeletalMeshComponent_208.MaterialInstanceConstant_228"]}}, {"GD_Balance_Treasure.ChestGrades.ObjectGrade_TreasureChest": {"Rename": "", "Tags": [], "Metadata": "", "Location": [-4935.56396484375, 26163.6015625, -6912.98388671875], "Rotation": [0, 16400, 0], "Scale": 1.0, "Scale3D": [1.0, 1.0, 1.0], "Materials": ["SouthpawFactory_P.TheWorld:PersistentLevel.WillowInteractiveObject_73.SkeletalMeshComponent_209.MaterialInstanceConstant_229"]}}, {"GD_Balance_Treasure.ChestGrades.ObjectGrade_TreasureChest": {"Rename": "", "Tags": [], "Metadata": "", "Location": [-6582.1572265625, 25102.10546875, -6808.9970703125], "Rotation": [0, -13600, 0], "Scale": 1.0, "Scale3D": [1.0, 1.0, 1.0], "Materials": ["SouthpawFactory_P.TheWorld:PersistentLevel.WillowInteractiveObject_74.SkeletalMeshComponent_210.MaterialInstanceConstant_230"]}}, {"GD_Balance_Treasure.ChestGrades.ObjectGrade_TreasureChest": {"Rename": "", "Tags": [], "Metadata": "", "Location": [-9999999.0, -9999999.0, -9999999.0], "Rotation": [0, 16400, 0], "Scale": 0.0, "Scale3D": [1.0, 1.0, 1.0], "Materials": ["SouthpawFactory_P.TheWorld:PersistentLevel.WillowInteractiveObject_75.SkeletalMeshComponent_211.MaterialInstanceConstant_231"]}}, {"GD_Balance_Treasure.ChestGrades.ObjectGrade_TreasureChest": {"Rename": "", "Tags": [], "Metadata": "", "Location": [652.9169921875, 26886.75390625, -6560.03076171875], "Rotation": [0, -25020, 0], "Scale": 1.0, "Scale3D": [1.0, 1.0, 1.0], "Materials": ["SouthpawFactory_P.TheWorld:PersistentLevel.WillowInteractiveObject_76.SkeletalMeshComponent_212.MaterialInstanceConstant_232"]}}]}}}