{"southpawfactory_p": {"Create": {"StaticMesh": [{"Prop_Crate.Meshes.AmmoCrateLid": {"Rename": "", "Tags": [], "Metadata": "", "Location": [-8547.0927734375, 23816.125, -6338.39794921875], "Rotation": [0, 0, 0], "Scale": 1.4600000381469727, "Scale3D": [3.5899999141693115, 2.799999952316284, 2.0], "Materials": []}}, {"Prop_PandoraPark.Meshes.PPCage_Bottom": {"Rename": "", "Tags": [], "Metadata": "", "Location": [-6609.2978515625, 20073.50390625, -6111.82421875], "Rotation": [0, 0, 16400], "Scale": 4.0, "Scale3D": [0.7599999904632568, 0.5799999833106995, 0.6499999761581421], "Materials": []}}, {"Prop_PandoraPark.Meshes.PPCage_Bottom": {"Rename": "", "Tags": [], "Metadata": "", "Location": [-10632.2822265625, 19953.71875, -5017.7919921875], "Rotation": [0, 0, 0], "Scale": 1.2000000476837158, "Scale3D": [1.350000023841858, 0.6499999761581421, 0.6499999761581421], "Materials": []}}, {"Prop_Tools.Chains_02": {"Rename": "", "Tags": [], "Metadata": "", "Location": [-10240.6376953125, 19858.0, -4581.93896484375], "Rotation": [0, 0, 0], "Scale": 0.4000000059604645, "Scale3D": [4.0, 4.0, 2.0], "Materials": []}}, {"Prop_Tools.Chains_02": {"Rename": "", "Tags": [], "Metadata": "", "Location": [-10610.6376953125, 19858.0, -4581.93896484375], "Rotation": [0, 0, 0], "Scale": 0.4000000059604645, "Scale3D": [4.0, 4.0, 2.0], "Materials": []}}, {"Prop_Tools.Chains_02": {"Rename": "", "Tags": [], "Metadata": "", "Location": [-10240.6376953125, 19858.0, -4781.93896484375], "Rotation": [0, 0, 3700], "Scale": 0.4000000059604645, "Scale3D": [4.0, 4.0, 2.4000000953674316], "Materials": []}}, {"Prop_Tools.Chains_02": {"Rename": "", "Tags": [], "Metadata": "", "Location": [-10240.6376953125, 19858.0, -4781.93896484375], "Rotation": [0, 0, -3700], "Scale": 0.4000000059604645, "Scale3D": [4.0, 4.0, 2.4000000953674316], "Materials": []}}, {"Prop_Tools.Chains_02": {"Rename": "", "Tags": [], "Metadata": "", "Location": [-10610.6376953125, 19858.0, -4781.93896484375], "Rotation": [0, 0, 3700], "Scale": 0.4000000059604645, "Scale3D": [4.0, 4.0, 2.4000000953674316], "Materials": []}}, {"Prop_Tools.Chains_02": {"Rename": "", "Tags": [], "Metadata": "", "Location": [-10610.6376953125, 19858.0, -4781.93896484375], "Rotation": [0, 0, -3700], "Scale": 0.4000000059604645, "Scale3D": [4.0, 4.0, 2.4000000953674316], "Materials": []}}, {"Prop_SancBuildings_02.Meshes.SancBuildPillar_01b": {"Rename": "", "Tags": [], "Metadata": "", "Location": [-10241.0, 19858.0, -4789.0], "Rotation": [0, 16400, 0], "Scale": 0.15000000596046448, "Scale3D": [1.0, 1.0, 0.30000001192092896], "Materials": []}}, {"Prop_SancBuildings_02.Meshes.SancBuildPillar_01b": {"Rename": "", "Tags": [], "Metadata": "", "Location": [-10611.0, 19858.0, -4789.0], "Rotation": [0, 16400, 0], "Scale": 0.15000000596046448, "Scale3D": [1.0, 1.0, 0.30000001192092896], "Materials": []}}, {"prop_signs.Meshes.WantedPoster_Salvador": {"Rename": "", "Tags": [], "Metadata": "", "Location": [-10289.681640625, 19904.34765625, -5007.86181640625], "Rotation": [0, 12800, -16400], "Scale": 1.0, "Scale3D": [1.0, 1.0, 1.0099999904632568], "Materials": []}}, {"Prop_Corpses.Meshes.DeadMaleVillager_01b": {"Rename": "", "Tags": [], "Metadata": "", "Location": [-6026.1142578125, 19696.7265625, -6091.19287109375], "Rotation": [-32800, 10600, 0], "Scale": 1.0, "Scale3D": [1.0, 1.0, 1.0], "Materials": []}}, {"Prop_Walkways.Woodenwalkway_04": {"Rename": "", "Tags": [], "Metadata": "", "Location": [-6020.69091796875, 19720.990234375, -6029.80078125], "Rotation": [0, 11900, 17700], "Scale": 0.25, "Scale3D": [0.3400000035762787, 1.4800000190734863, 0.8199999928474426], "Materials": []}}, {"Prop_Farm.Meshes.WoodBucket": {"Rename": "Side Object 1", "Tags": ["Side Object 1"], "Metadata": "", "Location": [-9495.5263671875, 22334.083984375, -5900.134765625], "Rotation": [0, -12800, 0], "Scale": 2.0, "Scale3D": [1.0, 1.0, 1.0], "Materials": []}}, {"Prop_Farm.Meshes.WoodBucket": {"Rename": "Side Object 2", "Tags": ["Side Object 2"], "Metadata": "", "Location": [-5915.2021484375, 19356.53125, -5125.009765625], "Rotation": [0, 20600, 0], "Scale": 2.0, "Scale3D": [1.0, 1.0, 1.0], "Materials": []}}, {"Prop_Farm.Meshes.WoodBucket": {"Rename": "Side Object 3", "Tags": ["Side Object 3"], "Metadata": "", "Location": [-11784.4306640625, 20476.615234375, -5307.8330078125], "Rotation": [0, -9400, 0], "Scale": 2.0, "Scale3D": [1.0, 1.0, 1.0], "Materials": []}}, {"Prop_Farm.Meshes.WoodBucket": {"Rename": "Side Object 4", "Tags": ["Side Object 4"], "Metadata": "", "Location": [-8869.3681640625, 18848.1953125, -16108.0], "Rotation": [0, -41800, 0], "Scale": 10.0, "Scale3D": [1.0, 1.0, 1.0], "Materials": []}}], "InteractiveObjectDefinition": [{"GD_Balance_Treasure.ChestGrades.ObjectGrade_TreasureChest": {"Rename": "", "Tags": [], "Metadata": "", "Location": [-10424.4814453125, 19819.16796875, -5008.48681640625], "Rotation": [0, 0, 0], "Scale": 1.0, "Scale3D": [1.0, 1.0, 1.0], "Materials": ["SouthpawFactory_P.TheWorld:PersistentLevel.WillowInteractiveObject_152.SkeletalMeshComponent_432.MaterialInstanceConstant_482"]}}, {"GD_Balance_Treasure.ChestGrades.ObjectGrade_TreasureChest": {"Rename": "", "Tags": [], "Metadata": "", "Location": [-8020.89013671875, 23802.66796875, -6318.06884765625], "Rotation": [0, 16400, 0], "Scale": 1.0, "Scale3D": [1.0, 1.0, 1.0], "Materials": ["SouthpawFactory_P.TheWorld:PersistentLevel.WillowInteractiveObject_153.SkeletalMeshComponent_433.MaterialInstanceConstant_483"]}}, {"GD_Balance_Treasure.ChestGrades.ObjectGrade_TreasureChest": {"Rename": "", "Tags": [], "Metadata": "", "Location": [-6319.89794921875, 19313.54296875, -5312.509765625], "Rotation": [0, 2000, 0], "Scale": 1.0, "Scale3D": [1.0, 1.0, 1.0], "Materials": ["SouthpawFactory_P.TheWorld:PersistentLevel.WillowInteractiveObject_154.SkeletalMeshComponent_434.MaterialInstanceConstant_484"]}}, {"GD_Balance_Treasure.ChestGrades.ObjectGrade_TreasureChest": {"Rename": "", "Tags": [], "Metadata": "", "Location": [-8477.8642578125, 20427.95703125, -5908.2080078125], "Rotation": [0, 0, 0], "Scale": 1.0, "Scale3D": [1.0, 1.0, 1.0], "Materials": ["SouthpawFactory_P.TheWorld:PersistentLevel.WillowInteractiveObject_155.SkeletalMeshComponent_435.MaterialInstanceConstant_485"]}}, {"GD_Balance_Treasure.ChestGrades.ObjectGrade_TreasureChest": {"Rename": "", "Tags": [], "Metadata": "", "Location": [-9350.7900390625, 18336.505859375, -6104.8388671875], "Rotation": [0, -8200, 0], "Scale": 1.0, "Scale3D": [1.0, 1.0, 1.0], "Materials": ["SouthpawFactory_P.TheWorld:PersistentLevel.WillowInteractiveObject_156.SkeletalMeshComponent_436.MaterialInstanceConstant_486"]}}, {"GD_Balance_Treasure.ChestGrades.ObjectGrade_TreasureChest": {"Rename": "", "Tags": [], "Metadata": "", "Location": [-6186.39892578125, 19808.802734375, -6108.18798828125], "Rotation": [0, 32576, 0], "Scale": 1.0, "Scale3D": [1.0, 1.0, 1.0], "Materials": ["SouthpawFactory_P.TheWorld:PersistentLevel.WillowInteractiveObject_157.SkeletalMeshComponent_437.MaterialInstanceConstant_487"]}}]}}}