{"sage_cliffs_p": {"Create": {"StaticMesh": [{"Jwildes.Mesh.Cover_Rug": {"Rename": "", "Tags": [], "Metadata": "", "Location": [75828.4375, -14773.76171875, -10017.923828125], "Rotation": [0, -8600, 0], "Scale": 3.819999933242798, "Scale3D": [1.0, 0.9599999785423279, 1.2100000381469727], "Materials": []}}, {"Prop_Garbage.Meshes.AutoJunkPile_02": {"Rename": "", "Tags": [], "Metadata": "", "Location": [70574.8359375, -24938.583984375, -10784.2236328125], "Rotation": [0, 2000, 0], "Scale": 0.30000001192092896, "Scale3D": [2.0, 2.0, 1.600000023841858], "Materials": []}}, {"Prop_Fences.Meshes.BanditCover_03": {"Rename": "", "Tags": [], "Metadata": "", "Location": [70785.34375, -24845.763671875, -10891.23828125], "Rotation": [0, -3500, 0], "Scale": 0.3400000035762787, "Scale3D": [15.0, 15.0, 15.0], "Materials": []}}, {"Prop_Fences.Meshes.BanditCover_03": {"Rename": "", "Tags": [], "Metadata": "", "Location": [70353.34375, -24845.763671875, -10948.23828125], "Rotation": [0, -35200, 0], "Scale": 0.3400000035762787, "Scale3D": [16.639999389648438, 15.0, 15.0], "Materials": []}}, {"Prop_Trees.Log": {"Rename": "", "Tags": [], "Metadata": "", "Location": [80187.6015625, -19365.828125, -10767.703125], "Rotation": [6079, 4084, 501], "Scale": 0.9250673651695251, "Scale3D": [1.0, 0.5, 0.5], "Materials": []}}, {"Prop_Dens.BanditYurt2": {"Rename": "", "Tags": [], "Metadata": "", "Location": [70456.1875, -23902.53515625, -10831.05859375], "Rotation": [0, 22000, 0], "Scale": 1.2000000476837158, "Scale3D": [1.0, 1.0, 1.0], "Materials": ["Prop_Dens.Mati_BanditYurt2"]}}, {"Prop_Dens.BanditYurt2Awning": {"Rename": "", "Tags": [], "Metadata": "", "Location": [70307.0234375, -24017.33203125, -10805.740234375], "Rotation": [0, -10000, 0], "Scale": 0.699999988079071, "Scale3D": [1.7000000476837158, 1.0, 1.2000000476837158], "Materials": []}}, {"Prop_Furniture.Chair": {"Rename": "", "Tags": [], "Metadata": "", "Location": [70741.375, -24008.517578125, -10808.0], "Rotation": [0, -15000, 0], "Scale": 1.0, "Scale3D": [1.0, 1.0, 1.0], "Materials": []}}, {"Prop_Plants.Dandelion": {"Rename": "", "Tags": [], "Metadata": "", "Location": [70345.640625, -23667.59375, -10840.3359375], "Rotation": [0, -16000, 0], "Scale": 1.0, "Scale3D": [1.0, 1.0, 1.0], "Materials": []}}, {"Prop_Furniture.LargeTable": {"Rename": "", "Tags": [], "Metadata": "", "Location": [70083.4453125, -23855.8359375, -10805.728515625], "Rotation": [0, -11000, 0], "Scale": 1.0, "Scale3D": [1.0, 1.0, 1.0], "Materials": []}}, {"Prop_Trees.Log": {"Rename": "", "Tags": [], "Metadata": "", "Location": [70417.6875, -24237.447265625, -10794.86328125], "Rotation": [0, -14000, 0], "Scale": 0.5, "Scale3D": [0.17499999701976776, 0.3499999940395355, 0.17499999701976776], "Materials": ["TBaybayan_Sage_Test.Materials.Mati_TwistedBark_01"]}}, {"Prop_Trees.Log": {"Rename": "", "Tags": [], "Metadata": "", "Location": [70347.6875, -24207.447265625, -10784.86328125], "Rotation": [0, -18000, -2000], "Scale": 0.5, "Scale3D": [0.17499999701976776, 0.25, 0.17499999701976776], "Materials": ["TBaybayan_Sage_Test.Materials.Mati_TwistedBark_01"]}}, {"Char_Sage_Savage.Mesh.ForkedSpear": {"Rename": "", "Tags": [], "Metadata": "", "Location": [70136.3515625, -23812.13671875, -10721.5439453125], "Rotation": [-16400, 0, 0], "Scale": 0.10000000149011612, "Scale3D": [10.0, 10.0, 10.0], "Materials": []}}, {"Char_Sage_Savage.Mesh.HeadDress": {"Rename": "", "Tags": [], "Metadata": "", "Location": [70053.328125, -23871.34375, -10710.0], "Rotation": [0, -22000, -7400], "Scale": 0.5, "Scale3D": [3.0, 3.0, 3.0], "Materials": []}}, {"Char_Sage_Savage.Mesh.HeadPlank": {"Rename": "", "Tags": [], "Metadata": "", "Location": [70940.859375, -23732.94921875, -10724.34765625], "Rotation": [0, -10800, -1800], "Scale": 2.0, "Scale3D": [5.0, 5.0, 5.0], "Materials": []}}, {"Char_Sage_Savage.Mesh.SavageAxe": {"Rename": "", "Tags": [], "Metadata": "", "Location": [70798.828125, -23370.86328125, -10806.3271484375], "Rotation": [-16400, -10800, -3600], "Scale": 2.0, "Scale3D": [1.0, 1.0, 1.0], "Materials": []}}, {"Prop_Barricades.Meshes.BanditCover_01": {"Rename": "", "Tags": [], "Metadata": "", "Location": [70517.578125, -23218.109375, -10807.818359375], "Rotation": [0, 10500, 0], "Scale": 1.0, "Scale3D": [1.0, 1.0, 1.0], "Materials": []}}, {"Prop_Barricades.Meshes.BanditCover_01": {"Rename": "", "Tags": [], "Metadata": "", "Location": [70156.578125, -23069.109375, -10809.818359375], "Rotation": [0, 14600, 0], "Scale": 1.0, "Scale3D": [1.0, 1.0, 1.0], "Materials": []}}, {"Prop_Crate.Meshes.AmmoCrate": {"Rename": "", "Tags": [], "Metadata": "", "Location": [70327.6875, -23375.58984375, -10804.7607421875], "Rotation": [0, 0, 0], "Scale": 1.0, "Scale3D": [1.0, 1.0, 1.0], "Materials": []}}, {"Prop_Crate.Meshes.AmmoCrate": {"Rename": "", "Tags": [], "Metadata": "", "Location": [70143.6875, -23475.58984375, -10809.7607421875], "Rotation": [0, 5000, 0], "Scale": 1.0, "Scale3D": [1.0, 1.0, 1.0], "Materials": []}}, {"Prop_Bones.Meshes.FishHead": {"Rename": "", "Tags": [], "Metadata": "", "Location": [70072.1875, -24133.15625, -10464.33984375], "Rotation": [-1100, 22800, 7100], "Scale": 0.008999999612569809, "Scale3D": [8.579219818115234, 8.579219818115234, 8.579219818115234], "Materials": []}}, {"Sage_Prop_Generic.Mesh.Rakk_Egg": {"Rename": "Side Object 1", "Tags": ["Side Object 1"], "Metadata": "", "Location": [79309.1953125, -19485.025390625, -9602.8603515625], "Rotation": [9700, 8900, 0], "Scale": 1.0, "Scale3D": [1.0, 1.0, 1.0], "Materials": []}}, {"Sage_Prop_Generic.Mesh.Rakk_Egg": {"Rename": "Side Object 2", "Tags": ["Side Object 2"], "Metadata": "", "Location": [73416.1171875, -21020.322265625, -10378.138671875], "Rotation": [2000, -14800, 0], "Scale": 1.0, "Scale3D": [1.0, 1.0, 1.0], "Materials": []}}, {"Sage_Prop_Generic.Mesh.Rakk_Egg": {"Rename": "Side Object 3", "Tags": ["Side Object 3"], "Metadata": "", "Location": [67607.4921875, -20450.005859375, -11131.7490234375], "Rotation": [-4900, -37100, 16400], "Scale": 1.0, "Scale3D": [1.0, 1.0, 1.0], "Materials": []}}, {"Sage_Prop_Generic.Mesh.Rakk_Egg": {"Rename": "Side Object 4", "Tags": ["Side Object 4"], "Metadata": "", "Location": [66188.1875, -14168.732421875, -21115.0], "Rotation": [0, -19900, 0], "Scale": 4.0, "Scale3D": [1.0, 1.0, 1.0], "Materials": []}}], "InteractiveObjectDefinition": [{"GD_Balance_Treasure.ChestGrades.ObjectGrade_TreasureChest": {"Rename": "", "Tags": [], "Metadata": "", "Location": [77378.4453125, -16643.5, -10814.27734375], "Rotation": [0, 15600, 0], "Scale": 1.0, "Scale3D": [1.0, 1.0, 1.0], "Materials": ["Sage_Cliffs_P.TheWorld:PersistentLevel.WillowInteractiveObject_51.SkeletalMeshComponent_181.MaterialInstanceConstant_194"]}}, {"GD_Balance_Treasure.ChestGrades.ObjectGrade_TreasureChest": {"Rename": "", "Tags": [], "Metadata": "", "Location": [77822.25, -20354.900390625, -10807.970703125], "Rotation": [0, 1000, 0], "Scale": 1.0, "Scale3D": [1.0, 1.0, 1.0], "Materials": ["Sage_Cliffs_P.TheWorld:PersistentLevel.WillowInteractiveObject_55.SkeletalMeshComponent_182.MaterialInstanceConstant_195"]}}, {"GD_Balance_Treasure.ChestGrades.ObjectGrade_TreasureChest": {"Rename": "", "Tags": [], "Metadata": "", "Location": [73234.7421875, -23645.29296875, -10807.4052734375], "Rotation": [0, 13700, 0], "Scale": 1.0, "Scale3D": [1.0, 1.0, 1.0], "Materials": ["Sage_Cliffs_P.TheWorld:PersistentLevel.WillowInteractiveObject_56.SkeletalMeshComponent_183.MaterialInstanceConstant_196"]}}, {"GD_Balance_Treasure.ChestGrades.ObjectGrade_TreasureChest": {"Rename": "", "Tags": [], "Metadata": "", "Location": [70170.6328125, -20127.439453125, -10798.0712890625], "Rotation": [0, 27800, 0], "Scale": 1.0, "Scale3D": [1.0, 1.0, 1.0], "Materials": ["Sage_Cliffs_P.TheWorld:PersistentLevel.WillowInteractiveObject_57.SkeletalMeshComponent_184.MaterialInstanceConstant_197"]}}, {"GD_Balance_Treasure.ChestGrades.ObjectGrade_TreasureChest": {"Rename": "", "Tags": [], "Metadata": "", "Location": [65974.15625, -12544.3291015625, -11316.7978515625], "Rotation": [-1000, 33500, 0], "Scale": 1.0, "Scale3D": [1.0, 1.0, 1.0], "Materials": ["Sage_Cliffs_P.TheWorld:PersistentLevel.WillowInteractiveObject_58.SkeletalMeshComponent_185.MaterialInstanceConstant_198"]}}, {"GD_Balance_Treasure.ChestGrades.ObjectGrade_TreasureChest": {"Rename": "", "Tags": [], "Metadata": "", "Location": [70579.3515625, -23824.322265625, -10807.8935546875], "Rotation": [0, 22500, 0], "Scale": 1.0, "Scale3D": [1.0, 1.0, 1.0], "Materials": ["Sage_Cliffs_P.TheWorld:PersistentLevel.WillowInteractiveObject_59.SkeletalMeshComponent_186.MaterialInstanceConstant_199"]}}, {"GD_Balance_Treasure.ChestGrades.ObjectGrade_TreasureChest": {"Rename": "", "Tags": [], "Metadata": "", "Location": [71599.2734375, -9179.2861328125, -8903.259765625], "Rotation": [207, 10960, -165], "Scale": 1.0, "Scale3D": [1.0, 1.0, 1.0], "Materials": ["Sage_Prop_Lootables.Materials.Mati_Tribal_Misc2"]}}]}}}