{
    "tundratrain_p": {
        "Create": {
            "StaticMesh": [
                {
                    "Prop_Rocks_03.Meshes.AridRockCliff_07": {
                        "Rename": "",
                        "Tags": [],
                        "Metadata": "",
                        "Location": [
                            -38648.54296875,
                            36090.1171875,
                            1999.1810302734375
                        ],
                        "Rotation": [
                            0,
                            -12200,
                            0
                        ],
                        "Scale": 0.27000001072883606,
                        "Scale3D": [
                            1,
                            1,
                            1
                        ],
                        "Materials": [
                            "Prop_Glacier.Materials.Mati_GlacierRocks2X"
                        ]
                    }
                },
                {
                    "Prop_Fences.Meshes.BanditCover_03": {
                        "Rename": "",
                        "Tags": [],
                        "Metadata": "",
                        "Location": [
                            -39435.640625,
                            36373.1640625,
                            2556.656982421875
                        ],
                        "Rotation": [
                            0,
                            14000,
                            0
                        ],
                        "Scale": 1.2000000476837158,
                        "Scale3D": [
                            2.25,
                            1.75,
                            2.549999952316284
                        ],
                        "Materials": [
                            "FX_ENV_VOG.Materials.Angel_Echo_INST"
                        ]
                    }
                },
                {
                    "GD_Anemone_Side_EyeSnipers.Meshes.SM_Mordecai_Gift": {
                        "Rename": "Gift Box",
                        "Tags": [
                            "Gift Box"
                        ],
                        "Metadata": "",
                        "Location": [
                            -41232.83203125,
                            34788.79296875,
                            -8009
                        ],
                        "Rotation": [
                            0,
                            -9000,
                            16400
                        ],
                        "Scale": 3,
                        "Scale3D": [
                            1,
                            1,
                            1
                        ],
                        "Materials": [
                            "Prop_Pickups.Materials.Eridium_Pickups_Bar"
                        ]
                    }
                }
            ]
        }
    }
}