{
    "fridge_p": {
        "Create": {
            "StaticMesh": [
                {
                    "GD_Anemone_Side_EyeSnipers.Meshes.SM_Mordecai_Gift": {
                        "Rename": "Gift Box",
                        "Tags": [
                            "Gift Box"
                        ],
                        "Metadata": "",
                        "Location": [
                            -6718.53076171875,
                            5192.4501953125,
                            675
                        ],
                        "Rotation": [
                            500,
                            -1000,
                            15900
                        ],
                        "Scale": 3,
                        "Scale3D": [
                            1,
                            1,
                            1
                        ],
                        "Materials": [
                            "Prop_Pickups.Materials.Eridium_Pickups_Bar"
                        ]
                    }
                },
                {
                    "prop_vehicles_02.Materials.WreckedCar01": {
                        "Rename": "",
                        "Tags": [],
                        "Metadata": "",
                        "Location": [
                            -8093.7861328125,
                            9326.5478515625,
                            10568.408203125
                        ],
                        "Rotation": [
                            0,
                            5800,
                            0
                        ],
                        "Scale": 1,
                        "Scale3D": [
                            1,
                            1,
                            1
                        ],
                        "Materials": [
                            "Env_Fridge.Materials.Mati_WreckedCar01Blue"
                        ]
                    }
                },
                {
                    "prop_vehicles_02.Materials.WreckedCar02": {
                        "Rename": "",
                        "Tags": [],
                        "Metadata": "",
                        "Location": [
                            -8357.912109375,
                            8812.4052734375,
                            10568.1845703125
                        ],
                        "Rotation": [
                            0,
                            -16900,
                            0
                        ],
                        "Scale": 1,
                        "Scale3D": [
                            1,
                            1,
                            1
                        ],
                        "Materials": [
                            "Env_Fridge.Materials.Mati_WreckedCar02Orange"
                        ]
                    }
                },
                {
                    "prop_vehicles_02.Materials.WreckedCar01": {
                        "Rename": "",
                        "Tags": [],
                        "Metadata": "",
                        "Location": [
                            -8335.623046875,
                            8847.66015625,
                            10717.99609375
                        ],
                        "Rotation": [
                            -2500,
                            10700,
                            0
                        ],
                        "Scale": 1,
                        "Scale3D": [
                            1,
                            1,
                            1
                        ],
                        "Materials": [
                            "Env_Fridge.Materials.Mati_WreckedCar01Green"
                        ]
                    }
                },
                {
                    "prop_vehicles_02.Materials.WreckedVan": {
                        "Rename": "",
                        "Tags": [],
                        "Metadata": "",
                        "Location": [
                            -8240.4072265625,
                            9164.353515625,
                            10745.80859375
                        ],
                        "Rotation": [
                            3500,
                            -25000,
                            0
                        ],
                        "Scale": 1,
                        "Scale3D": [
                            1,
                            1,
                            1
                        ],
                        "Materials": [
                            "prop_vehicles_02.Materials.Mati_WreckedVanBlue"
                        ]
                    }
                },
                {
                    "prop_vehicles_02.Materials.WreckedCar02": {
                        "Rename": "",
                        "Tags": [],
                        "Metadata": "",
                        "Location": [
                            -8094.8291015625,
                            9238.67578125,
                            10897.8212890625
                        ],
                        "Rotation": [
                            -2600,
                            6600,
                            0
                        ],
                        "Scale": 1,
                        "Scale3D": [
                            1,
                            1,
                            1
                        ],
                        "Materials": [
                            "Env_Fridge.Materials.Mati_WreckedCar02Orange"
                        ]
                    }
                },
                {
                    "prop_vehicles_02.Materials.WreckedCar01": {
                        "Rename": "",
                        "Tags": [],
                        "Metadata": "",
                        "Location": [
                            -8458.2958984375,
                            8838.357421875,
                            10927.470703125
                        ],
                        "Rotation": [
                            -3000,
                            -6100,
                            7400
                        ],
                        "Scale": 1,
                        "Scale3D": [
                            1,
                            1,
                            1
                        ],
                        "Materials": [
                            "Env_Fridge.Materials.Mati_WreckedCar01Green"
                        ]
                    }
                },
                {
                    "prop_vehicles_02.Materials.WreckedVan": {
                        "Rename": "",
                        "Tags": [],
                        "Metadata": "",
                        "Location": [
                            -7863.39208984375,
                            9405.0263671875,
                            10688.4365234375
                        ],
                        "Rotation": [
                            4600,
                            24900,
                            0
                        ],
                        "Scale": 0.8600000143051147,
                        "Scale3D": [
                            1,
                            1,
                            1
                        ],
                        "Materials": []
                    }
                },
                {
                    "Prop_Icicles.Mesh.IcicleMultiple": {
                        "Rename": "",
                        "Tags": [],
                        "Metadata": "",
                        "Location": [
                            -3035.695068359375,
                            3370.1630859375,
                            11019.1982421875
                        ],
                        "Rotation": [
                            0,
                            41000,
                            0
                        ],
                        "Scale": 0.6200000047683716,
                        "Scale3D": [
                            2,
                            2,
                            2
                        ],
                        "Materials": []
                    }
                },
                {
                    "Prop_Icicles.Mesh.IcicleMultiple": {
                        "Rename": "",
                        "Tags": [],
                        "Metadata": "",
                        "Location": [
                            -2827.695068359375,
                            3625.1630859375,
                            10570.1982421875
                        ],
                        "Rotation": [
                            32800,
                            40200,
                            0
                        ],
                        "Scale": 0.5,
                        "Scale3D": [
                            2.5799999237060547,
                            2,
                            1.6699999570846558
                        ],
                        "Materials": []
                    }
                },
                {
                    "Prop_Icicles.Mesh.IcicleMultiple": {
                        "Rename": "",
                        "Tags": [],
                        "Metadata": "",
                        "Location": [
                            -2564.695068359375,
                            3821.1630859375,
                            11010.1982421875
                        ],
                        "Rotation": [
                            0,
                            9100,
                            0
                        ],
                        "Scale": 0.6200000047683716,
                        "Scale3D": [
                            1.6399999856948853,
                            2,
                            2.309999942779541
                        ],
                        "Materials": []
                    }
                },
                {
                    "Prop_Icicles.Mesh.IcicleMultiple": {
                        "Rename": "",
                        "Tags": [],
                        "Metadata": "",
                        "Location": [
                            -2334.695068359375,
                            4126.1630859375,
                            11017.1982421875
                        ],
                        "Rotation": [
                            0,
                            -23700,
                            0
                        ],
                        "Scale": 0.5,
                        "Scale3D": [
                            3.0299999713897705,
                            2,
                            1.7300000190734863
                        ],
                        "Materials": []
                    }
                },
                {
                    "Prop_Icicles.Mesh.IcicleMultiple": {
                        "Rename": "",
                        "Tags": [],
                        "Metadata": "",
                        "Location": [
                            -2142.695068359375,
                            4290.1630859375,
                            10632.1982421875
                        ],
                        "Rotation": [
                            32800,
                            40200,
                            0
                        ],
                        "Scale": 0.5,
                        "Scale3D": [
                            2.5799999237060547,
                            2,
                            1.6699999570846558
                        ],
                        "Materials": []
                    }
                }
            ],
            "InteractiveObjectDefinition": [
                {
                    "GD_Balance_Treasure.ChestGrades.ObjectGrade_DahlEpic": {
                        "Rename": "",
                        "Tags": [],
                        "Metadata": "",
                        "Location": [
                            -6623.0078125,
                            9261.4169921875,
                            10589.0908203125
                        ],
                        "Rotation": [
                            -1900,
                            -18200,
                            0
                        ],
                        "Scale": 1,
                        "Scale3D": [
                            1,
                            1,
                            1
                        ],
                        "Materials": [
                            "Fridge_P.TheWorld:PersistentLevel.WillowInteractiveObject_382.SkeletalMeshComponent_1437.MaterialInstanceConstant_1881"
                        ]
                    }
                },
                {
                    "GD_Balance_Treasure.ChestGrades.ObjectGrade_DahlEpic": {
                        "Rename": "",
                        "Tags": [],
                        "Metadata": "",
                        "Location": [
                            -9508.625,
                            5922.34521484375,
                            10876.212890625
                        ],
                        "Rotation": [
                            0,
                            16400,
                            0
                        ],
                        "Scale": 1,
                        "Scale3D": [
                            1,
                            1,
                            1
                        ],
                        "Materials": [
                            "Fridge_P.TheWorld:PersistentLevel.WillowInteractiveObject_383.SkeletalMeshComponent_1438.MaterialInstanceConstant_1882"
                        ]
                    }
                },
                {
                    "GD_Balance_Treasure.ChestGrades.ObjectGrade_DahlEpic": {
                        "Rename": "",
                        "Tags": [],
                        "Metadata": "",
                        "Location": [
                            -3895.236083984375,
                            2246.075927734375,
                            10876.482421875
                        ],
                        "Rotation": [
                            0,
                            32800,
                            0
                        ],
                        "Scale": 1,
                        "Scale3D": [
                            1,
                            1,
                            1
                        ],
                        "Materials": [
                            "Fridge_P.TheWorld:PersistentLevel.WillowInteractiveObject_384.SkeletalMeshComponent_1439.MaterialInstanceConstant_1883"
                        ]
                    }
                },
                {
                    "GD_Balance_Treasure.ChestGrades.ObjectGrade_DahlEpic": {
                        "Rename": "",
                        "Tags": [],
                        "Metadata": "",
                        "Location": [
                            -2856.822021484375,
                            4316.162109375,
                            10566.6650390625
                        ],
                        "Rotation": [
                            0,
                            47800,
                            0
                        ],
                        "Scale": 1,
                        "Scale3D": [
                            1,
                            1,
                            1
                        ],
                        "Materials": [
                            "Fridge_P.TheWorld:PersistentLevel.WillowInteractiveObject_385.SkeletalMeshComponent_1440.MaterialInstanceConstant_1884"
                        ]
                    }
                },
                {
                    "GD_Balance_Treasure.ChestGrades.ObjectGrade_DahlEpic": {
                        "Rename": "",
                        "Tags": [],
                        "Metadata": "",
                        "Location": [
                            -2734.447021484375,
                            8674.8623046875,
                            10555.15234375
                        ],
                        "Rotation": [
                            -4700,
                            -24900,
                            -2300
                        ],
                        "Scale": 1,
                        "Scale3D": [
                            1,
                            1,
                            1
                        ],
                        "Materials": [
                            "Fridge_P.TheWorld:PersistentLevel.WillowInteractiveObject_386.SkeletalMeshComponent_1441.MaterialInstanceConstant_1885"
                        ]
                    }
                }
            ]
        }
    }
}