{"mines_p": {"Create": {"StaticMesh": [{"Davery_DLC4_Tests.Davery_Mine_fence_tallx2": {"Rename": "", "Tags": [], "Metadata": "", "Location": [-9007.474609375, 21683.298828125, -6746.58984375], "Rotation": [0, 16400, 0], "Scale": 3.0, "Scale3D": [1.0, 1.0, 1.0], "Materials": []}}, {"GD_Anemone_Side_EyeSnipers.Meshes.SM_Mordecai_Gift": {"Rename": "Gift Box", "Tags": ["Gift Box"], "Metadata": "", "Location": [-15060.4814453125, 29103.140625, -17066.0], "Rotation": [0, -8200, 16400], "Scale": 3.0, "Scale3D": [1.0, 1.0, 1.0], "Materials": ["Prop_Pickups.Materials.Eridium_Pickups_Bar"]}}, {"Aster_Prop_DwarfMines.Mesh.DwarfMines_StoneBlock": {"Rename": "", "Tags": [], "Metadata": "", "Location": [-11087.7392578125, 27483.201171875, -6941.00390625], "Rotation": [-16400, 5100, 0], "Scale": 0.5699999928474426, "Scale3D": [0.6299999952316284, 1.0, 1.0], "Materials": []}}, {"Char_Anem_ButtStallion.Mesh.ButtStallion": {"Rename": "", "Tags": [], "Metadata": "", "Location": [-10924.4951171875, 27565.537109375, -7069.6181640625], "Rotation": [0, 5100, 0], "Scale": 1.5399999618530273, "Scale3D": [0.004999999888241291, 1.0, 1.0], "Materials": []}}, {"Aster_Prop_Pickups.Mesh.DwarfBeardClaptrap": {"Rename": "", "Tags": [], "Metadata": "", "Location": [-10920.3916015625, 27567.40625, -6968.56396484375], "Rotation": [0, -11700, 0], "Scale": 0.8799999952316284, "Scale3D": [0.7400000095367432, 0.0010000000474974513, 1.0], "Materials": []}}]}}}