{"orchid_refinery_p": {"Create": {"StaticMesh": [{"Env_Interlude.Mesh.GarageDoor": {"Rename": "", "Tags": [], "Metadata": "", "Location": [41190.9296875, 129.70199584960938, 2351.034912109375], "Rotation": [0, 16400, 0], "Scale": 1.2799999713897705, "Scale3D": [0.75, 0.75, 0.75], "Materials": []}}, {"Prop_Wire.Meshes.HangingWires_1A": {"Rename": "", "Tags": [], "Metadata": "", "Location": [41110.81640625, 130.39599609375, 2651.7080078125], "Rotation": [1700, 16400, 0], "Scale": 0.6100000143051147, "Scale3D": [1.0, 1.0, 1.809999942779541], "Materials": []}}], "InteractiveObjectDefinition": [{"GD_Balance_Treasure.LootableGrades.ObjectGrade_DahlAmmo": {"Rename": "", "Tags": [], "Metadata": "", "Location": [40535.3515625, 1103.051025390625, 2016.885009765625], "Rotation": [0, 30300, 0], "Scale": 1.0, "Scale3D": [1.0, 1.0, 1.0], "Materials": ["Orchid_Refinery_P.TheWorld:PersistentLevel.WillowInteractiveObject_258.SkeletalMeshComponent_568.MaterialInstanceConstant_603"]}}, {"GD_Balance_Treasure.LootableGrades.ObjectGrade_DahlAmmo": {"Rename": "", "Tags": [], "Metadata": "", "Location": [40533.3515625, 1349.051025390625, 2016.885009765625], "Rotation": [0, 33600, 0], "Scale": 1.0, "Scale3D": [1.0, 1.0, 1.0], "Materials": ["Orchid_Refinery_P.TheWorld:PersistentLevel.WillowInteractiveObject_260.SkeletalMeshComponent_570.MaterialInstanceConstant_608"]}}, {"GD_Balance_Treasure.LootableGrades.ObjectGrade_DahlAmmo": {"Rename": "", "Tags": [], "Metadata": "", "Location": [40726.28515625, 6697.9267578125, 2066.193115234375], "Rotation": [0, 39500, 0], "Scale": 1.0, "Scale3D": [1.0, 1.0, 1.0], "Materials": ["Orchid_Refinery_P.TheWorld:PersistentLevel.WillowInteractiveObject_262.SkeletalMeshComponent_576.MaterialInstanceConstant_631"]}}, {"GD_Balance_Treasure.LootableGrades.ObjectGrade_DahlAmmo": {"Rename": "", "Tags": [], "Metadata": "", "Location": [40611.28515625, 6856.9267578125, 2066.193115234375], "Rotation": [0, 44800, 0], "Scale": 1.0, "Scale3D": [1.0, 1.0, 1.0], "Materials": ["Orchid_Refinery_P.TheWorld:PersistentLevel.WillowInteractiveObject_264.SkeletalMeshComponent_578.MaterialInstanceConstant_632"]}}, {"GD_Balance_Treasure.LootableGrades.ObjectGrade_DahlAmmo": {"Rename": "", "Tags": [], "Metadata": "", "Location": [37989.34375, 9481.83203125, 2067.0], "Rotation": [0, 39800, 0], "Scale": 1.0, "Scale3D": [1.0, 1.0, 1.0], "Materials": ["Orchid_Refinery_P.TheWorld:PersistentLevel.WillowInteractiveObject_275.SkeletalMeshComponent_589.MaterialInstanceConstant_644"]}}, {"GD_Balance_Treasure.LootableGrades.ObjectGrade_DahlAmmo": {"Rename": "", "Tags": [], "Metadata": "", "Location": [37789.34375, 9551.83203125, 2067.0], "Rotation": [0, 47800, 0], "Scale": 1.0, "Scale3D": [1.0, 1.0, 1.0], "Materials": ["Orchid_Refinery_P.TheWorld:PersistentLevel.WillowInteractiveObject_277.SkeletalMeshComponent_591.MaterialInstanceConstant_643"]}}, {"GD_Balance_Treasure.LootableGrades.ObjectGrade_DahlAmmo": {"Rename": "", "Tags": [], "Metadata": "", "Location": [33405.6171875, 10017.7451171875, 2067.22998046875], "Rotation": [0, 41000, 0], "Scale": 1.0, "Scale3D": [1.0, 1.0, 1.0], "Materials": ["Orchid_Refinery_P.TheWorld:PersistentLevel.WillowInteractiveObject_279.SkeletalMeshComponent_593.MaterialInstanceConstant_674"]}}, {"GD_Balance_Treasure.LootableGrades.ObjectGrade_DahlAmmo": {"Rename": "", "Tags": [], "Metadata": "", "Location": [33263.6171875, 10144.7451171875, 2067.22998046875], "Rotation": [0, 41000, 0], "Scale": 1.0, "Scale3D": [1.0, 1.0, 1.0], "Materials": ["Orchid_Refinery_P.TheWorld:PersistentLevel.WillowInteractiveObject_281.SkeletalMeshComponent_595.MaterialInstanceConstant_679"]}}, {"GD_Balance_Treasure.LootableGrades.ObjectGrade_DahlAmmo": {"Rename": "", "Tags": [], "Metadata": "", "Location": [30562.646484375, 10248.4775390625, 2001.0], "Rotation": [0, -8200, 0], "Scale": 1.0, "Scale3D": [1.0, 1.0, 1.0], "Materials": ["Orchid_Refinery_P.TheWorld:PersistentLevel.WillowInteractiveObject_283.SkeletalMeshComponent_597.MaterialInstanceConstant_568"]}}, {"GD_Balance_Treasure.LootableGrades.ObjectGrade_DahlAmmo": {"Rename": "", "Tags": [], "Metadata": "", "Location": [29270.548828125, 7568.64990234375, 2018.0], "Rotation": [0, -11200, 0], "Scale": 1.0, "Scale3D": [1.0, 1.0, 1.0], "Materials": ["Orchid_Refinery_P.TheWorld:PersistentLevel.WillowInteractiveObject_285.SkeletalMeshComponent_602.MaterialInstanceConstant_688"]}}, {"GD_Balance_Treasure.LootableGrades.ObjectGrade_DahlAmmo": {"Rename": "", "Tags": [], "Metadata": "", "Location": [29120.548828125, 7448.64990234375, 2018.0], "Rotation": [0, -4200, 0], "Scale": 1.0, "Scale3D": [1.0, 1.0, 1.0], "Materials": ["Orchid_Refinery_P.TheWorld:PersistentLevel.WillowInteractiveObject_287.SkeletalMeshComponent_604.MaterialInstanceConstant_687"]}}, {"GD_Balance_Treasure.LootableGrades.ObjectGrade_DahlAmmo": {"Rename": "", "Tags": [], "Metadata": "", "Location": [28329.439453125, 4275.17822265625, 2083.0], "Rotation": [0, 6800, 0], "Scale": 1.0, "Scale3D": [1.0, 1.0, 1.0], "Materials": ["Orchid_Refinery_P.TheWorld:PersistentLevel.WillowInteractiveObject_289.SkeletalMeshComponent_606.MaterialInstanceConstant_698"]}}, {"GD_Balance_Treasure.LootableGrades.ObjectGrade_DahlAmmo": {"Rename": "", "Tags": [], "Metadata": "", "Location": [28289.439453125, 4485.17822265625, 2083.0], "Rotation": [0, -2200, 0], "Scale": 1.0, "Scale3D": [1.0, 1.0, 1.0], "Materials": ["Orchid_Refinery_P.TheWorld:PersistentLevel.WillowInteractiveObject_291.SkeletalMeshComponent_608.MaterialInstanceConstant_699"]}}, {"GD_Balance_Treasure.LootableGrades.ObjectGrade_DahlAmmo": {"Rename": "", "Tags": [], "Metadata": "", "Location": [30784.392578125, 2229.556884765625, 2077.0], "Rotation": [0, 8800, 0], "Scale": 1.0, "Scale3D": [1.0, 1.0, 1.0], "Materials": ["Orchid_Refinery_P.TheWorld:PersistentLevel.WillowInteractiveObject_293.SkeletalMeshComponent_610.MaterialInstanceConstant_709"]}}, {"GD_Balance_Treasure.LootableGrades.ObjectGrade_DahlAmmo": {"Rename": "", "Tags": [], "Metadata": "", "Location": [30944.392578125, 2089.556884765625, 2077.0], "Rotation": [0, 8800, 0], "Scale": 1.0, "Scale3D": [1.0, 1.0, 1.0], "Materials": ["Orchid_Refinery_P.TheWorld:PersistentLevel.WillowInteractiveObject_295.SkeletalMeshComponent_612.MaterialInstanceConstant_710"]}}, {"GD_Balance_Treasure.LootableGrades.ObjectGrade_DahlAmmo": {"Rename": "", "Tags": [], "Metadata": "", "Location": [33543.54296875, 3.736999988555908, 2077.0], "Rotation": [0, 8800, 0], "Scale": 1.0, "Scale3D": [1.0, 1.0, 1.0], "Materials": ["Orchid_Refinery_P.TheWorld:PersistentLevel.WillowInteractiveObject_297.SkeletalMeshComponent_614.MaterialInstanceConstant_720"]}}, {"GD_Balance_Treasure.LootableGrades.ObjectGrade_DahlAmmo": {"Rename": "", "Tags": [], "Metadata": "", "Location": [33693.54296875, -86.26300048828125, 2077.0], "Rotation": [0, 12800, 0], "Scale": 1.0, "Scale3D": [1.0, 1.0, 1.0], "Materials": ["Orchid_Refinery_P.TheWorld:PersistentLevel.WillowInteractiveObject_299.SkeletalMeshComponent_616.MaterialInstanceConstant_721"]}}, {"GD_Balance_Treasure.LootableGrades.ObjectGrade_DahlAmmo": {"Rename": "", "Tags": [], "Metadata": "", "Location": [36761.703125, -402.6650085449219, 2078.43408203125], "Rotation": [0, 16400, 0], "Scale": 1.0, "Scale3D": [1.0, 1.0, 1.0], "Materials": ["Orchid_Refinery_P.TheWorld:PersistentLevel.WillowInteractiveObject_301.SkeletalMeshComponent_618.MaterialInstanceConstant_740"]}}, {"GD_Balance_Treasure.LootableGrades.ObjectGrade_DahlAmmo": {"Rename": "", "Tags": [], "Metadata": "", "Location": [36572.703125, -401.6650085449219, 2078.43408203125], "Rotation": [0, 16400, 0], "Scale": 1.0, "Scale3D": [1.0, 1.0, 1.0], "Materials": ["Orchid_Refinery_P.TheWorld:PersistentLevel.WillowInteractiveObject_303.SkeletalMeshComponent_620.MaterialInstanceConstant_734"]}}, {"GD_Balance_Treasure.LootableGrades.ObjectGrade_DahlAmmo": {"Rename": "", "Tags": [], "Metadata": "", "Location": [40788.23046875, -212.6572723388672, 2283.071044921875], "Rotation": [0, 24900, 0], "Scale": 1.0, "Scale3D": [1.0, 1.0, 1.0], "Materials": ["Orchid_Refinery_P.TheWorld:PersistentLevel.WillowInteractiveObject_305.SkeletalMeshComponent_622.MaterialInstanceConstant_595"]}}, {"GD_Balance_Treasure.LootableGrades.ObjectGrade_DahlAmmo": {"Rename": "", "Tags": [], "Metadata": "", "Location": [40821.3125, 4364.86376953125, 2074.0], "Rotation": [0, 32800, 0], "Scale": 1.0, "Scale3D": [1.0, 1.0, 1.0], "Materials": ["Orchid_Refinery_P.TheWorld:PersistentLevel.WillowInteractiveObject_307.SkeletalMeshComponent_636.MaterialInstanceConstant_619"]}}, {"GD_Balance_Treasure.LootableGrades.ObjectGrade_DahlAmmo": {"Rename": "", "Tags": [], "Metadata": "", "Location": [40821.3125, 4554.86376953125, 2074.0], "Rotation": [0, 32800, 0], "Scale": 1.0, "Scale3D": [1.0, 1.0, 1.0], "Materials": ["Orchid_Refinery_P.TheWorld:PersistentLevel.WillowInteractiveObject_309.SkeletalMeshComponent_638.MaterialInstanceConstant_620"]}}, {"GD_Balance_Treasure.LootableGrades.ObjectGrade_DahlAmmo": {"Rename": "", "Tags": [], "Metadata": "", "Location": [35531.4375, 9568.1884765625, 2070.35302734375], "Rotation": [0, 49300, 200], "Scale": 1.0, "Scale3D": [1.0, 1.0, 1.0], "Materials": ["Orchid_Refinery_P.TheWorld:PersistentLevel.WillowInteractiveObject_311.SkeletalMeshComponent_664.MaterialInstanceConstant_661"]}}, {"GD_Balance_Treasure.LootableGrades.ObjectGrade_DahlAmmo": {"Rename": "", "Tags": [], "Metadata": "", "Location": [35335.4375, 9524.1884765625, 2068.35302734375], "Rotation": [0, 55000, 300], "Scale": 1.0, "Scale3D": [1.0, 1.0, 1.0], "Materials": ["Orchid_Refinery_P.TheWorld:PersistentLevel.WillowInteractiveObject_313.SkeletalMeshComponent_666.MaterialInstanceConstant_662"]}}]}}}