{"orchid_refinery_p": {"Create": {"StaticMesh": [{"Prop_Panels.DiamondPlate": {"Rename": "", "Tags": [], "Metadata": "", "Location": [42772.55078125, -998.5800170898438, 2081.110107421875], "Rotation": [0, 0, 16400], "Scale": 1.25, "Scale3D": [1.0, 1.0, 1.0], "Materials": []}}, {"Prop_Panels.DiamondPlate": {"Rename": "", "Tags": [], "Metadata": "", "Location": [42904.68359375, 737.166015625, 2080.199951171875], "Rotation": [16400, 0, 0], "Scale": 2.359999895095825, "Scale3D": [1.159999966621399, 2.5899999141693115, 1.0], "Materials": []}}, {"Prop_Panels.DiamondPlate": {"Rename": "", "Tags": [], "Metadata": "", "Location": [42356.8515625, -296.6650085449219, 2104.531005859375], "Rotation": [16400, 16400, 0], "Scale": 2.2200000286102295, "Scale3D": [1.2000000476837158, 1.0, 1.0], "Materials": []}}, {"Prop_Panels.DiamondPlate": {"Rename": "", "Tags": [], "Metadata": "", "Location": [42356.8515625, -296.6650085449219, 2104.531005859375], "Rotation": [16400, 0, 0], "Scale": 2.2200000286102295, "Scale3D": [1.2000000476837158, 1.0, 1.0], "Materials": []}}, {"Prop_Garbage.Meshes.AutoJunkPile": {"Rename": "", "Tags": [], "Metadata": "", "Location": [41755.10546875, -377.06500244140625, 2346.375], "Rotation": [0, -12800, 0], "Scale": 0.7900000214576721, "Scale3D": [0.7300000190734863, 1.0, 1.5399999618530273], "Materials": []}}, {"Prop_Garbage.Meshes.AutoJunkPile": {"Rename": "", "Tags": [], "Metadata": "", "Location": [42186.72265625, -200.29100036621094, 2266.302001953125], "Rotation": [0, 30000, 0], "Scale": 0.3199999928474426, "Scale3D": [1.6699999570846558, 1.1200000047683716, 1.6399999856948853], "Materials": []}}, {"Prop_Garbage.Meshes.AutoJunkPile": {"Rename": "", "Tags": [], "Metadata": "", "Location": [42353.72265625, -423.2909851074219, 2139.302001953125], "Rotation": [0, -1200, 0], "Scale": 0.5099999904632568, "Scale3D": [1.7200000286102295, 1.590000033378601, 2.940000057220459], "Materials": []}}, {"Prop_Garbage.Meshes.AutoJunkPile": {"Rename": "", "Tags": [], "Metadata": "", "Location": [42208.72265625, -191.29100036621094, 2141.302001953125], "Rotation": [0, -11000, 0], "Scale": 0.3199999928474426, "Scale3D": [2.0899999141693115, 2.2300000190734863, 3.069999933242798], "Materials": []}}, {"Prop_Tanks.Meshes.LargeVerticalTank": {"Rename": "", "Tags": [], "Metadata": "", "Location": [41701.203125, 625.7449951171875, 1587.740966796875], "Rotation": [0, 3900, 0], "Scale": 1.0, "Scale3D": [1.0, 1.0, 1.0], "Materials": []}}, {"Prop_Garbage.Meshes.AutoJunkPile": {"Rename": "", "Tags": [], "Metadata": "", "Location": [41394.0078125, -80.21499633789062, 2245.3310546875], "Rotation": [0, -42000, 0], "Scale": 0.11999999731779099, "Scale3D": [2.490000009536743, 2.2300000190734863, 3.569999933242798], "Materials": []}}, {"Prop_Fences.Meshes.MetalPanelFence": {"Rename": "", "Tags": [], "Metadata": "", "Location": [42437.70703125, -176.52499389648438, 2187.797119140625], "Rotation": [-2000, 0, 0], "Scale": 1.0, "Scale3D": [1.5, 1.0, 1.0], "Materials": []}}, {"Prop_SancBuildings.Meshes.SancBuild1Back": {"Rename": "", "Tags": [], "Metadata": "", "Location": [42914.65234375, -5.297999858856201, 2547.81005859375], "Rotation": [0, 32800, 0], "Scale": 0.5, "Scale3D": [1.0, 1.0, 1.0], "Materials": []}}], "InteractiveObjectDefinition": [{"GD_Balance_Treasure.LootableGrades.ObjectGrade_DahlAmmo": {"Rename": "", "Tags": [], "Metadata": "", "Location": [40535.3515625, 1103.051025390625, 2016.885009765625], "Rotation": [0, 30300, 0], "Scale": 1.0, "Scale3D": [1.0, 1.0, 1.0], "Materials": []}}, {"GD_Balance_Treasure.LootableGrades.ObjectGrade_DahlAmmo": {"Rename": "", "Tags": [], "Metadata": "", "Location": [40533.3515625, 1349.051025390625, 2016.885009765625], "Rotation": [0, 33600, 0], "Scale": 1.0, "Scale3D": [1.0, 1.0, 1.0], "Materials": []}}, {"GD_Balance_Treasure.LootableGrades.ObjectGrade_DahlAmmo": {"Rename": "", "Tags": [], "Metadata": "", "Location": [40726.28515625, 6697.9267578125, 2066.193115234375], "Rotation": [0, 39500, 0], "Scale": 1.0, "Scale3D": [1.0, 1.0, 1.0], "Materials": []}}, {"GD_Balance_Treasure.LootableGrades.ObjectGrade_DahlAmmo": {"Rename": "", "Tags": [], "Metadata": "", "Location": [40611.28515625, 6856.9267578125, 2066.193115234375], "Rotation": [0, 44800, 0], "Scale": 1.0, "Scale3D": [1.0, 1.0, 1.0], "Materials": []}}, {"GD_Balance_Treasure.LootableGrades.ObjectGrade_DahlAmmo": {"Rename": "", "Tags": [], "Metadata": "", "Location": [37989.34375, 9481.83203125, 2067.0], "Rotation": [0, 39800, 0], "Scale": 1.0, "Scale3D": [1.0, 1.0, 1.0], "Materials": []}}, {"GD_Balance_Treasure.LootableGrades.ObjectGrade_DahlAmmo": {"Rename": "", "Tags": [], "Metadata": "", "Location": [37789.34375, 9551.83203125, 2067.0], "Rotation": [0, 47800, 0], "Scale": 1.0, "Scale3D": [1.0, 1.0, 1.0], "Materials": []}}, {"GD_Balance_Treasure.LootableGrades.ObjectGrade_DahlAmmo": {"Rename": "", "Tags": [], "Metadata": "", "Location": [33405.6171875, 10017.7451171875, 2067.22998046875], "Rotation": [0, 41000, 0], "Scale": 1.0, "Scale3D": [1.0, 1.0, 1.0], "Materials": []}}, {"GD_Balance_Treasure.LootableGrades.ObjectGrade_DahlAmmo": {"Rename": "", "Tags": [], "Metadata": "", "Location": [33263.6171875, 10144.7451171875, 2067.22998046875], "Rotation": [0, 41000, 0], "Scale": 1.0, "Scale3D": [1.0, 1.0, 1.0], "Materials": []}}, {"GD_Balance_Treasure.LootableGrades.ObjectGrade_DahlAmmo": {"Rename": "", "Tags": [], "Metadata": "", "Location": [30562.646484375, 10248.4775390625, 2001.0], "Rotation": [0, -8200, 0], "Scale": 1.0, "Scale3D": [1.0, 1.0, 1.0], "Materials": []}}, {"GD_Balance_Treasure.LootableGrades.ObjectGrade_DahlAmmo": {"Rename": "", "Tags": [], "Metadata": "", "Location": [29270.548828125, 7568.64990234375, 2018.0], "Rotation": [0, -11200, 0], "Scale": 1.0, "Scale3D": [1.0, 1.0, 1.0], "Materials": []}}, {"GD_Balance_Treasure.LootableGrades.ObjectGrade_DahlAmmo": {"Rename": "", "Tags": [], "Metadata": "", "Location": [29120.548828125, 7448.64990234375, 2018.0], "Rotation": [0, -4200, 0], "Scale": 1.0, "Scale3D": [1.0, 1.0, 1.0], "Materials": []}}, {"GD_Balance_Treasure.LootableGrades.ObjectGrade_DahlAmmo": {"Rename": "", "Tags": [], "Metadata": "", "Location": [28329.439453125, 4275.17822265625, 2083.0], "Rotation": [0, 6800, 0], "Scale": 1.0, "Scale3D": [1.0, 1.0, 1.0], "Materials": []}}, {"GD_Balance_Treasure.LootableGrades.ObjectGrade_DahlAmmo": {"Rename": "", "Tags": [], "Metadata": "", "Location": [28289.439453125, 4485.17822265625, 2083.0], "Rotation": [0, -2200, 0], "Scale": 1.0, "Scale3D": [1.0, 1.0, 1.0], "Materials": []}}, {"GD_Balance_Treasure.LootableGrades.ObjectGrade_DahlAmmo": {"Rename": "", "Tags": [], "Metadata": "", "Location": [30784.392578125, 2229.556884765625, 2077.0], "Rotation": [0, 8800, 0], "Scale": 1.0, "Scale3D": [1.0, 1.0, 1.0], "Materials": []}}, {"GD_Balance_Treasure.LootableGrades.ObjectGrade_DahlAmmo": {"Rename": "", "Tags": [], "Metadata": "", "Location": [30944.392578125, 2089.556884765625, 2077.0], "Rotation": [0, 8800, 0], "Scale": 1.0, "Scale3D": [1.0, 1.0, 1.0], "Materials": []}}, {"GD_Balance_Treasure.LootableGrades.ObjectGrade_DahlAmmo": {"Rename": "", "Tags": [], "Metadata": "", "Location": [33543.54296875, 3.736999988555908, 2077.0], "Rotation": [0, 8800, 0], "Scale": 1.0, "Scale3D": [1.0, 1.0, 1.0], "Materials": []}}, {"GD_Balance_Treasure.LootableGrades.ObjectGrade_DahlAmmo": {"Rename": "", "Tags": [], "Metadata": "", "Location": [33693.54296875, -86.26300048828125, 2077.0], "Rotation": [0, 12800, 0], "Scale": 1.0, "Scale3D": [1.0, 1.0, 1.0], "Materials": []}}, {"GD_Balance_Treasure.LootableGrades.ObjectGrade_DahlAmmo": {"Rename": "", "Tags": [], "Metadata": "", "Location": [36761.703125, -402.6650085449219, 2078.43408203125], "Rotation": [0, 16400, 0], "Scale": 1.0, "Scale3D": [1.0, 1.0, 1.0], "Materials": []}}, {"GD_Balance_Treasure.LootableGrades.ObjectGrade_DahlAmmo": {"Rename": "", "Tags": [], "Metadata": "", "Location": [36572.703125, -401.6650085449219, 2078.43408203125], "Rotation": [0, 16400, 0], "Scale": 1.0, "Scale3D": [1.0, 1.0, 1.0], "Materials": []}}, {"GD_Balance_Treasure.LootableGrades.ObjectGrade_DahlAmmo": {"Rename": "", "Tags": [], "Metadata": "", "Location": [40788.23046875, -212.6572723388672, 2283.071044921875], "Rotation": [0, 24900, 0], "Scale": 1.0, "Scale3D": [1.0, 1.0, 1.0], "Materials": []}}, {"GD_Balance_Treasure.LootableGrades.ObjectGrade_DahlAmmo": {"Rename": "", "Tags": [], "Metadata": "", "Location": [40821.3125, 4364.86376953125, 2074.0], "Rotation": [0, 32800, 0], "Scale": 1.0, "Scale3D": [1.0, 1.0, 1.0], "Materials": []}}, {"GD_Balance_Treasure.LootableGrades.ObjectGrade_DahlAmmo": {"Rename": "", "Tags": [], "Metadata": "", "Location": [40821.3125, 4554.86376953125, 2074.0], "Rotation": [0, 32800, 0], "Scale": 1.0, "Scale3D": [1.0, 1.0, 1.0], "Materials": []}}, {"GD_Balance_Treasure.LootableGrades.ObjectGrade_DahlAmmo": {"Rename": "", "Tags": [], "Metadata": "", "Location": [35531.4375, 9568.1884765625, 2070.35302734375], "Rotation": [0, 49300, 200], "Scale": 1.0, "Scale3D": [1.0, 1.0, 1.0], "Materials": []}}, {"GD_Balance_Treasure.LootableGrades.ObjectGrade_DahlAmmo": {"Rename": "", "Tags": [], "Metadata": "", "Location": [35335.4375, 9524.1884765625, 2068.35302734375], "Rotation": [0, 55000, 300], "Scale": 1.0, "Scale3D": [1.0, 1.0, 1.0], "Materials": []}}, {"GD_Orchid_TreasureChests.InteractiveObjects.ObjectGrade_PirateChest_Epic": {"Rename": "", "Tags": [], "Metadata": "", "Location": [42479.65625, 820.3079833984375, 2111.0], "Rotation": [0, -16400, 0], "Scale": 1.0, "Scale3D": [1.0, 1.0, 1.0], "Materials": ["Orchid_Refinery_P.TheWorld:PersistentLevel.WillowInteractiveObject_469.SkeletalMeshComponent_5775.MaterialInstanceConstant_5197"]}}, {"GD_Orchid_TreasureChests.InteractiveObjects.ObjectGrade_PirateChest_Epic": {"Rename": "", "Tags": [], "Metadata": "", "Location": [42758.71484375, 343.8760070800781, 2111.6669921875], "Rotation": [0, 16400, 0], "Scale": 1.0, "Scale3D": [1.0, 1.0, 1.0], "Materials": ["Orchid_Refinery_P.TheWorld:PersistentLevel.WillowInteractiveObject_471.SkeletalMeshComponent_5789.MaterialInstanceConstant_5223"]}}, {"GD_Orchid_TreasureChests.InteractiveObjects.ObjectGrade_PirateChest_Epic": {"Rename": "", "Tags": [], "Metadata": "", "Location": [42109.5703125, 439.2179870605469, 2217.0], "Rotation": [4000, 32800, 0], "Scale": 1.0, "Scale3D": [1.0, 1.0, 1.0], "Materials": ["Orchid_Refinery_P.TheWorld:PersistentLevel.WillowInteractiveObject_474.SkeletalMeshComponent_5802.MaterialInstanceConstant_5238"]}}]}}}