{"sage_rockforest_p": {"Create": {"StaticMesh": [{"Prop_Panels.DiamondPlate": {"Rename": "", "Tags": [], "Metadata": "", "Location": [21919.25390625, -48543.61328125, 12374.7685546875], "Rotation": [0, 0, 0], "Scale": 15.0, "Scale3D": [1.0, 1.0, 1.0], "Materials": []}}, {"Char_Anem_ButtStallion.Mesh.ButtStallion": {"Rename": "", "Tags": [], "Metadata": "", "Location": [24502.734375, -48740.13671875, 12494.896484375], "Rotation": [0, -21900, 0], "Scale": 1.0, "Scale3D": [1.0, 1.0, 1.0], "Materials": []}}, {"Prop_Structures.ComShipRib": {"Rename": "", "Tags": [], "Metadata": "", "Location": [26907.677734375, -49118.796875, 12272.0732421875], "Rotation": [0, 16000, 0], "Scale": 3.0, "Scale3D": [1.0, 1.0, 1.0], "Materials": []}}, {"Prop_Structures.ComShipRib": {"Rename": "", "Tags": [], "Metadata": "", "Location": [26907.677734375, -52238.796875, 12272.0732421875], "Rotation": [0, 16000, 0], "Scale": 3.0, "Scale3D": [1.0, 1.0, 1.0], "Materials": []}}, {"Prop_Structures.ComShipRib": {"Rename": "", "Tags": [], "Metadata": "", "Location": [26907.677734375, -50728.796875, 12272.0732421875], "Rotation": [0, 16000, 0], "Scale": 3.0, "Scale3D": [1.0, 1.0, 1.0], "Materials": []}}, {"Prop_Structures.ComShipRib": {"Rename": "", "Tags": [], "Metadata": "", "Location": [22017.677734375, -49118.796875, 12272.0732421875], "Rotation": [0, -16400, 0], "Scale": 3.0, "Scale3D": [1.0, 1.0, 1.0], "Materials": []}}, {"Prop_Structures.ComShipRib": {"Rename": "", "Tags": [], "Metadata": "", "Location": [22027.677734375, -52238.796875, 12272.0732421875], "Rotation": [0, -16400, 0], "Scale": 3.0, "Scale3D": [1.0, 1.0, 1.0], "Materials": []}}, {"Prop_Structures.ComShipRib": {"Rename": "", "Tags": [], "Metadata": "", "Location": [22027.677734375, -50738.796875, 12272.0732421875], "Rotation": [0, -16400, 0], "Scale": 3.0, "Scale3D": [1.0, 1.0, 1.0], "Materials": []}}, {"prop_gates.Meshes.CorrugatedGateMed": {"Rename": "", "Tags": [], "Metadata": "", "Location": [25456.345703125, -52823.859375, 12963.3056640625], "Rotation": [0, 32800, 0], "Scale": 2.0, "Scale3D": [1.100000023841858, 1.0, 1.0], "Materials": []}}, {"prop_gates.Meshes.CorrugatedGateMed": {"Rename": "", "Tags": [], "Metadata": "", "Location": [23466.345703125, -52823.859375, 12963.3056640625], "Rotation": [0, 32800, 0], "Scale": 2.0, "Scale3D": [1.100000023841858, 1.0, 1.0], "Materials": []}}, {"prop_gates.Meshes.CorrugatedGateMed": {"Rename": "", "Tags": [], "Metadata": "", "Location": [25456.345703125, -48508.859375, 12963.3056640625], "Rotation": [0, 0, 0], "Scale": 2.0, "Scale3D": [1.100000023841858, 1.0, 1.0], "Materials": []}}, {"prop_gates.Meshes.CorrugatedGateMed": {"Rename": "", "Tags": [], "Metadata": "", "Location": [23469.345703125, -48508.859375, 12963.3056640625], "Rotation": [0, 0, 0], "Scale": 2.0, "Scale3D": [1.100000023841858, 1.0, 1.0], "Materials": []}}, {"prop_gates.Meshes.CorrugatedGateNakedLrg": {"Rename": "", "Tags": [], "Metadata": "", "Location": [26483.78515625, -50709.9765625, 12914.3251953125], "Rotation": [0, 16400, 0], "Scale": 1.7899999618530273, "Scale3D": [1.0, 1.0, 1.0], "Materials": []}}, {"prop_gates.Meshes.CorrugatedGateNakedLrg": {"Rename": "", "Tags": [], "Metadata": "", "Location": [22481.78515625, -50709.9765625, 12914.3251953125], "Rotation": [0, -16400, 0], "Scale": 1.7899999618530273, "Scale3D": [1.0, 1.0, 1.0], "Materials": []}}, {"Char_Sage_Savage.Mesh.BeaKMask": {"Rename": "", "Tags": [], "Metadata": "", "Location": [24457.0, -48816.90234375, 12603.0], "Rotation": [0, 28000, -6000], "Scale": 1.7000000476837158, "Scale3D": [1.0, 1.0, 1.0], "Materials": []}}, {"Sage_Prop_Generic.Mesh.Hangy_Moss_Tall": {"Rename": "", "Tags": [], "Metadata": "", "Location": [24982.837890625, -49518.33203125, 14645.259765625], "Rotation": [0, 0, 0], "Scale": 3.0, "Scale3D": [1.0, 1.0, 1.0], "Materials": []}}, {"Sage_Prop_Generic.Mesh.Hangy_Moss_Tall": {"Rename": "", "Tags": [], "Metadata": "", "Location": [24852.837890625, -49518.33203125, 14715.259765625], "Rotation": [0, -11000, 0], "Scale": 2.0, "Scale3D": [1.0, 1.0, 1.0], "Materials": []}}, {"Sage_Prop_RockForest.Mesh.Hut_Rect_Village": {"Rename": "", "Tags": [], "Metadata": "", "Location": [24412.05078125, -52403.52734375, 12671.75390625], "Rotation": [0, 16400, 0], "Scale": 1.0, "Scale3D": [1.0, 1.0, 1.0], "Materials": []}}, {"prop_doors.Meshes.BanditDoorVar2Door": {"Rename": "", "Tags": [], "Metadata": "", "Location": [24875.306640625, -52358.69921875, 12491.494140625], "Rotation": [0, 16400, 0], "Scale": 1.100000023841858, "Scale3D": [1.0, 1.0, 1.0], "Materials": []}}, {"Sage_Prop_Generic.Mesh.Hangy_Moss_Sheet": {"Rename": "", "Tags": [], "Metadata": "", "Location": [23742.2421875, -48566.3125, 13390.337890625], "Rotation": [0, 0, 0], "Scale": 2.0, "Scale3D": [1.0, 1.0, 1.0], "Materials": []}}, {"Sage_Prop_RockForest.Mesh.Hut_Rect_Village": {"Rename": "", "Tags": [], "Metadata": "", "Location": [23009.515625, -51083.80078125, 12669.7685546875], "Rotation": [0, 0, 0], "Scale": 1.0, "Scale3D": [1.0, 1.0, 1.0], "Materials": []}}, {"Sage_Prop_Generic.Mesh.Large_Twisty_Tree": {"Rename": "", "Tags": [], "Metadata": "", "Location": [25745.58203125, -47086.9296875, 12396.5849609375], "Rotation": [0, 0, 0], "Scale": 1.0, "Scale3D": [1.0, 1.0, 1.0], "Materials": []}}, {"Sage_Prop_Generic.Mesh.Large_Twisty_Tree": {"Rename": "", "Tags": [], "Metadata": "", "Location": [23194.841796875, -45555.46875, 12839.2890625], "Rotation": [0, -43000, 0], "Scale": 2.0, "Scale3D": [1.0, 1.0, 1.0], "Materials": []}}, {"Sage_Prop_RockForest.Mesh.Roof_Rect_Village": {"Rename": "", "Tags": [], "Metadata": "", "Location": [24397.966796875, -52422.57421875, 12675.798828125], "Rotation": [0, 16400, 0], "Scale": 1.0, "Scale3D": [1.0, 1.0, 1.0], "Materials": []}}, {"Prop_Noose.Mesh.Rope": {"Rename": "", "Tags": [], "Metadata": "", "Location": [24366.66015625, -50252.109375, 13973.1748046875], "Rotation": [0, 0, 0], "Scale": 1.0, "Scale3D": [1.0, 1.0, 1.0], "Materials": []}}, {"Prop_Corpses_02.DeadSettler": {"Rename": "", "Tags": [], "Metadata": "", "Location": [24371.810546875, -50253.0, 13832.53125], "Rotation": [0, -13000, 0], "Scale": 1.0, "Scale3D": [1.0, 1.0, 1.0], "Materials": []}}, {"GD_Anemone_Plot_Mission030.Meshes.Anemone_FenceSmall": {"Rename": "", "Tags": [], "Metadata": "", "Location": [23796.30078125, -51289.0859375, 12670.6083984375], "Rotation": [0, 0, 0], "Scale": 1.0, "Scale3D": [1.899999976158142, 1.0, 0.800000011920929], "Materials": []}}, {"GD_Anemone_Plot_Mission030.Meshes.Anemone_FenceSmall": {"Rename": "", "Tags": [], "Metadata": "", "Location": [24246.30078125, -51729.0859375, 12670.6083984375], "Rotation": [0, -16400, 0], "Scale": 1.0, "Scale3D": [1.7000000476837158, 1.0, 0.800000011920929], "Materials": []}}, {"GD_Anemone_Plot_Mission030.Meshes.Anemone_FenceSmall": {"Rename": "", "Tags": [], "Metadata": "", "Location": [23766.30078125, -50569.0859375, 12670.6083984375], "Rotation": [0, 0, 0], "Scale": 1.0, "Scale3D": [1.899999976158142, 1.0, 0.800000011920929], "Materials": []}}, {"GD_Anemone_Plot_Mission030.Meshes.Anemone_FenceSmall": {"Rename": "", "Tags": [], "Metadata": "", "Location": [24726.30078125, -50569.0859375, 12670.6083984375], "Rotation": [0, 0, 0], "Scale": 1.0, "Scale3D": [1.899999976158142, 1.0, 0.800000011920929], "Materials": []}}, {"Sage_Prop_RockForest.Mesh.Hut_Rect_Village": {"Rename": "", "Tags": [], "Metadata": "", "Location": [25509.515625, -51073.80078125, 12669.7685546875], "Rotation": [0, -32800, 0], "Scale": 1.0, "Scale3D": [1.0, 1.0, 1.0], "Materials": []}}, {"Sage_Prop_RockForest.Mesh.Hut_Rect_Village": {"Rename": "", "Tags": [], "Metadata": "", "Location": [25509.515625, -50133.80078125, 12669.7685546875], "Rotation": [0, 0, 0], "Scale": 1.0, "Scale3D": [-1.0, 1.0, 1.0], "Materials": []}}, {"GD_Anemone_Plot_Mission030.Meshes.Anemone_FenceSmall": {"Rename": "", "Tags": [], "Metadata": "", "Location": [25786.30078125, -52199.0859375, 12670.6083984375], "Rotation": [0, -16400, 0], "Scale": 1.0, "Scale3D": [2.299999952316284, 1.0, 0.800000011920929], "Materials": []}}, {"GD_Anemone_Plot_Mission030.Meshes.Anemone_FenceSmall": {"Rename": "", "Tags": [], "Metadata": "", "Location": [24766.30078125, -49629.0859375, 12670.6083984375], "Rotation": [0, 0, 0], "Scale": 1.0, "Scale3D": [1.899999976158142, 1.0, 0.800000011920929], "Materials": []}}, {"GD_Anemone_Plot_Mission030.Meshes.Anemone_FenceSmall": {"Rename": "", "Tags": [], "Metadata": "", "Location": [23796.30078125, -49629.0859375, 12670.6083984375], "Rotation": [0, 0, 0], "Scale": 1.0, "Scale3D": [1.899999976158142, 1.0, 0.800000011920929], "Materials": []}}, {"Sage_Prop_RockForest.Mesh.Hut_Rect_Village": {"Rename": "", "Tags": [], "Metadata": "", "Location": [22979.515625, -49153.80078125, 12669.7685546875], "Rotation": [0, 0, 0], "Scale": 1.0, "Scale3D": [1.0, 1.0, 1.0], "Materials": []}}, {"GD_Anemone_Plot_Mission030.Meshes.Anemone_FenceSmall": {"Rename": "", "Tags": [], "Metadata": "", "Location": [25276.30078125, -48999.0859375, 12670.6083984375], "Rotation": [0, 16400, 0], "Scale": 1.0, "Scale3D": [1.7000000476837158, 1.0, 0.800000011920929], "Materials": []}}, {"Prop_Structures.Meshes.GasTower": {"Rename": "", "Tags": [], "Metadata": "", "Location": [25602.376953125, -52111.8671875, 12181.533203125], "Rotation": [0, 16400, 0], "Scale": 1.0, "Scale3D": [1.0, 1.0, 1.0], "Materials": []}}, {"Prop_Plants.Meshes.HangingMossArc": {"Rename": "", "Tags": [], "Metadata": "", "Location": [25184.564453125, -50913.8828125, 12827.8505859375], "Rotation": [0, 16400, 0], "Scale": 2.0, "Scale3D": [1.0, 0.5, 0.800000011920929], "Materials": []}}, {"Prop_Crate.Meshes.LongContainerClosed": {"Rename": "", "Tags": [], "Metadata": "", "Location": [26060.939453125, -52098.3984375, 12494.619140625], "Rotation": [0, 0, 0], "Scale": 1.399999976158142, "Scale3D": [1.100000023841858, 1.0, 1.0], "Materials": []}}, {"Prop_Crate.Meshes.MetalBox_01": {"Rename": "", "Tags": [], "Metadata": "", "Location": [24022.859375, -52587.2109375, 12489.1962890625], "Rotation": [0, -9000, 0], "Scale": 1.0, "Scale3D": [1.0, 1.0, 1.0], "Materials": []}}, {"Prop_Pickups.Meshes.MannequinHead_Pickup": {"Rename": "", "Tags": [], "Metadata": "", "Location": [26216.34765625, -51415.63671875, 12734.2578125], "Rotation": [0, 23400, 0], "Scale": 3.0, "Scale3D": [1.0, 1.0, 1.0], "Materials": []}}, {"Char_HandsomeJack.Meshes.HandsomeJackMask": {"Rename": "", "Tags": [], "Metadata": "", "Location": [26198.0, -51393.73828125, 12782.423828125], "Rotation": [0, 24000, 0], "Scale": 2.0, "Scale3D": [1.0, 1.0, 1.0], "Materials": []}}, {"Prop_Flags.Meshes.BanditFlag_05": {"Rename": "", "Tags": [], "Metadata": "", "Location": [24245.640625, -51975.95703125, 12806.091796875], "Rotation": [0, 16400, 0], "Scale": 1.2999999523162842, "Scale3D": [1.0, 1.0, 1.0], "Materials": []}}, {"Prop_Flags.Meshes.BanditFlag_05": {"Rename": "", "Tags": [], "Metadata": "", "Location": [24245.640625, -51785.95703125, 12806.091796875], "Rotation": [0, 16400, 0], "Scale": 1.2999999523162842, "Scale3D": [1.0, 1.0, 1.0], "Materials": []}}, {"Prop_Flags.Meshes.BanditFlag_05": {"Rename": "", "Tags": [], "Metadata": "", "Location": [24245.640625, -51595.95703125, 12806.091796875], "Rotation": [0, 16400, 0], "Scale": 1.2999999523162842, "Scale3D": [1.0, 1.0, 1.0], "Materials": []}}, {"Prop_Campfires.Meshes.BonfireBase": {"Rename": "", "Tags": [], "Metadata": "", "Location": [24554.923828125, -51865.8359375, 12512.1015625], "Rotation": [0, 0, 0], "Scale": 1.0, "Scale3D": [1.0, 1.0, 1.0], "Materials": []}}, {"Prop_Campfires.Meshes.BonfireWood": {"Rename": "", "Tags": [], "Metadata": "", "Location": [24539.728515625, -51895.53515625, 12452.09375], "Rotation": [0, 0, 0], "Scale": 1.0, "Scale3D": [1.0, 1.0, 1.0], "Materials": []}}, {"Prop_Igloo.Meshes.BrokenClaptrap_03": {"Rename": "", "Tags": [], "Metadata": "", "Location": [26068.99609375, -51408.08984375, 12521.814453125], "Rotation": [0, -12400, -13400], "Scale": 1.0, "Scale3D": [1.0, 1.0, 1.0], "Materials": []}}, {"Prop_Flags.Meshes.BanditFlag_05": {"Rename": "", "Tags": [], "Metadata": "", "Location": [25755.640625, -51725.95703125, 12806.091796875], "Rotation": [0, 16400, 0], "Scale": 1.2999999523162842, "Scale3D": [1.0, 1.0, 1.0], "Materials": []}}, {"Prop_Garbage.Meshes.BoxLrg": {"Rename": "", "Tags": [], "Metadata": "", "Location": [25713.814453125, -50128.95703125, 12540.1025390625], "Rotation": [0, -16400, 0], "Scale": 2.0, "Scale3D": [1.0, 1.0, 1.0], "Materials": []}}, {"Prop_Details.Meshes.BeerBottle": {"Rename": "", "Tags": [], "Metadata": "", "Location": [25702.5546875, -50164.07421875, 12586.0], "Rotation": [0, 0, 0], "Scale": 2.0, "Scale3D": [1.0, 1.0, 1.0], "Materials": []}}, {"Prop_Fences.Meshes.ChainLinkPole": {"Rename": "", "Tags": [], "Metadata": "", "Location": [26223.0, -51425.0, 12615.6416015625], "Rotation": [0, 0, 0], "Scale": 0.6000000238418579, "Scale3D": [1.0, 1.0, 0.699999988079071], "Materials": []}}, {"Prop_Fences.Meshes.ChainLinkPole": {"Rename": "", "Tags": [], "Metadata": "", "Location": [26223.0, -51425.0, 12625.6416015625], "Rotation": [4000, 7000, 0], "Scale": 0.6000000238418579, "Scale3D": [1.0, 1.0, -0.800000011920929], "Materials": []}}, {"Prop_Fences.Meshes.ChainLinkPole": {"Rename": "", "Tags": [], "Metadata": "", "Location": [26223.0, -51425.0, 12625.6416015625], "Rotation": [4000, -25000, 0], "Scale": 0.6000000238418579, "Scale3D": [1.0, 1.0, -0.800000011920929], "Materials": []}}, {"Prop_Fences.Meshes.ChainLinkPole": {"Rename": "", "Tags": [], "Metadata": "", "Location": [26223.0, -51425.0, 12715.6416015625], "Rotation": [8000, -32000, 0], "Scale": 0.6000000238418579, "Scale3D": [1.0, 1.0, -0.800000011920929], "Materials": []}}, {"Prop_Fences.Meshes.ChainLinkPole": {"Rename": "", "Tags": [], "Metadata": "", "Location": [26223.0, -51425.0, 12715.6416015625], "Rotation": [8000, 9000, 0], "Scale": 0.6000000238418579, "Scale3D": [1.0, 1.0, -0.4000000059604645], "Materials": []}}, {"Prop_Fences.Meshes.ChainLinkPole": {"Rename": "", "Tags": [], "Metadata": "", "Location": [26256.0, -51389.0, 12665.6416015625], "Rotation": [6000, 9000, 25000], "Scale": 0.6000000238418579, "Scale3D": [1.0, 1.0, 0.5], "Materials": []}}, {"Prop_Machines.Meshes.PowerConverter": {"Rename": "", "Tags": [], "Metadata": "", "Location": [24895.154296875, -50744.421875, 12494.9892578125], "Rotation": [0, 16400, 0], "Scale": 1.0, "Scale3D": [1.0, 1.0, 1.0], "Materials": []}}, {"FX_GOR_Mesh.Meshes.Props.SkullBundle_Anim": {"Rename": "", "Tags": [], "Metadata": "", "Location": [22832.005859375, -49664.00390625, 12798.5224609375], "Rotation": [0, 0, 0], "Scale": 1.0, "Scale3D": [1.0, 1.0, 1.0], "Materials": []}}, {"Prop_Machines.Meshes.Pulley": {"Rename": "", "Tags": [], "Metadata": "", "Location": [22769.181640625, -50197.89453125, 12747.94921875], "Rotation": [0, 16400, 2000], "Scale": 1.0, "Scale3D": [1.0, 1.0, 1.0], "Materials": []}}, {"prop_vehicles_02.Meshes.Rowboat": {"Rename": "", "Tags": [], "Metadata": "", "Location": [23328.916015625, -49232.6953125, 12644.703125], "Rotation": [0, 16400, -14200], "Scale": 1.0, "Scale3D": [1.0, 1.0, 1.0], "Materials": []}}, {"prop_vehicles_02.Meshes.Rowboat": {"Rename": "", "Tags": [], "Metadata": "", "Location": [23528.916015625, -49442.6953125, 12507.0], "Rotation": [0, 44400, 0], "Scale": 1.0, "Scale3D": [1.0, 1.0, 1.0], "Materials": []}}, {"prop_poles.Meshes.SignPost": {"Rename": "", "Tags": [], "Metadata": "", "Location": [24535.884765625, -50343.3671875, 12488.3310546875], "Rotation": [0, 0, 0], "Scale": 1.0, "Scale3D": [1.0, 1.0, 1.0], "Materials": []}}, {"prop_signs.GenericSign_02": {"Rename": "", "Tags": [], "Metadata": "", "Location": [24517.76953125, -50336.30078125, 12740.7412109375], "Rotation": [-2000, 22000, 0], "Scale": 1.5, "Scale3D": [1.0, 1.0, 1.0], "Materials": []}}, {"prop_signs.GenericSign_03": {"Rename": "", "Tags": [], "Metadata": "", "Location": [22919.923828125, -51567.2265625, 12684.0224609375], "Rotation": [-2000, 0, 0], "Scale": 2.0, "Scale3D": [-1.0, 1.0, 1.0], "Materials": []}}, {"prop_signs.ArrowSign_02": {"Rename": "", "Tags": [], "Metadata": "", "Location": [24654.158203125, -48570.37890625, 13354.96875], "Rotation": [14000, 0, 0], "Scale": 0.6000000238418579, "Scale3D": [1.0, 1.0, 1.0], "Materials": []}}, {"prop_signs.ArrowSign_02": {"Rename": "", "Tags": [], "Metadata": "", "Location": [24294.158203125, -48570.37890625, 12964.96875], "Rotation": [21000, 0, 0], "Scale": 0.4000000059604645, "Scale3D": [1.0, 1.0, 1.0], "Materials": []}}, {"prop_signs.ArrowSign_02": {"Rename": "", "Tags": [], "Metadata": "", "Location": [24394.158203125, -48570.37890625, 13384.96875], "Rotation": [18400, 0, 0], "Scale": 0.30000001192092896, "Scale3D": [1.0, 1.0, 1.0], "Materials": []}}, {"Prop_Plants.Meshes.HangingMossArc": {"Rename": "", "Tags": [], "Metadata": "", "Location": [25283.263671875, -49207.45703125, 12820.6474609375], "Rotation": [0, 16400, 0], "Scale": 2.0, "Scale3D": [1.0, 0.5, 0.699999988079071], "Materials": []}}, {"Prop_Wire.Meshes.HangingWires_1D": {"Rename": "", "Tags": [], "Metadata": "", "Location": [24987.98046875, -50377.22265625, 12737.9140625], "Rotation": [0, 8000, 0], "Scale": 1.100000023841858, "Scale3D": [1.100000023841858, 1.0, 1.0], "Materials": []}}, {"FX_GOR_Mesh.Meshes.Humanoid.NomadGibArm": {"Rename": "", "Tags": [], "Metadata": "", "Location": [23026.6015625, -51140.91015625, 12501.228515625], "Rotation": [0, -22000, 0], "Scale": 1.0, "Scale3D": [1.0, 1.0, 1.0], "Materials": []}}, {"FX_GOR_Mesh.Meshes.Humanoid.PsychoBanditGibLeg": {"Rename": "", "Tags": [], "Metadata": "", "Location": [23184.99609375, -51393.23046875, 12498.931640625], "Rotation": [0, 8000, 0], "Scale": 1.0, "Scale3D": [1.0, 1.0, 1.0], "Materials": []}}, {"FX_GOR_Mesh.Meshes.Humanoid.PsychoBanditGibTorso": {"Rename": "", "Tags": [], "Metadata": "", "Location": [24524.197265625, -50245.2734375, 12505.5908203125], "Rotation": [16400, -6000, 0], "Scale": 1.0, "Scale3D": [1.0, 1.0, 1.0], "Materials": []}}, {"Prop_Pipes.Meshes.IndustrialElbowLarge128": {"Rename": "", "Tags": [], "Metadata": "", "Location": [23176.0, -50569.1328125, 12621.2939453125], "Rotation": [0, 16400, 0], "Scale": 1.0, "Scale3D": [1.0, 1.0, 1.0], "Materials": []}}, {"Prop_Pipes.Meshes.IndustrialPipeLarge128": {"Rename": "", "Tags": [], "Metadata": "", "Location": [25438.388671875, -50018.2265625, 12842.7939453125], "Rotation": [16400, 0, 0], "Scale": 2.0, "Scale3D": [1.0, 1.0, 1.0], "Materials": []}}, {"Prop_Pipes.Meshes.IndustrialPipeLarge128": {"Rename": "", "Tags": [], "Metadata": "", "Location": [25611.69921875, -49849.59765625, 12848.6484375], "Rotation": [16400, 0, 0], "Scale": 1.0, "Scale3D": [1.0, 1.0, 1.0], "Materials": []}}, {"prop_lightfixtures.Meshes.LightPoleLrg": {"Rename": "", "Tags": [], "Metadata": "", "Location": [24625.01171875, -48696.125, 12471.6005859375], "Rotation": [0, 0, 0], "Scale": 1.0, "Scale3D": [1.0, 1.0, 0.699999988079071], "Materials": []}}, {"Prop_Crate.Meshes.LongContainerClosed": {"Rename": "", "Tags": [], "Metadata": "", "Location": [25875.236328125, -48767.92578125, 12489.064453125], "Rotation": [0, 16400, 0], "Scale": 1.2000000476837158, "Scale3D": [1.0, 1.0, 1.0], "Materials": []}}, {"Prop_Barrels.Meshes.MetalBarrelExplosion": {"Rename": "", "Tags": [], "Metadata": "", "Location": [23383.80859375, -51186.8984375, 12495.0], "Rotation": [0, 0, 0], "Scale": 1.0, "Scale3D": [1.0, 1.0, 1.0], "Materials": []}}, {"Prop_Barrels.Meshes.MetalBarrelNoTop": {"Rename": "", "Tags": [], "Metadata": "", "Location": [23468.111328125, -51239.18359375, 12495.0], "Rotation": [0, 0, 0], "Scale": 1.0, "Scale3D": [1.0, 1.0, 1.0], "Materials": []}}, {"Prop_Fences.Meshes.MetalPanelFence_04": {"Rename": "", "Tags": [], "Metadata": "", "Location": [23199.75, -52647.25390625, 12375.423828125], "Rotation": [1000, 0, 0], "Scale": 1.2999999523162842, "Scale3D": [1.2000000476837158, 1.0, 1.0], "Materials": []}}, {"Prop_Farm.Meshes.OilLamp": {"Rename": "", "Tags": [], "Metadata": "", "Location": [23348.162109375, -49129.74609375, 12495.0], "Rotation": [0, -7000, 0], "Scale": 2.0, "Scale3D": [1.0, 1.0, 1.0], "Materials": []}}, {"Prop_Machines.Meshes.PortableGenerator": {"Rename": "", "Tags": [], "Metadata": "", "Location": [25092.62109375, -50336.49609375, 12495.0], "Rotation": [0, 6000, 0], "Scale": 1.0, "Scale3D": [1.0, 1.0, 1.0], "Materials": []}}, {"Prop_Supports.Meshes.PowerPlantSupport": {"Rename": "", "Tags": [], "Metadata": "", "Location": [16804.728515625, -49286.75390625, 12331.1494140625], "Rotation": [0, 14000, -1000], "Scale": 3.299999952316284, "Scale3D": [0.699999988079071, 1.0, 1.0], "Materials": []}}, {"Prop_Bones.Meshes.SkagBone_02": {"Rename": "", "Tags": [], "Metadata": "", "Location": [23019.958984375, -49272.87109375, 12479.921875], "Rotation": [0, 12000, 0], "Scale": 2.0, "Scale3D": [1.0, 1.0, 1.0], "Materials": []}}, {"Prop_Tools.Meshes.ToolChest": {"Rename": "", "Tags": [], "Metadata": "", "Location": [23750.060546875, -48681.9921875, 12495.0], "Rotation": [0, -3000, 0], "Scale": 1.0, "Scale3D": [1.0, 1.0, 1.0], "Materials": []}}, {"Prop_Barrels.Meshes.WoodenBarrel": {"Rename": "", "Tags": [], "Metadata": "", "Location": [23908.998046875, -48615.890625, 12498.0], "Rotation": [0, 0, 0], "Scale": 1.0, "Scale3D": [1.0, 1.0, 1.0], "Materials": []}}, {"Prop_Barricades.PanelBarricade": {"Rename": "", "Tags": [], "Metadata": "", "Location": [26295.0703125, -50659.7890625, 12512.3134765625], "Rotation": [1000, 16400, 0], "Scale": 2.0, "Scale3D": [1.0, 1.0, 1.0], "Materials": []}}, {"Prop_Supports.RackBandit": {"Rename": "", "Tags": [], "Metadata": "", "Location": [26268.380859375, -49074.83984375, 12490.1328125], "Rotation": [0, -25000, 0], "Scale": 1.0, "Scale3D": [1.0, 1.0, 1.0], "Materials": []}}, {"Prop_Supports.RackBanditStrutX": {"Rename": "", "Tags": [], "Metadata": "", "Location": [25963.603515625, -49227.79296875, 12496.8740234375], "Rotation": [16400, -4000, 0], "Scale": 1.0, "Scale3D": [1.0, 1.0, 1.0], "Materials": []}}, {"Prop_Tires.RubberTireStack": {"Rename": "", "Tags": [], "Metadata": "", "Location": [26185.875, -49435.18359375, 12497.748046875], "Rotation": [0, 0, 0], "Scale": 1.0, "Scale3D": [1.0, 1.0, 1.0], "Materials": []}}, {"Prop_Supports.SupportStrutTruss": {"Rename": "", "Tags": [], "Metadata": "", "Location": [23130.6015625, -50800.4921875, 12847.2099609375], "Rotation": [0, 0, 0], "Scale": 0.800000011920929, "Scale3D": [1.0, 1.0, 1.0], "Materials": []}}, {"Prop_Supports.SupportStrutTruss": {"Rename": "", "Tags": [], "Metadata": "", "Location": [22890.6015625, -50800.4921875, 12847.2099609375], "Rotation": [0, 0, 0], "Scale": 0.6000000238418579, "Scale3D": [1.0, 1.0, 1.0], "Materials": []}}, {"Prop_Supports.SupportStrutTruss": {"Rename": "", "Tags": [], "Metadata": "", "Location": [22890.6015625, -51420.4921875, 12847.2099609375], "Rotation": [0, 0, 0], "Scale": 0.6000000238418579, "Scale3D": [1.0, 1.0, 1.0], "Materials": []}}, {"Prop_Tanks.WaterTower": {"Rename": "", "Tags": [], "Metadata": "", "Location": [22886.9453125, -52044.72265625, 12494.7802734375], "Rotation": [0, 16400, 0], "Scale": 1.7000000476837158, "Scale3D": [1.0, 1.0, 1.0], "Materials": []}}, {"Prop_Supports.WoodenStrut01": {"Rename": "", "Tags": [], "Metadata": "", "Location": [25616.365234375, -51237.78125, 12845.958984375], "Rotation": [0, 16400, 0], "Scale": 0.699999988079071, "Scale3D": [1.0, 1.0, 1.0], "Materials": []}}, {"Prop_Walkways.WoodenWalkway": {"Rename": "", "Tags": [], "Metadata": "", "Location": [23883.884765625, -49947.80078125, 12518.8671875], "Rotation": [0, -4000, 0], "Scale": 1.0, "Scale3D": [1.0, 1.0, 1.0], "Materials": []}}, {"Prop_Tires.RubberTireStack": {"Rename": "", "Tags": [], "Metadata": "", "Location": [23091.3984375, -49410.48046875, 12853.291015625], "Rotation": [0, 0, 0], "Scale": 1.0, "Scale3D": [1.0, 1.0, 1.0], "Materials": []}}, {"Prop_Dens.BanditYurt2Awning": {"Rename": "", "Tags": [], "Metadata": "", "Location": [23974.009765625, -48831.05078125, 12501.0], "Rotation": [0, 16400, 0], "Scale": 1.2000000476837158, "Scale3D": [1.0, 1.0, 1.0], "Materials": []}}, {"Prop_Tools.CableSpool": {"Rename": "", "Tags": [], "Metadata": "", "Location": [25699.791015625, -49675.05859375, 12543.96875], "Rotation": [0, 0, -16400], "Scale": 0.30000001192092896, "Scale3D": [1.0, 1.0, 1.0], "Materials": []}}, {"Prop_Panels.CorrugatePanel_04": {"Rename": "", "Tags": [], "Metadata": "", "Location": [25725.29296875, -50894.12890625, 12622.7958984375], "Rotation": [12000, 0, 0], "Scale": 2.0, "Scale3D": [1.0, 1.0, 1.0], "Materials": []}}, {"Prop_Corpses_02.DeadSettler": {"Rename": "", "Tags": [], "Metadata": "", "Location": [25726.240234375, -51047.6015625, 12515.0], "Rotation": [16400, 16400, 0], "Scale": 1.0, "Scale3D": [1.0, 1.0, 1.0], "Materials": []}}, {"prop_signs.GenericSign_03": {"Rename": "", "Tags": [], "Metadata": "", "Location": [25760.375, -51416.76171875, 12705.232421875], "Rotation": [2000, -16400, 0], "Scale": 2.0, "Scale3D": [1.0, 1.0, 1.0], "Materials": []}}, {"FX_GOR_Mesh.Meshes.Props.SkullBundle_Anim": {"Rename": "", "Tags": [], "Metadata": "", "Location": [25254.83984375, -50228.34765625, 12798.18359375], "Rotation": [0, 0, 0], "Scale": 1.0, "Scale3D": [1.0, 1.0, 1.0], "Materials": []}}, {"Prop_Plants.Meshes.Lilyflower": {"Rename": "", "Tags": [], "Metadata": "", "Location": [22634.98046875, -51349.86328125, 12502.0], "Rotation": [0, 0, 0], "Scale": 2.0, "Scale3D": [1.0, 1.0, 1.0], "Materials": []}}, {"Prop_Plants.Meshes.Lilyflower": {"Rename": "", "Tags": [], "Metadata": "", "Location": [22623.98046875, -51422.86328125, 12502.0], "Rotation": [0, -6000, 0], "Scale": 1.0, "Scale3D": [1.0, 1.0, 1.0], "Materials": []}}, {"Prop_Plants.Meshes.Lilyflower": {"Rename": "", "Tags": [], "Metadata": "", "Location": [22654.98046875, -51392.86328125, 12502.0], "Rotation": [0, -12500, 0], "Scale": 0.5, "Scale3D": [1.0, 1.0, 1.0], "Materials": []}}, {"GD_Anemone_Side_SpaceCowboy.GuyMagazines": {"Rename": "", "Tags": [], "Metadata": "", "Location": [23016.11328125, -50686.05078125, 12497.0], "Rotation": [0, 21300, 0], "Scale": 2.0, "Scale3D": [1.0, 1.0, 1.0], "Materials": []}}, {"Prop_Furniture.LargeTable": {"Rename": "", "Tags": [], "Metadata": "", "Location": [22824.12109375, -51021.67578125, 12494.8681640625], "Rotation": [0, 0, 0], "Scale": 1.0, "Scale3D": [1.0, 1.0, 1.0], "Materials": []}}, {"Prop_Trees.Log": {"Rename": "", "Tags": [], "Metadata": "", "Location": [22843.65234375, -51397.2421875, 12515.1416015625], "Rotation": [0, 4900, 0], "Scale": 0.09000000357627869, "Scale3D": [1.0, 1.0, 1.0], "Materials": []}}, {"Char_Sage_Savage.Mesh.Boomerang": {"Rename": "", "Tags": [], "Metadata": "", "Location": [22807.998046875, -50914.71875, 12575.8466796875], "Rotation": [0, -4700, 0], "Scale": 1.5, "Scale3D": [1.0, 1.0, 1.0], "Materials": []}}, {"Prop_CandySmall.Mesh.CandySmall": {"Rename": "", "Tags": [], "Metadata": "", "Location": [22810.7421875, -51069.22265625, 12574.9140625], "Rotation": [0, 5800, 0], "Scale": 1.0, "Scale3D": [1.0, 1.0, 1.0], "Materials": []}}, {"Prop_Digger.Mesh.DiggerCounterBalance": {"Rename": "", "Tags": [], "Metadata": "", "Location": [21761.873046875, -56144.58984375, 10881.01171875], "Rotation": [4000, 4700, 0], "Scale": 0.6100000143051147, "Scale3D": [1.0, 1.0, 1.0], "Materials": []}}, {"Sage_Prop_RockForest.Mesh.FishBag": {"Rename": "", "Tags": [], "Metadata": "", "Location": [25688.650390625, -49739.17578125, 12602.53125], "Rotation": [0, 16900, 0], "Scale": 2.0, "Scale3D": [1.0, 1.0, 1.0], "Materials": []}}, {"Char_Sage_Savage.Mesh.ForkedSpear": {"Rename": "", "Tags": [], "Metadata": "", "Location": [23870.3203125, -49850.21484375, 12661.70703125], "Rotation": [32800, 0, -1500], "Scale": 1.9600000381469727, "Scale3D": [1.0, 1.0, 1.0], "Materials": []}}, {"Sage_Prop_Generic.Mesh.Hangy_Moss_Sheet": {"Rename": "", "Tags": [], "Metadata": "", "Location": [22941.44140625, -48680.9609375, 12821.734375], "Rotation": [0, 0, 0], "Scale": 2.0, "Scale3D": [1.0, 1.0, 0.6899999976158142], "Materials": []}}, {"Sage_Prop_Generic.Mesh.Hangy_Moss_Tall": {"Rename": "", "Tags": [], "Metadata": "", "Location": [23717.5078125, -52247.77734375, 14461.1162109375], "Rotation": [0, 2800, 0], "Scale": 3.0, "Scale3D": [1.0, 1.0, 1.0], "Materials": []}}, {"Sage_Prop_Generic.Mesh.Large_Twisty_Tree": {"Rename": "", "Tags": [], "Metadata": "", "Location": [25059.35546875, -48741.8125, 12523.87109375], "Rotation": [0, -38900, 0], "Scale": 0.3199999928474426, "Scale3D": [1.0, 1.0, 1.0], "Materials": []}}, {"Char_Sage_Savage.Mesh.NativeShield": {"Rename": "", "Tags": [], "Metadata": "", "Location": [25073.814453125, -48812.99609375, 12593.4814453125], "Rotation": [4700, -19000, 0], "Scale": 2.0, "Scale3D": [1.0, 1.0, 1.0], "Materials": []}}, {"Prop_Trees.Mesh.TNTreeFruit": {"Rename": "", "Tags": [], "Metadata": "", "Location": [25254.435546875, -48790.87890625, 13123.255859375], "Rotation": [0, -19100, 0], "Scale": 1.0, "Scale3D": [1.0, 1.0, 1.0], "Materials": []}}, {"Char_Sage_Savage.Mesh.TallMask": {"Rename": "", "Tags": [], "Metadata": "", "Location": [25087.4140625, -48976.921875, 12501.5751953125], "Rotation": [0, 24800, -16400], "Scale": 2.0, "Scale3D": [1.0, 1.0, 1.0], "Materials": []}}, {"Char_Sage_Savage.Mesh.ToothSword": {"Rename": "", "Tags": [], "Metadata": "", "Location": [24972.21484375, -48908.33203125, 12499.2666015625], "Rotation": [0, 36800, 0], "Scale": 2.0, "Scale3D": [1.0, 1.0, 1.0], "Materials": []}}, {"Prop_Garbage.Meshes.AutoJunkPile_02": {"Rename": "", "Tags": [], "Metadata": "", "Location": [25376.779296875, -52566.7109375, 12484.4921875], "Rotation": [0, 0, 0], "Scale": 0.7599999904632568, "Scale3D": [1.0, 1.0, 0.6299999952316284], "Materials": []}}, {"prop_signs.GenericSign_03": {"Rename": "", "Tags": [], "Metadata": "", "Location": [22873.958984375, -49986.79296875, 12566.9130859375], "Rotation": [0, 16400, 2000], "Scale": 2.0, "Scale3D": [-1.0, 1.0, 1.0], "Materials": []}}, {"Prop_Plants.Dandelion_04": {"Rename": "", "Tags": [], "Metadata": "", "Location": [24311.7109375, -48687.95703125, 12499.271484375], "Rotation": [0, -4900, 0], "Scale": 1.0, "Scale3D": [1.0, 1.0, 1.0], "Materials": []}}, {"Prop_Tires.RubberTireHole": {"Rename": "", "Tags": [], "Metadata": "", "Location": [24316.103515625, -48681.9296875, 12493.3486328125], "Rotation": [0, 0, 0], "Scale": 1.0, "Scale3D": [1.0, 1.0, 1.0], "Materials": []}}, {"Prop_Details.DeadFish": {"Rename": "", "Tags": [], "Metadata": "", "Location": [23550.83203125, -49444.3046875, 12516.4482421875], "Rotation": [0, 0, -16400], "Scale": 2.0, "Scale3D": [1.0, 1.0, 1.0], "Materials": []}}, {"prop_signs.GenericSign_03": {"Rename": "", "Tags": [], "Metadata": "", "Location": [23778.142578125, -48895.9765625, 12497.70703125], "Rotation": [0, -30600, 16400], "Scale": 2.0, "Scale3D": [1.0, 1.0, 1.0], "Materials": []}}, {"Prop_Plants.GrassTall": {"Rename": "", "Tags": [], "Metadata": "", "Location": [26190.3984375, -51394.2421875, 12821.005859375], "Rotation": [0, -11000, 0], "Scale": 1.1100000143051147, "Scale3D": [0.4000000059604645, 0.28999999165534973, 1.0], "Materials": []}}, {"Sage_Prop_Generic.Mesh.Hangy_Moss_Sheet": {"Rename": "", "Tags": [], "Metadata": "", "Location": [26070.75, -51590.2734375, 12845.8427734375], "Rotation": [0, 0, 0], "Scale": 2.0, "Scale3D": [0.7300000190734863, 1.0, 1.0], "Materials": []}}, {"Sage_Prop_Generic.Mesh.Pumpkin_Leaves": {"Rename": "", "Tags": [], "Metadata": "", "Location": [25899.771484375, -51211.84765625, 12435.599609375], "Rotation": [0, -18400, 0], "Scale": 1.0, "Scale3D": [1.0, 1.0, 1.0], "Materials": []}}, {"prop_signs.GenericSign_03": {"Rename": "", "Tags": [], "Metadata": "", "Location": [23937.9453125, -52365.27734375, 12669.169921875], "Rotation": [-1300, 16400, 0], "Scale": 2.0, "Scale3D": [-1.0, 1.0, 1.0], "Materials": []}}, {"Prop_Panels.CorrugatePanel_04": {"Rename": "", "Tags": [], "Metadata": "", "Location": [24511.34765625, -52400.7734375, 12490.962890625], "Rotation": [0, 12300, 0], "Scale": 1.350000023841858, "Scale3D": [1.0, 1.0, 1.0], "Materials": []}}, {"Prop_Corpses.Meshes.DeadBandit_03": {"Rename": "", "Tags": [], "Metadata": "", "Location": [23980.689453125, -52351.59765625, 12493.7236328125], "Rotation": [0, -3000, 0], "Scale": 1.0, "Scale3D": [-1.0, 1.0, 1.0], "Materials": []}}, {"Char_Sage_Savage.Mesh.ForkedSpear": {"Rename": "", "Tags": [], "Metadata": "", "Location": [23990.876953125, -52584.0078125, 12631.2470703125], "Rotation": [5000, 0, 0], "Scale": 1.5, "Scale3D": [1.0, 1.0, 1.0], "Materials": []}}, {"Sage_Prop_Generic.Mesh.Hangy_Moss_Sheet": {"Rename": "", "Tags": [], "Metadata": "", "Location": [24067.6796875, -52563.85546875, 12586.298828125], "Rotation": [0, -9100, 0], "Scale": 0.25999999046325684, "Scale3D": [1.0, 0.3799999952316284, 1.0], "Materials": []}}, {"prop_doors.Meshes.BanditDoorVar2Door": {"Rename": "Door", "Tags": ["Door"], "Metadata": "", "Location": [23222.65234375, -48878.99609375, 12493.8974609375], "Rotation": [0, 16400, 0], "Scale": 1.0499999523162842, "Scale3D": [1.0, 1.0, 1.0], "Materials": []}}, {"EngineMeshes.Cube": {"Rename": "Invisible Ceiling", "Tags": [], "Metadata": "", "Location": [24425.607421875, -50578.4609375, 12933.052734375], "Rotation": [0, 0, 0], "Scale": 17.950000762939453, "Scale3D": [1.0, 1.0, 0.0010000000474974513], "Materials": ["FX_ENV_VOG.Materials.Angel_Echo_INST"]}}, {"Sage_Prop_Generic.Mesh.Hangy_Moss_Tall": {"Rename": "", "Tags": [], "Metadata": "", "Location": [23460.140625, -51318.453125, 12827.43359375], "Rotation": [0, 0, 0], "Scale": 2.0, "Scale3D": [1.0, 0.36000001430511475, 0.6499999761581421], "Materials": []}}, {"Char_Sage_Savage.Mesh.HeadDress": {"Rename": "", "Tags": [], "Metadata": "", "Location": [24076.279296875, -51340.203125, 12533.748046875], "Rotation": [0, 32800, -6500], "Scale": 2.0, "Scale3D": [1.0, 1.0, 1.0], "Materials": []}}, {"Char_Sage_Savage.Mesh.HeadPlank": {"Rename": "", "Tags": [], "Metadata": "", "Location": [23621.140625, -51314.34375, 12719.55859375], "Rotation": [2200, 32800, 0], "Scale": 2.0, "Scale3D": [1.0, 1.0, 1.0], "Materials": []}}, {"Prop_PrimalBeastDen.Mesh.Jaw": {"Rename": "", "Tags": [], "Metadata": "", "Location": [23950.48046875, -50723.609375, 12519.5400390625], "Rotation": [0, 5300, 0], "Scale": 0.5, "Scale3D": [1.0, 1.0, 1.0], "Materials": []}}, {"Env_OldDust.Meshes.SM_BlockChain": {"Rename": "", "Tags": [], "Metadata": "", "Location": [25590.580078125, -50517.265625, 12495.0869140625], "Rotation": [0, 0, 0], "Scale": 1.5199999809265137, "Scale3D": [1.0, 1.0, 1.0], "Materials": []}}, {"Env_OldDust.Meshes.SM_BlockChain": {"Rename": "", "Tags": [], "Metadata": "", "Location": [25543.580078125, -50354.265625, 12495.0869140625], "Rotation": [0, -27700, 0], "Scale": 1.2599999904632568, "Scale3D": [1.0, 1.0, 1.0], "Materials": []}}], "InteractiveObjectDefinition": [{"GD_GenericSwitches.InteractiveObjects.GenericFloorLever": {"Rename": "Door Lever", "Tags": ["Door Lever"], "Metadata": "", "Location": [22589.900390625, -50197.6484375, 12490.9453125], "Rotation": [0, 16400, 0], "Scale": 1.0, "Scale3D": [1.0, 1.0, 1.0], "Materials": []}}]}}}