{"dark_forest_p": {"Create": {"StaticMesh": [{"Common_Meshes.Blocking.Blocking_Cube": {"Rename": "Floor", "Tags": [], "Metadata": "", "Location": [-460.59698486328125, -24446.119140625, -2459.152099609375], "Rotation": [0, 0, 0], "Scale": 15.0, "Scale3D": [1.0, 1.0, 0.009999999776482582], "Materials": ["GD_Anemone_Plot_Mission040.Materials.Mati_Dragon"]}}, {"Common_Meshes.Blocking.Blocking_Cube": {"Rename": "Wall 1", "Tags": [], "Metadata": "", "Location": [-460.59698486328125, -24446.119140625, -2459.152099609375], "Rotation": [16400, 0, 0], "Scale": 15.0, "Scale3D": [1.0, 1.0, 0.009999999776482582], "Materials": ["Lobelia_GunMaterials.Materials.sniper.Mati_Jakobs_Pearl_Godfinger"]}}, {"Common_Meshes.Blocking.Blocking_Cube": {"Rename": "Wall 2", "Tags": [], "Metadata": "", "Location": [-460.59698486328125, -24446.119140625, -2459.152099609375], "Rotation": [16400, -16400, 0], "Scale": 15.0, "Scale3D": [1.0, 1.0, 0.009999999776482582], "Materials": ["Common_GunMaterials.Materials.Launcher.Mati_MaliwanUniqueRL_Norfleet"]}}, {"Common_Meshes.Blocking.Blocking_Cube": {"Rename": "Wall 3", "Tags": [], "Metadata": "", "Location": [3379.403076171875, -24446.119140625, -2459.152099609375], "Rotation": [16400, 0, 0], "Scale": 15.0, "Scale3D": [1.0, 1.0, 0.009999999776482582], "Materials": ["Davery_DLC4_Tests.Materials.Mati_FarmItems2_Emissive"]}}, {"Common_Meshes.Blocking.Blocking_Cube": {"Rename": "Wall 4", "Tags": [], "Metadata": "", "Location": [-460.59698486328125, -20646.119140625, -2459.152099609375], "Rotation": [16400, -16400, 0], "Scale": 15.0, "Scale3D": [1.0, 1.0, 0.009999999776482582], "Materials": ["Common_GunMaterials.MasterMaterials.Maliwan.MasterMati_MaliwanLegendary"]}}, {"Common_Meshes.Blocking.Blocking_Cube": {"Rename": "Ceiling", "Tags": [], "Metadata": "", "Location": [-460.59698486328125, -24446.119140625, -1079.1519775390625], "Rotation": [0, 0, 0], "Scale": 15.0, "Scale3D": [1.0, 1.0, 0.009999999776482582], "Materials": ["Char_Aster_Orc.Materials.Mati_OrcBadass"]}}, {"Char_Anem_ButtStallion.Mesh.ButtStallion": {"Rename": "", "Tags": [], "Metadata": "", "Location": [3240.342041015625, -24277.4453125, -2423.093017578125], "Rotation": [0, 21000, 0], "Scale": 1.0, "Scale3D": [1.0, 1.0, 1.0], "Materials": ["Item_ClassMods.Mat.Mati_ClassMod_Siren_Witch"]}}, {"Common_Meshes.Blocking.Blocking_Cube": {"Rename": "Glitch Effect 1", "Tags": ["Glitch Effect 1"], "Metadata": "", "Location": [-173.5970001220703, -24437.119140625, -1883.1519775390625], "Rotation": [10500, 1100, -3700], "Scale": 2.9800000190734863, "Scale3D": [1.0, 1.0, 9.999999747378752e-05], "Materials": ["FX_CHAR_Shared_Shield.Materials.Instances.Digital.Tediore.corrosive.HQ.Mati_Corrosive_Chimera_Shield"]}}, {"Common_Meshes.Blocking.Blocking_Cube": {"Rename": "Glitch Effect 2", "Tags": ["Glitch Effect 2"], "Metadata": "", "Location": [1783.4029541015625, -21090.119140625, -1766.1519775390625], "Rotation": [21700, 13000, -3700], "Scale": 2.9800000190734863, "Scale3D": [1.0, 1.0, 9.999999747378752e-05], "Materials": ["FX_CHAR_Shared_Shield.Materials.Instances.Digital.Dahl.Basic.MQ.Mati_Shield_Generic"]}}, {"FX_BOSS_FinalBoss.Geo.Bulge": {"Rename": "Glitch Effect 3", "Tags": ["Glitch Effect 3"], "Metadata": "", "Location": [2443.530029296875, -23214.439453125, -2425.845947265625], "Rotation": [0, 0, 0], "Scale": 1.0, "Scale3D": [1.0, 1.0, 5.940000057220459], "Materials": ["Item_ClassMods.Mat.Mati_ClassMod_Soldier_Grenadier"]}}, {"Prop_Plants.GrassThickShort": {"Rename": "", "Tags": [], "Metadata": "", "Location": [1905.2523193359375, -23444.72265625, -2427.8291015625], "Rotation": [0, 0, 0], "Scale": 2.0, "Scale3D": [1.0, 1.0, 1.0], "Materials": []}}, {"Prop_Trees.Mesh.BloodwingNest": {"Rename": "", "Tags": [], "Metadata": "", "Location": [675.0650024414062, -23837.49609375, -2392.166015625], "Rotation": [0, 0, 0], "Scale": 1.0, "Scale3D": [2.4100000858306885, 1.0, 1.0], "Materials": []}}, {"Char_Aster_ButtStallion.Mesh.ButtStallion_DiamondPile": {"Rename": "", "Tags": [], "Metadata": "", "Location": [1440.9169921875, -23343.59765625, -1060.364013671875], "Rotation": [32800, 5400, 0], "Scale": 5.0, "Scale3D": [1.600000023841858, 1.0, 2.619999885559082], "Materials": ["Common_GunMaterials.Materials.Pistol.Mati_MaliwanRare"]}}, {"FX_CHAR_Damage_Matrix.Mesh.DamageType_Sphere": {"Rename": "", "Tags": [], "Metadata": "", "Location": [1961.06005859375, -24101.923828125, -1968.4110107421875], "Rotation": [0, -20300, 0], "Scale": 1.690000057220459, "Scale3D": [1.0, 1.0, 1.0], "Materials": []}}, {"FX_Aster_Will-O-Wisp.Mesh.Fairy_Lollipop": {"Rename": "", "Tags": [], "Metadata": "", "Location": [2486.537109375, -21479.5703125, -2014.8155517578125], "Rotation": [-1500, 9000, 16400], "Scale": 10.0, "Scale3D": [1.0, 1.0, 1.0], "Materials": []}}, {"FX_Aster_WizardSpells.Mesh.SummonSwirl": {"Rename": "", "Tags": [], "Metadata": "", "Location": [1317.60595703125, -22968.587890625, -1918.7220458984375], "Rotation": [0, 0, 0], "Scale": 17.1200008392334, "Scale3D": [1.0, 1.0, 7.670000076293945], "Materials": []}}, {"Prop_PrimalBeastDen.Mesh.Tusk": {"Rename": "", "Tags": [], "Metadata": "", "Location": [3332.93701171875, -22684.783203125, -1645.2357177734375], "Rotation": [15900, 0, 0], "Scale": 1.0, "Scale3D": [1.4199999570846558, 1.909999966621399, 2.0799999237060547], "Materials": []}}, {"FX_Shared_Mesh.Meshes.Alien_Subtractive_MuzzleFlash_Smesh": {"Rename": "", "Tags": [], "Metadata": "", "Location": [2284.43994140625, -23221.884765625, -2239.699951171875], "Rotation": [13500, 0, 14700], "Scale": 56.529998779296875, "Scale3D": [1.0, 2.630000114440918, 1.0], "Materials": []}}, {"Prop_Crate.Meshes.AmmoCrate": {"Rename": "", "Tags": [], "Metadata": "", "Location": [1339.1600341796875, -23505.62890625, -2415.4970703125], "Rotation": [0, 3200, 0], "Scale": 2.0, "Scale3D": [1.0, 1.0, 1.0], "Materials": []}}, {"Prop_Armor.Meshes.BanditSkull": {"Rename": "", "Tags": [], "Metadata": "", "Location": [2259.927734375, -24096.162109375, -2093.343017578125], "Rotation": [3600, 30400, -3400], "Scale": 2.0, "Scale3D": [1.0, 1.0, 1.0], "Materials": []}}, {"Prop_Details.Meshes.Banjo": {"Rename": "", "Tags": [], "Metadata": "", "Location": [2271.38134765625, -23766.490234375, -1530.041015625], "Rotation": [4500, 6000, 0], "Scale": 2.0, "Scale3D": [1.0, 1.0, 1.0], "Materials": []}}, {"FX_Aster_Dark_Forest.Meshes.BloodPool_Bubbles": {"Rename": "", "Tags": [], "Metadata": "", "Location": [1349.0970458984375, -23591.61328125, -2053.51806640625], "Rotation": [0, -4200, 0], "Scale": 10.829999923706055, "Scale3D": [1.0, 1.0, 1.0], "Materials": []}}, {"Char_Bloodwing.Meshes.Bloodwing": {"Rename": "", "Tags": [], "Metadata": "", "Location": [2268.031982421875, -24099.166015625, -2067.6669921875], "Rotation": [0, -26000, 0], "Scale": 0.550000011920929, "Scale3D": [1.0, 1.0, 1.0], "Materials": []}}, {"Aster_Prop_Rocks.Meshes.BoulderPile_01": {"Rename": "", "Tags": [], "Metadata": "", "Location": [3174.197021484375, -22066.787109375, -2452.64599609375], "Rotation": [0, -9200, 0], "Scale": 1.0, "Scale3D": [1.0, 1.0, 1.0], "Materials": []}}, {"Aster_Prop_Ruins.Meshes.Brick_Wall_01": {"Rename": "", "Tags": [], "Metadata": "", "Location": [3086.867919921875, -23950.3203125, -1675.3310546875], "Rotation": [0, 0, 0], "Scale": 1.0, "Scale3D": [1.0, 1.0, 1.0], "Materials": ["FX_CHAR_Shared_Shield.Materials.Instances.Digital.Tediore.Incendiary.HQ.Mati_Incendiary_Chimera_Shield"]}}, {"FX_Aster_CastleKeep.Meshes.CloudPlane": {"Rename": "", "Tags": [], "Metadata": "", "Location": [-78.81800079345703, -21881.728515625, -2420.652099609375], "Rotation": [0, 0, 0], "Scale": 5.880000114440918, "Scale3D": [1.0, 1.0, 1.0], "Materials": []}}, {"Aster_DarkForest.Meshes.Dark_Forest_LargeTwistyTree": {"Rename": "", "Tags": [], "Metadata": "", "Location": [810.2520141601562, -22602.533203125, -1424.489013671875], "Rotation": [0, 0, 0], "Scale": 0.3499999940395355, "Scale3D": [1.0, 1.0, 1.0], "Materials": []}}, {"Aster_Prop_Cauldron.Mesh.Cauldron": {"Rename": "", "Tags": [], "Metadata": "", "Location": [-165.947998046875, -23639.111328125, -2563.868896484375], "Rotation": [0, 0, 0], "Scale": 2.0, "Scale3D": [1.0, 1.0, 1.0], "Materials": []}}, {"Prop_Corpses.Meshes.DeadMaleVillager_01c": {"Rename": "", "Tags": [], "Metadata": "", "Location": [-153.29400634765625, -23610.0078125, -2210.794921875], "Rotation": [0, -28900, 0], "Scale": 4.75, "Scale3D": [0.019999999552965164, 0.75, 1.0299999713897705], "Materials": []}}, {"Aster_Prop_Weapons.Meshes.Melee_HandleHammer": {"Rename": "", "Tags": [], "Metadata": "", "Location": [-129.2169952392578, -23479.640625, -1852.594970703125], "Rotation": [3900, -24000, 0], "Scale": 4.559999942779541, "Scale3D": [1.0, 1.0, 1.0], "Materials": []}}, {"Prop_Glacier.Meshes.GlacierFlowCorner": {"Rename": "", "Tags": [], "Metadata": "", "Location": [3111.322021484375, -20855.03125, -1053.89794921875], "Rotation": [32800, -16700, 0], "Scale": 0.12999999523162842, "Scale3D": [1.0, 1.0, 1.909999966621399], "Materials": []}}, {"Weap_Grenades.Meshes.Grenade_Vladof": {"Rename": "", "Tags": [], "Metadata": "", "Location": [696.7670288085938, -23826.142578125, -2407.639892578125], "Rotation": [0, 0, 0], "Scale": 10.0, "Scale3D": [1.0, 1.0, 1.0], "Materials": []}}, {"Prop_Plants.Meshes.HangingMossArc": {"Rename": "", "Tags": [], "Metadata": "", "Location": [2528.09912109375, -22715.87890625, -1840.94921875], "Rotation": [0, 0, 0], "Scale": 1.7000000476837158, "Scale3D": [1.0, 1.0, 1.0], "Materials": []}}, {"FX_GOR_Mesh.Meshes.Humanoid.GoliathGibLeg": {"Rename": "", "Tags": [], "Metadata": "", "Location": [1076.906982421875, -22840.76953125, -2347.5400390625], "Rotation": [0, -4100, -16400], "Scale": 3.0, "Scale3D": [1.0, 1.0, 1.0], "Materials": []}}, {"FX_GOR_Mesh.Meshes.Humanoid.PsychoBanditGibLeg": {"Rename": "", "Tags": [], "Metadata": "", "Location": [1095.2010498046875, -22834.9765625, -2218.301025390625], "Rotation": [0, 0, 16300], "Scale": 5.0, "Scale3D": [1.0, 1.0, 1.0], "Materials": []}}, {"Prop_Rocks_03.Meshes.LooseRocks_02HighCol": {"Rename": "", "Tags": [], "Metadata": "", "Location": [980.2630004882812, -23004.62109375, -2414.35791015625], "Rotation": [0, 0, 0], "Scale": 1.0, "Scale3D": [1.0, 1.0, 1.0], "Materials": []}}, {"FX_Shared_Mesh.Meshes.MD_Globule_01_RH": {"Rename": "", "Tags": [], "Metadata": "", "Location": [2228.740966796875, -24407.50390625, -1183.157958984375], "Rotation": [0, -16400, 32800], "Scale": 20.0, "Scale3D": [9.999999747378752e-05, 1.0, 1.0], "Materials": []}}, {"GD_Anemone_Side_Sirentology.Meshes.MainConsoleDestroy_State3": {"Rename": "", "Tags": [], "Metadata": "", "Location": [2778.7900390625, -24233.283203125, -2421.575927734375], "Rotation": [0, 16400, 0], "Scale": 3.0, "Scale3D": [1.0, 1.0, 1.0], "Materials": []}}, {"FX_InteractiveObjects.Meshes.Mesh_Artifact_Ring": {"Rename": "", "Tags": [], "Metadata": "", "Location": [927.6259765625, -22559.94140625, -1891.676025390625], "Rotation": [-3000, 0, -4300], "Scale": 8.020000457763672, "Scale3D": [1.0, 1.0, 1.0], "Materials": []}}, {"FX_WEP_Trails.Meshes.Mesh_Alien_Tracer": {"Rename": "", "Tags": [], "Metadata": "", "Location": [52.402000427246094, -22992.66015625, -778.6500244140625], "Rotation": [9200, 3300, 0], "Scale": 10.0, "Scale3D": [1.0, 4.199999809265137, 8.569999694824219], "Materials": ["Common_GunMaterials.Materials.SMG.Mati_MaliwanSMGUnique_BadTouch"]}}, {"FX_WEP_Scopes.Meshes.Mesh_Maliwan_Sniper_Scope_Hex": {"Rename": "", "Tags": [], "Metadata": "", "Location": [1976.5615234375, -21377.517578125, -2030.8680419921875], "Rotation": [16400, 9000, 0], "Scale": 100.0, "Scale3D": [13.800000190734863, 1.0, 1.0], "Materials": []}}, {"Prop_Flags.Meshes.NewStreamers_04": {"Rename": "", "Tags": [], "Metadata": "", "Location": [-110.9990005493164, -22401.7734375, -1335.43798828125], "Rotation": [0, 18000, 0], "Scale": 5.800000190734863, "Scale3D": [0.10000000149011612, 1.0, 29.700000762939453], "Materials": []}}, {"FX_WEP_Shared.Meshes.RL_Rocket": {"Rename": "", "Tags": [], "Metadata": "", "Location": [432.1050109863281, -22326.17578125, -2156.202880859375], "Rotation": [0, 0, 0], "Scale": 3.0, "Scale3D": [1.0, 1.0, 1.0], "Materials": []}}, {"Aster_Prop_Ruins.Meshes.Ruin_Wall": {"Rename": "", "Tags": [], "Metadata": "", "Location": [543.6129760742188, -22418.798828125, -2433.368896484375], "Rotation": [0, 0, 0], "Scale": 1.0, "Scale3D": [1.3899999856948853, 1.0, 1.0], "Materials": ["FX_IO_Digistruct.Materials.Mati_DigiPaneSolidBar"]}}, {"Aster_Prop_Ruins.Meshes.Ruins_Buildings_Stairs": {"Rename": "", "Tags": [], "Metadata": "", "Location": [1650.4610595703125, -21740.974609375, -2389.14306640625], "Rotation": [0, 8500, 0], "Scale": 1.0, "Scale3D": [1.0, 0.5899999737739563, 1.1299999952316284], "Materials": []}}, {"Env_Sanctuary.Meshes.SancBuildingCube01": {"Rename": "", "Tags": [], "Metadata": "", "Location": [1947.1492919921875, -23048.462890625, -2588.7080078125], "Rotation": [0, 0, 0], "Scale": 1.0, "Scale3D": [0.30000001192092896, 3.0999999046325684, 1.0], "Materials": ["None"]}}, {"Env_Sanctuary.Meshes.SancBuildingCube01": {"Rename": "", "Tags": [], "Metadata": "", "Location": [334.88800048828125, -21768.060546875, -1808.18701171875], "Rotation": [0, 0, 0], "Scale": 1.0, "Scale3D": [1.0, 1.0, 3.109999895095825], "Materials": ["FX_CHAR_Damage_Matrix.Materials.DamageNumbers.Mat_Critical_Eng"]}}, {"Prop_Details.Meshes.TeaKettle": {"Rename": "", "Tags": [], "Metadata": "", "Location": [1007.22998046875, -21020.07421875, -2426.235107421875], "Rotation": [0, 4000, 0], "Scale": 30.0, "Scale3D": [1.0, 1.0, 1.0], "Materials": []}}, {"Env_Dark_Forest.Meshes.TreesFill": {"Rename": "", "Tags": [], "Metadata": "", "Location": [1108.9229736328125, -21872.267578125, -2183.473876953125], "Rotation": [16400, 0, 0], "Scale": 0.10000000149011612, "Scale3D": [2.4000000953674316, 1.0, 1.0], "Materials": []}}, {"Prop_Plants.Mushrooms": {"Rename": "", "Tags": [], "Metadata": "", "Location": [1180.5045166015625, -22455.193359375, -2313.59033203125], "Rotation": [0, 0, -16400], "Scale": 1.0, "Scale3D": [1.0, 1.0, 1.0], "Materials": []}}, {"Prop_Plants.PumpkinLeaves": {"Rename": "", "Tags": [], "Metadata": "", "Location": [2098.927001953125, -21655.76171875, -2857.60595703125], "Rotation": [0, 0, 0], "Scale": 3.9000000953674316, "Scale3D": [1.0, 1.0, 13.0], "Materials": ["Prop_MoonBase.Materials.Mati_Moon"]}}, {"FX_Shared_Tech.StaticMeshes.LightCone": {"Rename": "", "Tags": [], "Metadata": "", "Location": [2313.375, -23985.953125, -1379.240966796875], "Rotation": [7200, 0, 0], "Scale": 10.0, "Scale3D": [1.0, 1.0, 1.0], "Materials": []}}, {"Aster_Prop_Village.Village_Building_Roof_01": {"Rename": "", "Tags": [], "Metadata": "", "Location": [272.5559997558594, -22918.869140625, -2447.221923828125], "Rotation": [0, 4900, 0], "Scale": 1.0, "Scale3D": [1.0, 1.0, 1.0], "Materials": []}}, {"Common_Meshes.CollisionCube": {"Rename": "", "Tags": [], "Metadata": "", "Location": [-536.6110229492188, -24429.841796875, -1478.6259765625], "Rotation": [0, 0, 0], "Scale": 5.0, "Scale3D": [1.0, 0.699999988079071, 1.0], "Materials": []}}, {"Common_Meshes.CollisionCylinder": {"Rename": "", "Tags": [], "Metadata": "", "Location": [1430.75, -22382.62890625, -1683.1180419921875], "Rotation": [0, 0, 0], "Scale": 1.0, "Scale3D": [1.0, 1.0, 5.820000171661377], "Materials": []}}, {"Prop_Tools.Bolt": {"Rename": "", "Tags": [], "Metadata": "", "Location": [1991.0169677734375, -23010.330078125, -2327.73095703125], "Rotation": [0, 0, 0], "Scale": 3.0, "Scale3D": [1.0, 1.0, 1.0], "Materials": []}}, {"Prop_Plants.GrassTall": {"Rename": "", "Tags": [], "Metadata": "", "Location": [1583.0379638671875, -22823.69140625, -2422.864013671875], "Rotation": [0, 0, 0], "Scale": 2.200000047683716, "Scale3D": [1.0, 1.0, 2.5899999141693115], "Materials": []}}, {"FX_Aster_Will-O-Wisp.Mesh.Fairy_Donut": {"Rename": "", "Tags": [], "Metadata": "", "Location": [569.2936401367188, -23529.0078125, -1971.28564453125], "Rotation": [8100, 7800, 0], "Scale": 5.0, "Scale3D": [1.0, 1.0, 1.0], "Materials": []}}, {"FX_Aster_Will-O-Wisp.Mesh.Fairy_Pie": {"Rename": "", "Tags": [], "Metadata": "", "Location": [2384.868896484375, -22322.791015625, -2087.419921875], "Rotation": [-3000, 15700, 8300], "Scale": 3.0, "Scale3D": [1.0, 1.0, 1.0], "Materials": []}}, {"FX_Goliath.Mesh.Goliath_LevelUp_Cylinder": {"Rename": "", "Tags": [], "Metadata": "", "Location": [1426.625, -22402.041015625, -1065.0159912109375], "Rotation": [32800, 0, 0], "Scale": 8.239999771118164, "Scale3D": [1.0, 1.0, 0.6899999976158142], "Materials": []}}, {"FX_Aster_Environments.Mesh.Mesh_FlatPlane_Smesh": {"Rename": "", "Tags": [], "Metadata": "", "Location": [1394.97998046875, -22885.07421875, -1341.3809814453125], "Rotation": [6000, -3500, 4100], "Scale": 2.0, "Scale3D": [1.0, 1.0, 0.6499999761581421], "Materials": []}}, {"Char_Aster_Spider.Mesh.SpiderButt": {"Rename": "", "Tags": [], "Metadata": "", "Location": [1055.1650390625, -22403.470703125, -1596.614013671875], "Rotation": [0, 0, 0], "Scale": 1.0, "Scale3D": [1.0, 1.0, 1.0], "Materials": []}}, {"Aster_Prop_Armor.Meshes.Armor_ForearmAcc_R": {"Rename": "", "Tags": [], "Metadata": "", "Location": [-627.0120239257812, -20865.986328125, -1328.780029296875], "Rotation": [3000, 0, 2000], "Scale": 13.600000381469727, "Scale3D": [1.0, 1.0, 1.0], "Materials": []}}, {"Prop_Carnival.GypsyWagonWheel": {"Rename": "", "Tags": [], "Metadata": "", "Location": [-338.7860107421875, -21520.759765625, -1638.7559814453125], "Rotation": [0, 0, -8000], "Scale": 2.9000000953674316, "Scale3D": [1.0, 1.0, 1.0], "Materials": []}}, {"Char_Anem_ButtStallion.Mesh.ButtStallion": {"Rename": "", "Tags": [], "Metadata": "", "Location": [2583.05810546875, -23124.509765625, -2421.0], "Rotation": [0, -7000, 0], "Scale": 1.0, "Scale3D": [1.0, 1.0, 1.0], "Materials": ["Weap_Grenades.Materials.Mati_GrenadeTorgueUncommon"]}}, {"Char_Anem_ButtStallion.Mesh.ButtStallion": {"Rename": "", "Tags": [], "Metadata": "", "Location": [1643.0579833984375, -23274.509765625, -2421.0], "Rotation": [0, -6000, 0], "Scale": 1.0, "Scale3D": [1.0, 1.0, 1.0], "Materials": ["Aster_GunMaterials.Materials.Pistol.Mati_Torgue_Rock_Pistol"]}}, {"Char_Anem_ButtStallion.Mesh.ButtStallion": {"Rename": "", "Tags": [], "Metadata": "", "Location": [2863.05810546875, -22604.509765625, -2421.0], "Rotation": [0, -31000, 0], "Scale": 1.0, "Scale3D": [1.0, 1.0, 1.0], "Materials": ["FX_WEP_Decals.Metal.Mati_Decal_Metal_1"]}}, {"Char_Anem_ButtStallion.Mesh.ButtStallion": {"Rename": "", "Tags": [], "Metadata": "", "Location": [743.0579833984375, -23204.509765625, -2421.0], "Rotation": [0, -1000, 0], "Scale": 1.0, "Scale3D": [1.0, 1.0, 1.0], "Materials": ["Common_GunMaterials.Materials.Launcher.Mati_MaliwanUniqueRL_Norfleet"]}}, {"Char_Anem_ButtStallion.Mesh.ButtStallion": {"Rename": "", "Tags": [], "Metadata": "", "Location": [-226.94200134277344, -24184.509765625, -2421.0], "Rotation": [0, 12000, 0], "Scale": 1.0, "Scale3D": [1.0, 1.0, 1.0], "Materials": ["Common_GunMaterials.Materials.SMG.Mati_MaliwanSMGUnique_BadTouch"]}}, {"Char_Anem_ButtStallion.Mesh.ButtStallion": {"Rename": "", "Tags": [], "Metadata": "", "Location": [-206.94200134277344, -23044.509765625, -2421.0], "Rotation": [0, -13000, 0], "Scale": 1.0, "Scale3D": [1.0, 1.0, 1.0], "Materials": ["Common_GunMaterials.Materials.Shotgun.Mati_TedioreUniqueSG_Octo"]}}, {"Char_Anem_ButtStallion.Mesh.ButtStallion": {"Rename": "", "Tags": [], "Metadata": "", "Location": [-186.94200134277344, -21984.509765625, -2421.0], "Rotation": [0, -45000, 0], "Scale": 1.0, "Scale3D": [1.0, 1.0, 1.0], "Materials": ["FX_Shared_Dirt.Materials.Mati_Rocks_SubUV_2x2_Edged"]}}, {"Char_Anem_ButtStallion.Mesh.ButtStallion": {"Rename": "", "Tags": [], "Metadata": "", "Location": [33.05799865722656, -21174.509765625, -2161.0], "Rotation": [-25000, -48000, 25000], "Scale": 1.0, "Scale3D": [1.0, 1.0, 1.0], "Materials": ["Char_BugMorph.Materials.Mati_BugMorph"]}}, {"Char_Anem_ButtStallion.Mesh.ButtStallion": {"Rename": "", "Tags": [], "Metadata": "", "Location": [1542.362060546875, -20858.859375, -2427.205078125], "Rotation": [0, -8000, 0], "Scale": 1.0, "Scale3D": [1.0, 1.0, 1.0], "Materials": ["Item_Shields.Materials.Mati_ShieldTorgueCommon"]}}, {"Char_Anem_ButtStallion.Mesh.ButtStallion": {"Rename": "", "Tags": [], "Metadata": "", "Location": [702.362060546875, -20828.859375, -2427.205078125], "Rotation": [0, -27000, 0], "Scale": 1.0, "Scale3D": [1.0, 1.0, 1.0], "Materials": ["Prop_Ruin.Materials.Mati_CementCrack"]}}, {"Char_Anem_ButtStallion.Mesh.ButtStallion": {"Rename": "", "Tags": [], "Metadata": "", "Location": [1910.81201171875, -21468.904296875, -2034.1080322265625], "Rotation": [0, -27000, 0], "Scale": 1.0, "Scale3D": [1.0, 1.0, 1.0], "Materials": ["FX_ENV_Animations.Materials.Mat_Dirt_Splash"]}}, {"Char_Anem_ButtStallion.Mesh.ButtStallion": {"Rename": "", "Tags": [], "Metadata": "", "Location": [2982.362060546875, -20878.859375, -2427.205078125], "Rotation": [0, -27000, 0], "Scale": 3.0, "Scale3D": [1.0, 1.0, 1.0], "Materials": ["Prop_Pickups.Materials.Mati_MannequinHead_Pickup"]}}, {"Char_Anem_ButtStallion.Mesh.ButtStallion": {"Rename": "", "Tags": [], "Metadata": "", "Location": [1971.725341796875, -22161.203125, -2426.451904296875], "Rotation": [0, -27000, 0], "Scale": 1.0, "Scale3D": [1.0, 1.0, 1.0], "Materials": ["Prop_Iris_Pickups.Materials.Mati_CrystaliskPink"]}}, {"Char_Anem_ButtStallion.Mesh.ButtStallion": {"Rename": "", "Tags": [], "Metadata": "", "Location": [1190.2249755859375, -21649.958984375, -2425.489013671875], "Rotation": [0, -27000, 0], "Scale": 1.0, "Scale3D": [1.0, 1.0, 1.0], "Materials": ["GD_Sage_HarpoonGun.Materials.Mati_Sage_Harpoon"]}}, {"Char_Anem_ButtStallion.Mesh.ButtStallion": {"Rename": "", "Tags": [], "Metadata": "", "Location": [780.2249755859375, -21829.958984375, -2155.489013671875], "Rotation": [-8000, -7000, 0], "Scale": 1.0, "Scale3D": [1.0, 1.0, 1.0], "Materials": ["Common_GunMaterials.Materials.Pistol.Mati_BanditEpic"]}}, {"Char_Anem_ButtStallion.Mesh.ButtStallion": {"Rename": "", "Tags": [], "Metadata": "", "Location": [1641.9951171875, -22023.27734375, -1654.481201171875], "Rotation": [-8000, -15000, 7000], "Scale": 2.0, "Scale3D": [1.0, 1.0, 1.0], "Materials": ["FX_IO_Digistruct.Materials.Mati_DigiPaneSolidBar"]}}, {"Char_Anem_ButtStallion.Mesh.ButtStallion": {"Rename": "", "Tags": [], "Metadata": "", "Location": [3047.86181640625, -23461.26171875, -1678.322998046875], "Rotation": [7000, -22000, 7000], "Scale": 1.0, "Scale3D": [0.800000011920929, 1.0, -2.799999952316284], "Materials": ["GD_Anemone_Shields.Materials.Mati_ShieldMaliwanLegendary"]}}, {"Char_Anem_ButtStallion.Mesh.ButtStallion": {"Rename": "", "Tags": [], "Metadata": "", "Location": [1431.245849609375, -24038.31640625, -2429.573974609375], "Rotation": [0, -56000, 0], "Scale": 1.0, "Scale3D": [0.5, 1.0, 1.0], "Materials": ["Item_Shields.Materials.Mati_ShieldHyperionUncommon"]}}, {"Char_Anem_ButtStallion.Mesh.ButtStallion": {"Rename": "", "Tags": [], "Metadata": "", "Location": [691.2459716796875, -24258.31640625, -2439.573974609375], "Rotation": [-13000, -56000, -3000], "Scale": 1.600000023841858, "Scale3D": [1.0, 1.0, 1.0], "Materials": ["FX_WEP_Shared.Materials.Mati_AssaultCasing"]}}, {"Char_Anem_ButtStallion.Mesh.ButtStallion": {"Rename": "", "Tags": [], "Metadata": "", "Location": [1467.5235595703125, -23132.744140625, -1687.286376953125], "Rotation": [-22000, -56000, -3000], "Scale": 1.0, "Scale3D": [1.0, 1.0, 1.0], "Materials": ["Common_GunMaterials.Materials.SMG.Mati_Maliwan_Legendary_Hellfire"]}}, {"Char_Anem_ButtStallion.Mesh.ButtStallion": {"Rename": "", "Tags": [], "Metadata": "", "Location": [425.13861083984375, -22482.49609375, -1074.405029296875], "Rotation": [-32800, 9000, 0], "Scale": 2.0, "Scale3D": [1.0, 1.0, 1.0], "Materials": ["Char_Stalker.Materials.Mati_StalkerStandardAttach"]}}, {"Char_Anem_ButtStallion.Mesh.ButtStallion": {"Rename": "", "Tags": [], "Metadata": "", "Location": [-463.93701171875, -22007.3984375, -1827.282958984375], "Rotation": [-16400, 0, 0], "Scale": 1.4299999475479126, "Scale3D": [1.0, 1.0, 1.0], "Materials": ["GD_Aster_Explosives.Materials.Mati_WoodBarrelIncendiary"]}}, {"Char_Anem_ButtStallion.Mesh.ButtStallion": {"Rename": "", "Tags": [], "Metadata": "", "Location": [1639.39794921875, -21000.63671875, -1476.6820068359375], "Rotation": [13300, 0, 0], "Scale": 1.4299999475479126, "Scale3D": [0.5400000214576721, 1.0, 4.119999885559082], "Materials": ["Prop_Barrels.Materials.Mati_MetalBarrelShockOn"]}}, {"Char_Anem_ButtStallion.Mesh.ButtStallion": {"Rename": "", "Tags": [], "Metadata": "", "Location": [1986.3590087890625, -23000.8046875, -2187.669921875], "Rotation": [0, 0, 0], "Scale": 0.5, "Scale3D": [1.0, 1.0, 1.0], "Materials": ["FX_CREA_PrimalBeast.Materials.Mati_Ice_Chunk"]}}, {"Char_Anem_ButtStallion.Mesh.ButtStallion": {"Rename": "", "Tags": [], "Metadata": "", "Location": [728.156982421875, -22419.4296875, -2216.029052734375], "Rotation": [0, 0, 0], "Scale": 0.5, "Scale3D": [3.2899999618530273, 1.0, 1.0], "Materials": ["Aster_Prop_Shields.Materials.Mati_Shields_SkeletonWarrior"]}}, {"Char_Anem_ButtStallion.Mesh.ButtStallion": {"Rename": "", "Tags": [], "Metadata": "", "Location": [2927.134765625, -21756.736328125, -2420.322998046875], "Rotation": [0, 23300, 0], "Scale": 0.25, "Scale3D": [1.0, 1.0, 1.0], "Materials": ["FX_BulletImpacts.Materials.Instance.Mati_Energy_Rings"]}}, {"Char_Anem_ButtStallion.Mesh.ButtStallion": {"Rename": "", "Tags": [], "Metadata": "", "Location": [1348.3509521484375, -22613.279296875, -2420.81591796875], "Rotation": [0, -3900, 0], "Scale": 1.0, "Scale3D": [1.0, 1.0, 0.3400000035762787], "Materials": ["None"]}}, {"Char_Anem_ButtStallion.Mesh.ButtStallion": {"Rename": "", "Tags": [], "Metadata": "", "Location": [93.23808288574219, -22508.220703125, -2421.14404296875], "Rotation": [0, 14000, 0], "Scale": 1.0, "Scale3D": [1.0, 1.0, 1.0], "Materials": ["FX_CHAR_Damage_Matrix.Materials.Mat_Resist_Eng"]}}, {"Char_Anem_ButtStallion.Mesh.ButtStallion": {"Rename": "", "Tags": [], "Metadata": "", "Location": [-501.7409973144531, -20659.55859375, -2558.820068359375], "Rotation": [1500, -11200, 2100], "Scale": 2.0, "Scale3D": [1.0, 1.0, 1.0], "Materials": ["Char_BugMorph.Materials.Mati_BugMorph_Armor"]}}, {"Char_Anem_ButtStallion.Mesh.ButtStallion": {"Rename": "Real Buttstallion", "Tags": ["Real Buttstallion"], "Metadata": "", "Location": [1089.021728515625, -21600.0, -1926.1259765625], "Rotation": [0, 0, 0], "Scale": 0.30000001192092896, "Scale3D": [1.0, 1.0, 1.0], "Materials": []}}, {"Char_Anem_ButtStallion.Mesh.ButtStallion": {"Rename": "", "Tags": [], "Metadata": "", "Location": [2047.2860107421875, -21345.359375, -2420.0], "Rotation": [0, -1000, 0], "Scale": 1.0, "Scale3D": [1.0, 1.0, 1.0], "Materials": ["Common_GunMaterials.Materials.Launcher.Mati_MaliwanUniqueRL_Norfleet"]}}]}}}