{"dungeon_p": {"Create": {"StaticMesh": [{"Aster_Prop_Dungeon.Mesh.DunFloorVariant03": {"Rename": "", "Tags": [], "Metadata": "", "Location": [-5322.708984375, 1914.0838623046875, 461.9750061035156], "Rotation": [0, 0, 0], "Scale": 4.0, "Scale3D": [1.0, 1.0, 0.18000000715255737], "Materials": []}}, {"Aster_Prop_Dungeon.Mesh.DunPilarStack": {"Rename": "", "Tags": [], "Metadata": "", "Location": [-5774.4482421875, 2001.1280517578125, 474.1820068359375], "Rotation": [0, 0, 0], "Scale": 3.0, "Scale3D": [1.0, 1.0, 1.0], "Materials": []}}, {"Aster_Prop_Dungeon.Mesh.DungeonArches02": {"Rename": "", "Tags": [], "Metadata": "", "Location": [-7338.59521484375, 1968.8580322265625, 481.2980041503906], "Rotation": [0, 0, 0], "Scale": 1.6100000143051147, "Scale3D": [0.5, 1.2300000190734863, 0.9800000190734863], "Materials": []}}, {"Aster_Prop_Dungeon.Mesh.DunPilarStack": {"Rename": "", "Tags": [], "Metadata": "", "Location": [-5768.4482421875, 3564.1279296875, 474.1820068359375], "Rotation": [0, 0, 0], "Scale": 3.0, "Scale3D": [1.0, 1.0, 1.0], "Materials": []}}, {"Aster_Prop_Dungeon.Mesh.DungeonWalls05": {"Rename": "", "Tags": [], "Metadata": "", "Location": [-5176.10888671875, 3958.741943359375, 436.5140075683594], "Rotation": [0, 16400, 0], "Scale": 3.0, "Scale3D": [0.3400000035762787, 1.5299999713897705, 1.0], "Materials": []}}, {"Aster_Prop_Dungeon.Mesh.DungeonWalls05": {"Rename": "", "Tags": [], "Metadata": "", "Location": [-7534.10888671875, 2000.741943359375, 436.5140075683594], "Rotation": [0, -16400, 0], "Scale": 3.0, "Scale3D": [0.3400000035762787, 1.5299999713897705, 1.0], "Materials": []}}, {"Aster_Prop_Dungeon.Mesh.DungeonWalls01": {"Rename": "", "Tags": [], "Metadata": "", "Location": [-5396.10693359375, 1948.41796875, 402.1059875488281], "Rotation": [0, 0, 0], "Scale": 3.0, "Scale3D": [0.5299999713897705, 1.3700000047683716, 1.0499999523162842], "Materials": []}}, {"FX_Aster_Spider.Mesh.WebMesh_01": {"Rename": "", "Tags": [], "Metadata": "", "Location": [-7009.84619140625, 2081.52587890625, 441.32598876953125], "Rotation": [4600, 8500, 0], "Scale": 3.0, "Scale3D": [1.0, 1.409999966621399, 1.1399999856948853], "Materials": []}}, {"Prop_Plants.Meshes.HangingMossArc": {"Rename": "", "Tags": [], "Metadata": "", "Location": [-6535.7880859375, 3958.087890625, 1965.651611328125], "Rotation": [0, 0, 0], "Scale": 4.0, "Scale3D": [1.2899999618530273, 1.0, 0.5199999809265137], "Materials": []}}, {"Aster_Prop_Weapons.Meshes.Melee_HandleAxe": {"Rename": "", "Tags": [], "Metadata": "", "Location": [-5962.30322265625, 2582.844970703125, 557.1244506835938], "Rotation": [24700, -3900, 0], "Scale": 2.0, "Scale3D": [1.0, 1.0, 1.0], "Materials": []}}, {"Aster_Prop_Ruins.Meshes.Metal_Brazier": {"Rename": "", "Tags": [], "Metadata": "", "Location": [-6358.55712890625, 2215.81201171875, 467.781005859375], "Rotation": [0, 0, 0], "Scale": 1.5, "Scale3D": [1.0, 1.0, 1.0], "Materials": []}}, {"Aster_Prop_Dungeon.Mesh.DunFloorVariant02": {"Rename": "", "Tags": [], "Metadata": "", "Location": [-5234.2490234375, 1954.0469970703125, 1987.2139892578125], "Rotation": [0, 0, 0], "Scale": 4.0, "Scale3D": [1.0, 1.0, 1.0], "Materials": []}}, {"Common_Meshes.CollisionCube": {"Rename": "", "Tags": [], "Metadata": "", "Location": [-6657.72900390625, 2588.62890625, 2016.448974609375], "Rotation": [0, 0, 0], "Scale": 3.0, "Scale3D": [1.0, 1.0, 0.009999999776482582], "Materials": ["Aster_GunMaterials.Materials.sniper.Mati_Vladof_Garnet_Sniper"]}}, {"prop_doors.Meshes.CellBarsStationary": {"Rename": "Door 1", "Tags": ["Door 1"], "Metadata": "", "Location": [-7249.4560546875, 2215.1669921875, 466.7330017089844], "Rotation": [0, 16400, 0], "Scale": 9.0, "Scale3D": [1.0, 1.0, 0.5], "Materials": []}}, {"Prop_Barrels.Meshes.BarrelEmbers": {"Rename": "", "Tags": [], "Metadata": "", "Location": [-6353.8427734375, 2220.595947265625, 592.7219848632812], "Rotation": [0, 0, 0], "Scale": 4.0, "Scale3D": [1.0, 1.0, 1.0], "Materials": []}}, {"Aster_Prop_Castle.Mesh_Walkways.Walkway_1024_Stairs": {"Rename": "", "Tags": [], "Metadata": "", "Location": [-8353.693359375, 3744.47705078125, 850.2219848632812], "Rotation": [0, 0, 0], "Scale": 1.0, "Scale3D": [1.0, 1.5, 1.0], "Materials": []}}, {"EngineMeshes.Sphere": {"Rename": "Button 1", "Tags": ["Button 1"], "Metadata": "", "Location": [-5566.26123046875, 2179.340087890625, 1244.27294921875], "Rotation": [-16400, 0, 0], "Scale": 0.5, "Scale3D": [0.0010000000474974513, 1.0, 1.0], "Materials": ["GD_Aster_Plot_Mission04Data.Materials.Mati_AngelRestraintsGlow"]}}, {"Aster_Prop_Shields.Materials.Mati_Shields": {"Rename": "", "Tags": [], "Metadata": "", "Location": [-6383.22705078125, 3970.80908203125, 1026.333984375], "Rotation": [0, -32800, 0], "Scale": 3.0, "Scale3D": [1.0, 1.0, 1.0], "Materials": []}}, {"Aster_Prop_Shields.Mesh.Melee_ShieldRound_Metal": {"Rename": "", "Tags": [], "Metadata": "", "Location": [-6328.158203125, 1960.60498046875, 1000.9199829101562], "Rotation": [0, 0, 0], "Scale": 4.0, "Scale3D": [1.0, 1.0, 1.0], "Materials": []}}, {"Char_Aster_SkeletonWarrior.Mesh.SkeletonWarrior_Head": {"Rename": "", "Tags": [], "Metadata": "", "Location": [-5566.7080078125, 2227.2958984375, 1245.1109619140625], "Rotation": [0, -16400, 16400], "Scale": 5.0, "Scale3D": [1.0, 0.0010000000474974513, 1.0], "Materials": []}}, {"Aster_Prop_Dungeon.Mesh.DungeonWalls01": {"Rename": "", "Tags": [], "Metadata": "", "Location": [-7313.27978515625, 3730.485107421875, 436.22100830078125], "Rotation": [0, 16400, 0], "Scale": 3.0, "Scale3D": [0.30000001192092896, 1.149999976158142, 1.0], "Materials": []}}, {"Aster_Prop_Dungeon.Mesh.DungeonWalls01": {"Rename": "", "Tags": [], "Metadata": "", "Location": [-7313.27978515625, 2106.485107421875, 436.22100830078125], "Rotation": [0, 16400, 0], "Scale": 3.0, "Scale3D": [0.30000001192092896, 1.149999976158142, 1.0], "Materials": []}}, {"FX_Aster_Spider.Mesh.WebMesh_01": {"Rename": "", "Tags": [], "Metadata": "", "Location": [-5397.091796875, 3839.616943359375, 1724.498046875], "Rotation": [4600, 8500, 0], "Scale": 3.0, "Scale3D": [1.0, 1.409999966621399, 1.1399999856948853], "Materials": []}}, {"Aster_Prop_Dungeon.Mesh.DungeonFloors01": {"Rename": "", "Tags": [], "Metadata": "", "Location": [-8293.9482421875, 2197.14990234375, 802.5999755859375], "Rotation": [0, 0, 0], "Scale": 3.0, "Scale3D": [1.0, 1.0, 0.30000001192092896], "Materials": []}}, {"Aster_Prop_Dungeon.Mesh.DungeonWalls01": {"Rename": "", "Tags": [], "Metadata": "", "Location": [-8980.279296875, 3730.485107421875, 436.22100830078125], "Rotation": [0, 16400, 0], "Scale": 3.0, "Scale3D": [0.30000001192092896, 1.149999976158142, 1.0], "Materials": []}}, {"Aster_Prop_Dungeon.Mesh.DungeonWalls01": {"Rename": "", "Tags": [], "Metadata": "", "Location": [-8946.279296875, 2239.485107421875, 436.22100830078125], "Rotation": [0, 32800, 0], "Scale": 3.0, "Scale3D": [0.30000001192092896, 1.149999976158142, 1.0], "Materials": []}}, {"Aster_Prop_Dungeon.Mesh.DungeonWalls06": {"Rename": "", "Tags": [], "Metadata": "", "Location": [-9943.1796875, 2179.615966796875, 764.5490112304688], "Rotation": [0, 0, 0], "Scale": 3.0, "Scale3D": [0.30000001192092896, 1.059999942779541, 1.0], "Materials": []}}, {"Aster_Prop_Details.Meshes.Statue": {"Rename": "", "Tags": [], "Metadata": "", "Location": [-9764.314453125, 2984.30908203125, 814.781005859375], "Rotation": [0, 0, 0], "Scale": 3.0, "Scale3D": [1.0, 1.0, 1.0], "Materials": []}}, {"GD_Aster_DeadBrotherData.Meshes.Skull": {"Rename": "", "Tags": [], "Metadata": "", "Location": [-8393.8134765625, 3460.986083984375, 840.9710083007812], "Rotation": [0, -6600, 13400], "Scale": 2.0, "Scale3D": [1.0, 1.0, 1.0], "Materials": []}}, {"Aster_Prop_Dungeon.Mesh.DungeonFloors01": {"Rename": "", "Tags": [], "Metadata": "", "Location": [-8293.9482421875, 660.1500244140625, 802.5999755859375], "Rotation": [0, 0, 0], "Scale": 3.0, "Scale3D": [1.0, 1.0, 0.30000001192092896], "Materials": []}}, {"Aster_Prop_Dungeon.Mesh.DungeonWalls01": {"Rename": "", "Tags": [], "Metadata": "", "Location": [-9014.279296875, 605.4849853515625, 436.22100830078125], "Rotation": [0, 16400, 0], "Scale": 3.0, "Scale3D": [0.30000001192092896, 1.149999976158142, 1.0], "Materials": []}}, {"Aster_Prop_Dungeon.Mesh.DungeonWalls01": {"Rename": "", "Tags": [], "Metadata": "", "Location": [-9811.279296875, 2186.485107421875, 436.22100830078125], "Rotation": [0, 16400, 0], "Scale": 3.0, "Scale3D": [0.30000001192092896, 1.149999976158142, 1.0], "Materials": []}}, {"Aster_Prop_Dungeon.Mesh.DunFloorVariant01": {"Rename": "", "Tags": [], "Metadata": "", "Location": [-9827.115234375, 663.0089721679688, 799.0679931640625], "Rotation": [0, 0, 0], "Scale": 3.0, "Scale3D": [1.0, 1.0, 0.38999998569488525], "Materials": []}}, {"Aster_Prop_Dungeon.Mesh.DungeonWalls01": {"Rename": "", "Tags": [], "Metadata": "", "Location": [-10682.279296875, 605.4849853515625, 436.22100830078125], "Rotation": [0, 16400, 0], "Scale": 3.0, "Scale3D": [0.30000001192092896, 1.149999976158142, 1.0], "Materials": []}}, {"Aster_Prop_Dungeon.Mesh.DungeonWalls01": {"Rename": "", "Tags": [], "Metadata": "", "Location": [-11464.279296875, 2186.485107421875, 436.22100830078125], "Rotation": [0, 16400, 0], "Scale": 3.0, "Scale3D": [0.30000001192092896, 1.149999976158142, 1.0], "Materials": []}}, {"Aster_Prop_Ruins.Meshes.Ruins_Floor": {"Rename": "", "Tags": [], "Metadata": "", "Location": [-8586.8857421875, 2974.85595703125, 2094.049072265625], "Rotation": [0, 0, 0], "Scale": 2.0, "Scale3D": [1.2899999618530273, 0.7599999904632568, 1.0], "Materials": []}}, {"Aster_Prop_Ruins.Meshes.Ruins_Floor": {"Rename": "", "Tags": [], "Metadata": "", "Location": [-10353.8857421875, 1452.85595703125, 2094.0], "Rotation": [0, 0, 0], "Scale": 2.0, "Scale3D": [1.2899999618530273, 0.7599999904632568, 1.0], "Materials": []}}, {"Aster_Prop_Dungeon.Mesh.DungeonArches02": {"Rename": "", "Tags": [], "Metadata": "", "Location": [-11373.810546875, 678.4810180664062, 829.2540283203125], "Rotation": [0, 0, 0], "Scale": 1.409999966621399, "Scale3D": [0.5, 1.100000023841858, 1.0], "Materials": []}}, {"EngineMeshes.Sphere": {"Rename": "Button 2", "Tags": ["Button 2"], "Metadata": "", "Location": [-10246.2568359375, 919.0399780273438, 1472.3909912109375], "Rotation": [6000, 0, 0], "Scale": 0.20000000298023224, "Scale3D": [0.0010000000474974513, 1.0, 1.0], "Materials": ["GD_Aster_Plot_Mission04Data.Materials.Mati_AngelRestraintsGlow"]}}, {"Char_Aster_SkeletonWarrior.Mesh.SkeletonWarrior_Head": {"Rename": "", "Tags": [], "Metadata": "", "Location": [-10247.0, 917.7780151367188, 1453.96240234375], "Rotation": [13000, 34000, -16000], "Scale": 1.899999976158142, "Scale3D": [1.0, 0.0010000000474974513, 1.0], "Materials": []}}, {"FX_Aster_Spider.Mesh.WebMesh_03": {"Rename": "", "Tags": [], "Metadata": "", "Location": [-9453.599609375, 3649.214111328125, 799.56298828125], "Rotation": [5000, -9000, 0], "Scale": 3.0, "Scale3D": [1.0, 1.0, 1.7000000476837158], "Materials": []}}, {"Aster_Prop_Dungeon.Mesh.DungeonPillar01": {"Rename": "", "Tags": [], "Metadata": "", "Location": [-8665.7958984375, 2206.845947265625, 800.4190063476562], "Rotation": [0, 0, 0], "Scale": 1.0, "Scale3D": [1.0, 1.0, 1.2000000476837158], "Materials": []}}, {"Prop_Tools.ChainLinkLong": {"Rename": "", "Tags": [], "Metadata": "", "Location": [-9330.8046875, 1072.27197265625, 1422.916015625], "Rotation": [0, 0, 0], "Scale": 5.0, "Scale3D": [1.0, 1.0, 1.0], "Materials": []}}, {"Aster_Prop_Dungeon.Mesh.DunBrokenTiles": {"Rename": "", "Tags": [], "Metadata": "", "Location": [-9422.5751953125, 1507.0989990234375, 814.385986328125], "Rotation": [0, -5000, 0], "Scale": 2.0, "Scale3D": [1.0, 1.0, 1.0], "Materials": []}}, {"Aster_Prop_Dungeon.Mesh.DunPilarStack": {"Rename": "", "Tags": [], "Metadata": "", "Location": [-10282.216796875, 731.4340209960938, 814.7269897460938], "Rotation": [0, 0, 0], "Scale": 3.0, "Scale3D": [1.0, 1.0, 1.0], "Materials": []}}, {"Aster_Prop_DwarfMines.Mesh.DwarfMines_WallWinBlack": {"Rename": "", "Tags": [], "Metadata": "", "Location": [-10469.5556640625, 2181.363037109375, 1214.3699951171875], "Rotation": [0, 32800, 0], "Scale": 3.0, "Scale3D": [1.0, 1.0, 1.0], "Materials": []}}, {"Aster_Prop_MagicCrystal.Mesh.MagicCrystal_Supports": {"Rename": "", "Tags": [], "Metadata": "", "Location": [-9330.0, 1079.0350341796875, 1359.97900390625], "Rotation": [0, 0, 0], "Scale": 0.4000000059604645, "Scale3D": [1.0, 1.0, 1.0], "Materials": []}}, {"Char_TunnelRat.Mesh.TunnelRat_Head2": {"Rename": "", "Tags": [], "Metadata": "", "Location": [-9312.3798828125, 1039.0, 1303.81396484375], "Rotation": [-18000, -26000, 0], "Scale": 7.0, "Scale3D": [1.0, 1.0, 1.0], "Materials": []}}, {"FX_Aster_Spider.Mesh.WebMesh_01": {"Rename": "", "Tags": [], "Metadata": "", "Location": [-11060.81640625, 758.5910034179688, 1800.22998046875], "Rotation": [-6000, 7000, 0], "Scale": 3.0, "Scale3D": [1.0, 1.0, 1.2999999523162842], "Materials": []}}, {"prop_doors.Meshes.CellBarsStationary": {"Rename": "Door 2", "Tags": ["Door 2"], "Metadata": "", "Location": [-11325.6640625, 656.8599853515625, 820.677001953125], "Rotation": [0, 16400, 0], "Scale": 9.0, "Scale3D": [1.0, 1.0, 0.6000000238418579], "Materials": []}}, {"Aster_Prop_Castle.Mesh_Walkways.Walkway_1024_Stairs": {"Rename": "", "Tags": [], "Metadata": "", "Location": [-11379.849609375, 684.7130126953125, 853.22900390625], "Rotation": [0, 32800, 0], "Scale": 1.0, "Scale3D": [1.0, 1.5, 1.0], "Materials": []}}, {"Aster_Prop_Dungeon.Mesh.DungeonFloors01": {"Rename": "", "Tags": [], "Metadata": "", "Location": [-12370.90625, 646.844970703125, 443.2300109863281], "Rotation": [-200, 0, 0], "Scale": 3.0, "Scale3D": [1.0, 1.0, 0.30000001192092896], "Materials": []}}, {"Aster_Prop_Dungeon.Mesh.DungeonWalls01": {"Rename": "", "Tags": [], "Metadata": "", "Location": [-12239.279296875, 605.4849853515625, 436.22100830078125], "Rotation": [0, 16400, 0], "Scale": 3.0, "Scale3D": [0.30000001192092896, 1.149999976158142, 1.0], "Materials": []}}, {"Aster_Prop_Dungeon.Mesh.DungeonWalls01": {"Rename": "", "Tags": [], "Metadata": "", "Location": [-12179.279296875, 2186.485107421875, 436.22100830078125], "Rotation": [0, 16400, 0], "Scale": 3.0, "Scale3D": [0.30000001192092896, 1.149999976158142, 1.0], "Materials": []}}, {"Aster_Prop_Dungeon.Mesh.DungeonFloors01": {"Rename": "", "Tags": [], "Metadata": "", "Location": [-13889.90625, 646.844970703125, 464.2300109863281], "Rotation": [0, 0, 0], "Scale": 3.0, "Scale3D": [1.0, 1.0, 0.30000001192092896], "Materials": []}}, {"Aster_Prop_Dungeon.Mesh.DungeonFloors01": {"Rename": "", "Tags": [], "Metadata": "", "Location": [-13889.90625, 2187.844970703125, 464.2300109863281], "Rotation": [0, 0, 0], "Scale": 3.0, "Scale3D": [1.0, 1.0, 0.30000001192092896], "Materials": []}}, {"Aster_Prop_Dungeon.Mesh.DungeonFloors01": {"Rename": "", "Tags": [], "Metadata": "", "Location": [-13889.90625, -891.155029296875, 464.2300109863281], "Rotation": [0, 0, 0], "Scale": 3.0, "Scale3D": [1.0, 1.0, 0.30000001192092896], "Materials": []}}, {"Aster_Prop_Dungeon.Mesh.DungeonFloors01": {"Rename": "", "Tags": [], "Metadata": "", "Location": [-15430.90625, -891.155029296875, 464.2300109863281], "Rotation": [0, 0, 0], "Scale": 3.0, "Scale3D": [1.0, 1.0, 0.30000001192092896], "Materials": []}}, {"Aster_Prop_Dungeon.Mesh.DungeonFloors01": {"Rename": "", "Tags": [], "Metadata": "", "Location": [-15430.90625, 2193.844970703125, 464.2300109863281], "Rotation": [0, 0, 0], "Scale": 3.0, "Scale3D": [1.0, 1.0, 0.30000001192092896], "Materials": []}}, {"Aster_Prop_Dungeon.Mesh.DungeonFloors01": {"Rename": "", "Tags": [], "Metadata": "", "Location": [-16957.90625, -891.155029296875, 464.2300109863281], "Rotation": [0, 0, 0], "Scale": 3.0, "Scale3D": [1.0, 1.0, 0.30000001192092896], "Materials": []}}, {"Aster_Prop_Dungeon.Mesh.DungeonFloors01": {"Rename": "", "Tags": [], "Metadata": "", "Location": [-16957.90625, 651.844970703125, 464.2300109863281], "Rotation": [0, 0, 0], "Scale": 3.0, "Scale3D": [1.0, 1.0, 0.30000001192092896], "Materials": []}}, {"Aster_Prop_Dungeon.Mesh.DungeonFloors01": {"Rename": "", "Tags": [], "Metadata": "", "Location": [-16957.90625, 2190.844970703125, 464.2300109863281], "Rotation": [0, 0, 0], "Scale": 3.0, "Scale3D": [1.0, 1.0, 0.30000001192092896], "Materials": []}}, {"Aster_Prop_Dungeon.Mesh.DungeonFloors01": {"Rename": "", "Tags": [], "Metadata": "", "Location": [-15430.90625, -539.155029296875, 455.2300109863281], "Rotation": [0, 0, 0], "Scale": 3.0, "Scale3D": [1.0, 1.0, 0.30000001192092896], "Materials": []}}, {"Aster_Prop_Dungeon.Mesh.DungeonFloors01": {"Rename": "", "Tags": [], "Metadata": "", "Location": [-15430.90625, 1797.844970703125, 455.2300109863281], "Rotation": [0, 0, 0], "Scale": 3.0, "Scale3D": [1.0, 1.0, 0.30000001192092896], "Materials": []}}, {"Aster_Prop_Dungeon.Mesh.DungeonFloors01": {"Rename": "", "Tags": [], "Metadata": "", "Location": [-14686.90625, 640.844970703125, 455.2300109863281], "Rotation": [0, 0, 0], "Scale": 3.0, "Scale3D": [1.0, 1.0, 0.30000001192092896], "Materials": []}}, {"Aster_Prop_Dungeon.Mesh.DungeonWalls01": {"Rename": "", "Tags": [], "Metadata": "", "Location": [-13941.279296875, 2186.485107421875, 436.22100830078125], "Rotation": [0, 0, 0], "Scale": 3.0, "Scale3D": [0.30000001192092896, 1.149999976158142, 1.0], "Materials": []}}, {"Aster_Prop_Dungeon.Mesh.DungeonWalls01": {"Rename": "", "Tags": [], "Metadata": "", "Location": [-13865.279296875, 711.4849853515625, 436.22100830078125], "Rotation": [0, -32800, 0], "Scale": 3.0, "Scale3D": [0.30000001192092896, 1.149999976158142, 1.0], "Materials": []}}, {"Aster_Prop_Details.Meshes.Statue": {"Rename": "Statue 1", "Tags": ["Statue 1"], "Metadata": "", "Location": [-16638.05078125, 1361.4620361328125, 438.8380126953125], "Rotation": [0, 0, 0], "Scale": 15.0, "Scale3D": [1.2200000286102295, 1.0, 1.0], "Materials": []}}, {"Aster_Prop_Dungeon.Mesh.DungeonWalls01": {"Rename": "", "Tags": [], "Metadata": "", "Location": [-13941.279296875, 2186.485107421875, 1996.220947265625], "Rotation": [0, 0, 0], "Scale": 3.0, "Scale3D": [0.30000001192092896, 1.149999976158142, 1.0], "Materials": []}}, {"Aster_Prop_Dungeon.Mesh.DungeonWalls01": {"Rename": "", "Tags": [], "Metadata": "", "Location": [-13865.279296875, 711.4849853515625, 1996.220947265625], "Rotation": [0, -32800, 0], "Scale": 3.0, "Scale3D": [0.30000001192092896, 1.149999976158142, 1.0], "Materials": []}}, {"Aster_Prop_Dungeon.Mesh.DungeonWalls01": {"Rename": "", "Tags": [], "Metadata": "", "Location": [-13865.279296875, 2351.485107421875, 1996.220947265625], "Rotation": [0, -32800, 0], "Scale": 3.0, "Scale3D": [0.30000001192092896, 1.149999976158142, 1.0], "Materials": []}}, {"Aster_Prop_Dungeon.Mesh.DungeonWalls01": {"Rename": "", "Tags": [], "Metadata": "", "Location": [-13955.279296875, 2351.485107421875, 1996.220947265625], "Rotation": [16400, -32800, 0], "Scale": 3.0, "Scale3D": [0.30000001192092896, 1.149999976158142, 1.0], "Materials": []}}, {"Aster_Prop_Dungeon.Mesh.DungeonWalls01": {"Rename": "", "Tags": [], "Metadata": "", "Location": [-12845.279296875, 2351.485107421875, 1994.0], "Rotation": [16400, -32800, 0], "Scale": 3.0, "Scale3D": [0.30000001192092896, 1.149999976158142, 1.0], "Materials": []}}, {"Aster_Prop_Dungeon.Mesh.DungeonWalls06": {"Rename": "", "Tags": [], "Metadata": "", "Location": [-16433.353515625, -505.1619873046875, 399.60101318359375], "Rotation": [0, -16400, 0], "Scale": 5.0, "Scale3D": [1.0, 1.0, 1.2000000476837158], "Materials": []}}, {"Aster_Prop_Dungeon.Mesh.DungeonWalls06": {"Rename": "", "Tags": [], "Metadata": "", "Location": [-18803.353515625, -505.1619873046875, 399.60101318359375], "Rotation": [0, -16400, 0], "Scale": 5.0, "Scale3D": [1.0, 1.0, 1.2000000476837158], "Materials": []}}, {"Aster_Prop_Dungeon.Mesh.DungeonWalls06": {"Rename": "", "Tags": [], "Metadata": "", "Location": [-16153.353515625, 3414.837890625, 399.60101318359375], "Rotation": [0, 16400, 0], "Scale": 5.0, "Scale3D": [1.0, 1.0, 1.2000000476837158], "Materials": []}}, {"Aster_Prop_Dungeon.Mesh.DungeonWalls06": {"Rename": "", "Tags": [], "Metadata": "", "Location": [-13813.353515625, 3414.837890625, 399.60101318359375], "Rotation": [0, 16400, 0], "Scale": 5.0, "Scale3D": [1.0, 1.0, 1.2000000476837158], "Materials": []}}, {"Aster_Prop_Dungeon.Mesh.DungeonWalls01": {"Rename": "", "Tags": [], "Metadata": "", "Location": [-19583.42578125, -768.822021484375, -386.3630065917969], "Rotation": [0, 0, 0], "Scale": 9.0, "Scale3D": [1.0, 1.0, 1.0], "Materials": []}}, {"Aster_Prop_Dungeon.Mesh.DunFloorVariant02": {"Rename": "", "Tags": [], "Metadata": "", "Location": [-13148.779296875, -1691.8809814453125, 3526.97998046875], "Rotation": [0, 0, 0], "Scale": 12.0, "Scale3D": [1.0, 1.0, 1.0], "Materials": []}}, {"Aster_Prop_Details.Meshes.Statue": {"Rename": "", "Tags": [], "Metadata": "", "Location": [-15128.22265625, 3501.111083984375, 468.92999267578125], "Rotation": [0, -16400, 0], "Scale": 6.0, "Scale3D": [1.0, 1.0, 1.0], "Materials": []}}, {"Aster_Prop_Details.Meshes.Statue": {"Rename": "", "Tags": [], "Metadata": "", "Location": [-17497.22265625, 3501.111083984375, 468.92999267578125], "Rotation": [0, -16400, 0], "Scale": 6.0, "Scale3D": [1.0, 1.0, 1.0], "Materials": []}}, {"Aster_Prop_Details.Meshes.Statue": {"Rename": "", "Tags": [], "Metadata": "", "Location": [-17497.22265625, -562.8889770507812, 468.92999267578125], "Rotation": [0, 16400, 0], "Scale": 6.0, "Scale3D": [1.0, 1.0, 1.0], "Materials": []}}, {"Aster_Prop_Details.Meshes.Statue": {"Rename": "", "Tags": [], "Metadata": "", "Location": [-15110.22265625, -562.8889770507812, 468.92999267578125], "Rotation": [0, 16400, 0], "Scale": 6.0, "Scale3D": [1.0, 1.0, 1.0], "Materials": []}}, {"EngineMeshes.Sphere": {"Rename": "Button 3", "Tags": ["Button 3"], "Metadata": "", "Location": [-14065.9775390625, 3312.801025390625, 987.8820190429688], "Rotation": [16400, 0, 0], "Scale": 0.5, "Scale3D": [0.0010000000474974513, 1.0, 1.0], "Materials": ["GD_Aster_Plot_Mission04Data.Materials.Mati_AngelRestraintsGlow"]}}, {"Char_Aster_SkeletonWarrior.Mesh.SkeletonWarrior_Head": {"Rename": "", "Tags": [], "Metadata": "", "Location": [-14068.2685546875, 3266.662109375, 988.1389770507812], "Rotation": [0, 16400, 16400], "Scale": 4.699999809265137, "Scale3D": [1.0, 0.0010000000474974513, 1.0], "Materials": []}}, {"FX_Aster_Spider.Mesh.WebMesh_02": {"Rename": "", "Tags": [], "Metadata": "", "Location": [-18235.09375, -430.93499755859375, 447.21099853515625], "Rotation": [5700, 6200, 0], "Scale": 5.0, "Scale3D": [1.0, 1.0, 1.3799999952316284], "Materials": []}}, {"Aster_Prop_Shields.Materials.Mati_Shields": {"Rename": "", "Tags": [], "Metadata": "", "Location": [-16444.578125, -285.6499938964844, 494.1700134277344], "Rotation": [0, -8100, -16400], "Scale": 2.0, "Scale3D": [1.0, 1.0, 1.0], "Materials": []}}, {"Aster_Prop_Weapons.Meshes.Melee_HandleMace": {"Rename": "", "Tags": [], "Metadata": "", "Location": [-16082.591796875, -464.6260070800781, 808.0900268554688], "Rotation": [28500, -16400, 0], "Scale": 4.0, "Scale3D": [1.0, 1.0, 1.0], "Materials": []}}, {"Aster_Prop_BonePile.Mesh.BonePile": {"Rename": "", "Tags": [], "Metadata": "", "Location": [-15108.86328125, 2479.531982421875, 479.8190002441406], "Rotation": [0, 0, 0], "Scale": 2.0, "Scale3D": [1.0, 1.0, 1.0], "Materials": []}}, {"Aster_Prop_BonePile.Mesh.BonePile": {"Rename": "", "Tags": [], "Metadata": "", "Location": [-16093.86328125, 2996.531982421875, 479.8190002441406], "Rotation": [0, 2900, 0], "Scale": 2.0, "Scale3D": [1.0, 1.0, 0.7200000286102295], "Materials": []}}, {"Aster_Prop_BonePile.Mesh.BonePile": {"Rename": "", "Tags": [], "Metadata": "", "Location": [-14391.86328125, 22.531999588012695, 479.8190002441406], "Rotation": [0, 7300, 0], "Scale": 2.0, "Scale3D": [1.0, 1.0, 1.0], "Materials": []}}, {"Aster_Prop_Cauldron.Mesh.Cauldron": {"Rename": "", "Tags": [], "Metadata": "", "Location": [-14065.1943359375, 2832.865966796875, 431.510009765625], "Rotation": [0, 0, 0], "Scale": 1.0, "Scale3D": [1.0, 1.0, 1.0], "Materials": []}}, {"Aster_Prop_BonePile.Mesh.BonePile": {"Rename": "", "Tags": [], "Metadata": "", "Location": [-14078.7509765625, 2828.738037109375, 680.6690063476562], "Rotation": [0, 22300, 0], "Scale": 0.8399999737739563, "Scale3D": [1.0, 0.8899999856948853, 1.0199999809265137], "Materials": []}}, {"Aster_Prop_Dungeon.Mesh.DunPilarStack": {"Rename": "", "Tags": [], "Metadata": "", "Location": [-14197.4736328125, 3190.174072265625, 474.30499267578125], "Rotation": [0, 0, 0], "Scale": 2.0, "Scale3D": [1.0, 1.0, 1.0], "Materials": []}}, {"Aster_Prop_Dungeon.Mesh.DungeonPilar02": {"Rename": "", "Tags": [], "Metadata": "", "Location": [-18726.0703125, 1193.5150146484375, 474.6549987792969], "Rotation": [0, 0, 0], "Scale": 5.0, "Scale3D": [0.75, 1.0, 1.1799999475479126], "Materials": []}}, {"Prop_Corpses.Meshes.DeadBandit_03": {"Rename": "", "Tags": [], "Metadata": "", "Location": [-13429.1240234375, 1900.927978515625, 477.1619873046875], "Rotation": [0, -27100, 0], "Scale": 1.0, "Scale3D": [1.0, 1.0, 1.0], "Materials": []}}, {"Aster_Prop_Weapons.Meshes.Sword_Excalibur": {"Rename": "", "Tags": [], "Metadata": "", "Location": [-13411.091796875, 1874.239990234375, 577.52197265625], "Rotation": [-31300, -15500, 0], "Scale": 1.0, "Scale3D": [1.0, 1.0, 1.0], "Materials": []}}, {"Common_Meshes.CollisionCube": {"Rename": "Blood Splat", "Tags": [], "Metadata": "", "Location": [-13342.4873046875, 1948.6199951171875, 476.70001220703125], "Rotation": [0, -26400, 0], "Scale": 0.75, "Scale3D": [1.0, 1.0, 9.999999747378752e-05], "Materials": ["FX_GOR_Materials.Materials.Mati.Mat_Blood_RunScreen01"]}}, {"FX_Aster_Spider.Mesh.WebMesh_03": {"Rename": "", "Tags": [], "Metadata": "", "Location": [-18097.931640625, 3410.35693359375, 2812.11865234375], "Rotation": [-7000, -10000, 0], "Scale": 10.0, "Scale3D": [1.0, 1.0, 1.0], "Materials": []}}, {"Prop_Tools.ChainLinkLong": {"Rename": "", "Tags": [], "Metadata": "", "Location": [-14645.7958984375, 1873.8599853515625, 2531.736083984375], "Rotation": [0, 0, 0], "Scale": 7.0, "Scale3D": [1.0, 1.0, 1.0], "Materials": []}}, {"Prop_Tools.ChainLinkLong": {"Rename": "", "Tags": [], "Metadata": "", "Location": [-14765.7958984375, 63.86000061035156, 2951.736083984375], "Rotation": [0, 0, 0], "Scale": 7.0, "Scale3D": [1.0, 1.0, 1.0], "Materials": []}}, {"Prop_Tools.ChainLinkLong": {"Rename": "", "Tags": [], "Metadata": "", "Location": [-16315.7958984375, -366.1400146484375, 2601.736083984375], "Rotation": [0, 0, 0], "Scale": 7.0, "Scale3D": [1.0, 1.0, 1.0], "Materials": []}}, {"Prop_Tools.ChainLinkLong": {"Rename": "", "Tags": [], "Metadata": "", "Location": [-17115.796875, 2733.860107421875, 2191.736083984375], "Rotation": [0, 0, 0], "Scale": 7.0, "Scale3D": [1.0, 1.0, 1.5], "Materials": []}}, {"GD_Aster_DeadBrotherData.Meshes.Skull": {"Rename": "", "Tags": [], "Metadata": "", "Location": [-14647.7080078125, 1840.8909912109375, 2484.326904296875], "Rotation": [-11000, 0, 10400], "Scale": 5.0, "Scale3D": [1.0, 1.0, 1.0], "Materials": []}}, {"GD_Aster_DeadBrotherData.Meshes.Skull": {"Rename": "", "Tags": [], "Metadata": "", "Location": [-16290.6142578125, -376.8999938964844, 2511.94384765625], "Rotation": [-11000, 13000, 10400], "Scale": 5.0, "Scale3D": [1.0, 1.0, 1.0], "Materials": []}}, {"GD_Aster_DeadBrotherData.Meshes.Skull": {"Rename": "", "Tags": [], "Metadata": "", "Location": [-14742.3291015625, 34.16699981689453, 2838.93505859375], "Rotation": [-11000, 6000, 10400], "Scale": 5.0, "Scale3D": [1.0, 1.0, 1.0], "Materials": []}}, {"GD_Aster_DeadBrotherData.Meshes.Skull": {"Rename": "", "Tags": [], "Metadata": "", "Location": [-17123.080078125, 2704.458251953125, 2093.6650390625], "Rotation": [-11000, -2000, 10400], "Scale": 5.0, "Scale3D": [1.0, 1.0, 1.0], "Materials": []}}, {"Aster_Prop_Lights.Meshes.DungeonTorch": {"Rename": "", "Tags": [], "Metadata": "", "Location": [-13072.810546875, 703.39501953125, 721.8102416992188], "Rotation": [0, 0, 0], "Scale": 2.0, "Scale3D": [1.0, 1.0, 1.0], "Materials": []}}, {"Aster_Prop_DwarfMines.Mesh.DwarfMines_WallWinBlack": {"Rename": "", "Tags": [], "Metadata": "", "Location": [-13998.9296875, 38.619998931884766, 1110.18994140625], "Rotation": [0, 16400, 0], "Scale": 4.0, "Scale3D": [1.0, 0.30000001192092896, 1.0], "Materials": []}}, {"Aster_Prop_DwarfMines.Mesh.DwarfMines_WallWinBlack": {"Rename": "", "Tags": [], "Metadata": "", "Location": [-13938.9296875, 2828.6201171875, 1110.18994140625], "Rotation": [0, 16400, 0], "Scale": 4.0, "Scale3D": [1.0, 0.30000001192092896, 1.0], "Materials": []}}, {"Aster_Prop_DwarfMines.Mesh.DwarfMines_WallWinBlack": {"Rename": "", "Tags": [], "Metadata": "", "Location": [-18392.888671875, 320.18499755859375, 1297.8330078125], "Rotation": [0, -16400, 0], "Scale": 4.0, "Scale3D": [1.0, 0.30000001192092896, 1.0], "Materials": []}}, {"Aster_Prop_DwarfMines.Mesh.DwarfMines_WallWinBlack": {"Rename": "", "Tags": [], "Metadata": "", "Location": [-18482.888671875, 2570.18505859375, 1297.8330078125], "Rotation": [0, -16400, 0], "Scale": 4.0, "Scale3D": [1.0, 0.30000001192092896, 1.0], "Materials": []}}, {"Aster_Prop_Castle.Mesh_Walkways.Walkway_1024_Stairs": {"Rename": "", "Tags": [], "Metadata": "", "Location": [-16256.1376953125, 930.7650146484375, 470.0], "Rotation": [0, 32800, 0], "Scale": 1.0, "Scale3D": [1.0, 0.9700000286102295, 1.399999976158142], "Materials": []}}, {"Aster_Prop_Dungeon.Mesh.DungeonWalls01": {"Rename": "", "Tags": [], "Metadata": "", "Location": [-16276.4609375, 1815.02001953125, -72.38600158691406], "Rotation": [0, 16400, 0], "Scale": 1.0, "Scale3D": [0.5, 2.0, 1.0], "Materials": []}}, {"Aster_Prop_Dungeon.Mesh.DungeonWalls01": {"Rename": "", "Tags": [], "Metadata": "", "Location": [-16265.4609375, 960.02001953125, -72.38600158691406], "Rotation": [0, 16400, 0], "Scale": 1.0, "Scale3D": [0.5, 2.0, 1.0], "Materials": []}}, {"Aster_Prop_Dungeon.Mesh.DungeonWalls01": {"Rename": "", "Tags": [], "Metadata": "", "Location": [-16265.4609375, 960.02001953125, -72.38600158691406], "Rotation": [0, 0, 0], "Scale": 1.0, "Scale3D": [0.5, 2.0, 1.0], "Materials": []}}, {"Aster_Prop_Dungeon.Mesh.DunFloorVariant03": {"Rename": "", "Tags": [], "Metadata": "", "Location": [-18466.318359375, 828.4180297851562, -124.49299621582031], "Rotation": [0, -16400, 0], "Scale": 2.3399999141693115, "Scale3D": [1.0, 1.0, 0.550000011920929], "Materials": []}}, {"Aster_Prop_Dungeon.Mesh.DungeonWalls01": {"Rename": "", "Tags": [], "Metadata": "", "Location": [-17296.4609375, 512.02001953125, -112.38600158691406], "Rotation": [0, 0, 0], "Scale": 1.0, "Scale3D": [0.5, 1.0, 1.0800000429153442], "Materials": []}}, {"Aster_Prop_Dungeon.Mesh.DungeonWalls01": {"Rename": "", "Tags": [], "Metadata": "", "Location": [-17296.4609375, 1812.02001953125, -112.38600158691406], "Rotation": [0, 0, 0], "Scale": 1.0, "Scale3D": [0.5, 1.0, 1.0800000429153442], "Materials": []}}, {"Aster_Prop_Dungeon.Mesh.DungeonWalls01": {"Rename": "", "Tags": [], "Metadata": "", "Location": [-17264.4609375, 810.02001953125, -112.38600158691406], "Rotation": [0, 16400, 0], "Scale": 1.0, "Scale3D": [0.5, 2.309999942779541, 1.0800000429153442], "Materials": []}}, {"Aster_Prop_Dungeon.Mesh.DungeonWalls01": {"Rename": "", "Tags": [], "Metadata": "", "Location": [-17264.4609375, 2012.02001953125, -112.38600158691406], "Rotation": [0, 16400, 0], "Scale": 1.0, "Scale3D": [0.5, 2.5299999713897705, 1.0800000429153442], "Materials": []}}, {"Aster_Prop_Dungeon.Mesh.DungeonWalls05": {"Rename": "", "Tags": [], "Metadata": "", "Location": [-18458.61328125, 841.5869750976562, -525.6859741210938], "Rotation": [0, 0, 0], "Scale": 1.190000057220459, "Scale3D": [0.800000011920929, 2.069999933242798, 1.5499999523162842], "Materials": []}}, {"Char_Anem_ButtStallion.Mesh.ButtStallion": {"Rename": "", "Tags": [], "Metadata": "", "Location": [-18068.4296875, 1444.1719970703125, -104.4010009765625], "Rotation": [0, -2800, 0], "Scale": 1.0, "Scale3D": [1.0, 1.0, 1.0], "Materials": []}}, {"Aster_Prop_Dungeon.Mesh.DungeonWalls01": {"Rename": "", "Tags": [], "Metadata": "", "Location": [-18377.4609375, 839.02001953125, 470.614013671875], "Rotation": [-16400, 0, 0], "Scale": 1.159999966621399, "Scale3D": [0.5, 2.5299999713897705, 2.2100000381469727], "Materials": []}}, {"Aster_Prop_BonePile.Mesh.BonePile": {"Rename": "", "Tags": [], "Metadata": "", "Location": [-17422.28125, 1916.072021484375, -103.302001953125], "Rotation": [0, 0, 0], "Scale": 1.0, "Scale3D": [1.0, 1.0, 0.5299999713897705], "Materials": []}}, {"FX_Aster_WizardSpells.Mesh.CrystalCluster": {"Rename": "", "Tags": [], "Metadata": "", "Location": [-17645.357421875, 1631.1800537109375, -131.83299255371094], "Rotation": [0, 0, 0], "Scale": 1.0, "Scale3D": [1.0, 1.0, 1.0], "Materials": []}}, {"FX_Aster_WizardSpells.Mesh.CrystalCluster": {"Rename": "", "Tags": [], "Metadata": "", "Location": [-18045.62890625, 1085.614990234375, -131.61099243164062], "Rotation": [1900, -9900, 0], "Scale": 1.0, "Scale3D": [1.0, 1.0, 1.0], "Materials": []}}, {"Aster_Prop_Dungeon.Mesh.DunBrokenTiles": {"Rename": "", "Tags": [], "Metadata": "", "Location": [-17418.00390625, 1246.2349853515625, -104.09600067138672], "Rotation": [0, 29000, 0], "Scale": 1.0, "Scale3D": [1.0, 1.0, 1.0], "Materials": []}}, {"Aster_Prop_Dungeon.Mesh.DunPilarStack": {"Rename": "", "Tags": [], "Metadata": "", "Location": [-18332.87109375, 1816.489013671875, -104.04900360107422], "Rotation": [0, 0, 0], "Scale": 1.5, "Scale3D": [1.0, 1.0, 1.2899999618530273], "Materials": []}}, {"Aster_Prop_Dungeon.Mesh.DunPilarStack": {"Rename": "", "Tags": [], "Metadata": "", "Location": [-18332.87109375, 875.489013671875, -104.04900360107422], "Rotation": [0, 0, 0], "Scale": 1.5, "Scale3D": [1.0, 1.0, 1.2899999618530273], "Materials": []}}, {"Aster_Prop_DwarfMines.Mesh.DwarfMines_WallWinBlack": {"Rename": "", "Tags": [], "Metadata": "", "Location": [-17749.826171875, 876.281982421875, 133.68356323242188], "Rotation": [0, 0, 0], "Scale": 2.0, "Scale3D": [1.0, 1.0, 1.0], "Materials": []}}, {"Aster_Prop_Lights.Meshes.DungeonTorch": {"Rename": "", "Tags": [], "Metadata": "", "Location": [-17777.30859375, 2022.18701171875, 109.31199645996094], "Rotation": [0, 32800, 0], "Scale": 2.0, "Scale3D": [1.0, 1.0, 1.0], "Materials": []}}, {"Aster_Prop_Dungeon.Mesh.DunBrokenTiles": {"Rename": "", "Tags": [], "Metadata": "", "Location": [-12673.12890625, 806.0072631835938, 461.04901123046875], "Rotation": [0, 5500, 0], "Scale": 1.0, "Scale3D": [1.0, 1.0, 1.0], "Materials": []}}, {"Aster_Prop_Shields.Mesh.Melee_ShieldRound_Metal": {"Rename": "", "Tags": [], "Metadata": "", "Location": [-18342.00390625, 1451.7879638671875, 199.7469940185547], "Rotation": [0, -16400, 0], "Scale": 3.0, "Scale3D": [1.0, 1.0, 1.0], "Materials": []}}, {"Aster_Prop_Pickups.Mesh.Pendant": {"Rename": "", "Tags": [], "Metadata": "", "Location": [-17766.650390625, 1267.0400390625, -130.63900756835938], "Rotation": [11100, 4700, 0], "Scale": 2.0, "Scale3D": [1.0, 1.0, 1.0], "Materials": []}}, {"FX_Aster_Spider.Mesh.WebMesh_01": {"Rename": "", "Tags": [], "Metadata": "", "Location": [-18294.4609375, 1071.60302734375, 223.5449981689453], "Rotation": [0, 0, 0], "Scale": 2.0, "Scale3D": [1.0, 1.0, 1.0], "Materials": []}}, {"Char_Aster_Wizard.Mesh.WizardHead": {"Rename": "", "Tags": [], "Metadata": "", "Location": [-17973.587890625, 1916.10205078125, -93.08399963378906], "Rotation": [0, 4600, 0], "Scale": 2.0, "Scale3D": [1.0, 1.0, 1.0], "Materials": []}}, {"Prop_Crate.Meshes.AmmoCrate": {"Rename": "", "Tags": [], "Metadata": "", "Location": [-18038.73828125, 954.0469970703125, -100.6050033569336], "Rotation": [0, -1800, 0], "Scale": 1.0, "Scale3D": [1.0, 1.0, 1.0], "Materials": []}}, {"Prop_Crate.Meshes.AmmoCrateLid": {"Rename": "", "Tags": [], "Metadata": "", "Location": [-17923.10546875, 938.5859985351562, -103.38800048828125], "Rotation": [0, 1400, 0], "Scale": 1.0, "Scale3D": [1.0, 1.0, 1.0], "Materials": []}}, {"Prop_Crate.Meshes.AmmoCrateOpen": {"Rename": "", "Tags": [], "Metadata": "", "Location": [-18214.037109375, 1732.2469482421875, -101.83499908447266], "Rotation": [0, -1200, 0], "Scale": 1.0, "Scale3D": [1.0, 1.0, 1.0], "Materials": []}}, {"Aster_Prop_Armor.Meshes.Armor_Skulls_L": {"Rename": "", "Tags": [], "Metadata": "", "Location": [-17202.212890625, 1927.2879638671875, 311.72100830078125], "Rotation": [0, -20700, -2100], "Scale": 3.0, "Scale3D": [1.0, 1.0, 1.0], "Materials": []}}, {"Aster_Prop_Weapons.Meshes.ArrowQuiver": {"Rename": "", "Tags": [], "Metadata": "", "Location": [-18212.1796875, 1767.8990478515625, -15.388999938964844], "Rotation": [0, 0, 2300], "Scale": 2.0, "Scale3D": [1.0, 1.0, 1.0], "Materials": []}}, {"Prop_Armor.Meshes.BanditArmorSetBWrist": {"Rename": "", "Tags": [], "Metadata": "", "Location": [-17183.458984375, 1262.1180419921875, -15.420999526977539], "Rotation": [0, 0, 0], "Scale": 3.0, "Scale3D": [1.0, 1.0, 1.0], "Materials": []}}, {"Prop_Armor.Meshes.BanditBone": {"Rename": "", "Tags": [], "Metadata": "", "Location": [-16680.03515625, 1602.171875, 228.15499877929688], "Rotation": [0, 4800, 16400], "Scale": 2.0, "Scale3D": [1.0, 1.0, 1.0], "Materials": []}}, {"Prop_Armor.Meshes.BanditCoinsack": {"Rename": "", "Tags": [], "Metadata": "", "Location": [-18135.802734375, 1666.0760498046875, -83.62200164794922], "Rotation": [0, -21200, 0], "Scale": 2.0, "Scale3D": [1.0, 1.0, 1.0], "Materials": []}}, {"Prop_Armor.Meshes.BanditCoinsack": {"Rename": "", "Tags": [], "Metadata": "", "Location": [-18132.662109375, 1695.97998046875, -84.02100372314453], "Rotation": [0, -12000, 0], "Scale": 2.0, "Scale3D": [1.0, 1.0, 1.0], "Materials": []}}, {"Prop_Pickups.Meshes.CashPickup": {"Rename": "", "Tags": [], "Metadata": "", "Location": [-18111.130859375, 1663.5389404296875, -104.14299774169922], "Rotation": [0, 12700, 0], "Scale": 1.0, "Scale3D": [1.0, 1.0, 1.0], "Materials": []}}, {"Aster_Prop_Lights.Meshes.Chandelier02": {"Rename": "", "Tags": [], "Metadata": "", "Location": [-13228.4189453125, 1434.0069580078125, 1399.7889404296875], "Rotation": [0, -7300, 0], "Scale": 1.0, "Scale3D": [1.0, 1.0, 1.0], "Materials": []}}, {"Prop_Tools.ChainLinkLong": {"Rename": "", "Tags": [], "Metadata": "", "Location": [-13223.7021484375, 1434.822021484375, 1691.6800537109375], "Rotation": [0, 0, 0], "Scale": 5.0, "Scale3D": [1.0, 1.0, 1.0], "Materials": []}}, {"Prop_Corpses_02.Meshes.CrushedSkeleton": {"Rename": "", "Tags": [], "Metadata": "", "Location": [-10974.5986328125, 2161.876953125, 830.9450073242188], "Rotation": [0, 8300, 0], "Scale": 2.0, "Scale3D": [1.0, 1.0, 1.0], "Materials": []}}, {"FX_GOR_Mesh.Meshes.Generic.Mesh_GoreMeat_Generic": {"Rename": "", "Tags": [], "Metadata": "", "Location": [-9484.158203125, 1049.7879638671875, 825.6220092773438], "Rotation": [0, 0, 0], "Scale": 2.0, "Scale3D": [1.0, 1.0, 1.0], "Materials": []}}, {"FX_GOR_Mesh.Meshes.Generic.Mesh_GoreMeat_Generic": {"Rename": "", "Tags": [], "Metadata": "", "Location": [-9338.0966796875, 1154.779052734375, 817.9539794921875], "Rotation": [0, -5200, 0], "Scale": 1.0, "Scale3D": [2.390000104904175, 1.0, 0.6700000166893005], "Materials": []}}, {"FX_GOR_Mesh.Meshes.Generic.Mesh_GoreMeat_Generic": {"Rename": "", "Tags": [], "Metadata": "", "Location": [-9367.390625, 1022.7969970703125, 818.0640258789062], "Rotation": [0, 0, 0], "Scale": 1.0, "Scale3D": [1.1699999570846558, 1.6399999856948853, 0.7799999713897705], "Materials": []}}, {"Prop_Plants.Meshes.HangingMossArc": {"Rename": "", "Tags": [], "Metadata": "", "Location": [-11121.3349609375, 1867.803955078125, 2020.114990234375], "Rotation": [0, 16400, 0], "Scale": 3.0, "Scale3D": [1.0, 1.0, 0.6499999761581421], "Materials": []}}, {"Prop_Plants.Meshes.HangingMossArc": {"Rename": "", "Tags": [], "Metadata": "", "Location": [-8511.16796875, 3716.91796875, 2024.2860107421875], "Rotation": [0, 0, 0], "Scale": 2.0, "Scale3D": [1.9800000190734863, 1.0, 0.8700000047683716], "Materials": []}}, {"Aster_Prop_DwarfMines.Mesh.DwarfMines_WallWinBlack": {"Rename": "", "Tags": [], "Metadata": "", "Location": [-9057.681640625, 1492.928955078125, 1297.051025390625], "Rotation": [0, 16400, 0], "Scale": 3.0, "Scale3D": [1.0, 1.0, 1.0], "Materials": []}}, {"Prop_Plants.Meshes.HangingMossArc": {"Rename": "", "Tags": [], "Metadata": "", "Location": [-13983.1962890625, 1841.447021484375, 2022.758056640625], "Rotation": [0, -16400, 0], "Scale": 3.0, "Scale3D": [1.4800000190734863, 1.0, 1.1399999856948853], "Materials": []}}, {"Prop_Plants.Meshes.HangingMossArc": {"Rename": "", "Tags": [], "Metadata": "", "Location": [-17544.681640625, -501.5509948730469, 3510.1298828125], "Rotation": [0, 0, 0], "Scale": 3.0, "Scale3D": [3.069999933242798, 1.0, 1.0], "Materials": []}}, {"Prop_Plants.Meshes.HangingMossArc": {"Rename": "", "Tags": [], "Metadata": "", "Location": [-17421.876953125, 883.8389892578125, 385.5929870605469], "Rotation": [0, 0, 0], "Scale": 1.0, "Scale3D": [1.2100000381469727, 1.0, 0.47999998927116394], "Materials": []}}, {"FX_GOR_Mesh.Meshes.Humanoid.NomadGibArm": {"Rename": "", "Tags": [], "Metadata": "", "Location": [-15181.7373046875, 134.2544708251953, 486.2510070800781], "Rotation": [0, 11200, 0], "Scale": 1.0, "Scale3D": [1.0, 1.0, 1.0], "Materials": []}}, {"FX_GOR_Mesh.Meshes.Humanoid.PsychoBanditGibLeg": {"Rename": "", "Tags": [], "Metadata": "", "Location": [-17048.560546875, 296.0303649902344, 483.4110107421875], "Rotation": [0, -7300, 0], "Scale": 1.0, "Scale3D": [1.0, 1.0, 1.0], "Materials": []}}, {"FX_GOR_Mesh.Meshes.Humanoid.PsychoBanditGibTorso": {"Rename": "", "Tags": [], "Metadata": "", "Location": [-14611.2109375, 1186.1380615234375, 487.052001953125], "Rotation": [16400, -8900, 0], "Scale": 1.0, "Scale3D": [1.0, 1.0, 1.0], "Materials": []}}, {"Aster_Prop_Ruins.Meshes.Metal_Brazier": {"Rename": "", "Tags": [], "Metadata": "", "Location": [-16241.0078125, 3269.18896484375, 469.6180114746094], "Rotation": [0, 0, 0], "Scale": 1.5, "Scale3D": [1.0, 1.0, 1.0], "Materials": []}}, {"Prop_Pickups.Meshes.Money_02": {"Rename": "", "Tags": [], "Metadata": "", "Location": [-18118.671875, 1638.6700439453125, -103.19999694824219], "Rotation": [0, 0, 0], "Scale": 1.0, "Scale3D": [1.0, 1.0, 1.0], "Materials": []}}, {"Aster_Prop_Staffs.Meshes.Staff_Lava": {"Rename": "", "Tags": [], "Metadata": "", "Location": [-18227.734375, 1733.526611328125, -89.74099731445312], "Rotation": [0, 0, -4400], "Scale": 1.0, "Scale3D": [1.0, 1.0, 1.0], "Materials": []}}, {"Aster_Prop_Staffs.Meshes.Staff_Wheel": {"Rename": "", "Tags": [], "Metadata": "", "Location": [-18221.09765625, 1744.4229736328125, -90.01499938964844], "Rotation": [0, 16400, 3900], "Scale": 1.0, "Scale3D": [1.0, 1.0, 1.0], "Materials": []}}, {"Prop_Barrels.Meshes.WoodenBarrel": {"Rename": "", "Tags": [], "Metadata": "", "Location": [-17351.55859375, 935.218994140625, -100.90499877929688], "Rotation": [0, 0, 0], "Scale": 1.0, "Scale3D": [1.0, 1.0, 1.0], "Materials": []}}, {"FX_Aster_Spider.Mesh.WebMesh_03": {"Rename": "", "Tags": [], "Metadata": "", "Location": [-14140.42578125, -553.9749755859375, 2656.56005859375], "Rotation": [-4000, 23000, 0], "Scale": 9.600000381469727, "Scale3D": [1.0, 1.0, 1.0], "Materials": []}}, {"Aster_Prop_DwarfMines.Mesh.DwarfMines_WallWinBlack": {"Rename": "", "Tags": [], "Metadata": "", "Location": [-9016.18359375, 3729.35107421875, 1280.8800048828125], "Rotation": [0, 32800, 0], "Scale": 3.0, "Scale3D": [1.0, 1.0, 1.0], "Materials": []}}, {"Prop_Plants.Meshes.HangingMossArc": {"Rename": "", "Tags": [], "Metadata": "", "Location": [-7368.40380859375, 2470.6708984375, 2009.738037109375], "Rotation": [0, 16400, 0], "Scale": 3.0, "Scale3D": [1.0, 1.0, 1.0], "Materials": []}}, {"Aster_Prop_Lights.Meshes.DungeonTorch": {"Rename": "", "Tags": [], "Metadata": "", "Location": [-7918.453125, 2201.550048828125, 1093.5069580078125], "Rotation": [0, 0, 0], "Scale": 3.0, "Scale3D": [1.0, 1.0, 1.0], "Materials": []}}, {"Aster_Prop_Weapons.Meshes.Melee_HandleAxe": {"Rename": "", "Tags": [], "Metadata": "", "Location": [-5474.22412109375, 3177.697021484375, 849.2340087890625], "Rotation": [23900, 16400, 0], "Scale": 7.0, "Scale3D": [1.0, 1.0, 1.0], "Materials": []}}, {"Prop_Tools.ChainLinkLong": {"Rename": "", "Tags": [], "Metadata": "", "Location": [-5704.3330078125, 3548.240966796875, 1228.262939453125], "Rotation": [0, 0, -16400], "Scale": 3.0, "Scale3D": [1.0, 1.0, 1.0], "Materials": []}}, {"Prop_Tools.ChainLinkLong": {"Rename": "", "Tags": [], "Metadata": "", "Location": [-5704.3330078125, 3113.240966796875, 1228.262939453125], "Rotation": [0, 0, -16400], "Scale": 3.0, "Scale3D": [1.0, 1.0, 1.0], "Materials": []}}, {"Prop_Tools.ChainLinkLong": {"Rename": "", "Tags": [], "Metadata": "", "Location": [-5704.3330078125, 2679.240966796875, 1228.262939453125], "Rotation": [0, 0, -16400], "Scale": 3.0, "Scale3D": [1.0, 1.0, 1.0], "Materials": []}}, {"Prop_Crate.Meshes.AmmoCrate": {"Rename": "", "Tags": [], "Metadata": "", "Location": [-14021.912109375, 2483.87109375, 480.3890075683594], "Rotation": [0, -2900, 0], "Scale": 1.0, "Scale3D": [1.0, 1.0, 1.0], "Materials": []}}, {"Prop_Tools.ChainLinkLong": {"Rename": "", "Tags": [], "Metadata": "", "Location": [-14070.8720703125, 2880.8369140625, 698.5050048828125], "Rotation": [0, 0, 9200], "Scale": 3.0, "Scale3D": [1.0, 1.0, 1.0], "Materials": []}}], "InteractiveObjectDefinition": [{"GD_Aster_Lootables.Balance.ObjectGrade_AmmoChest": {"Rename": "", "Tags": [], "Metadata": "", "Location": [-6202.0322265625, 3832.652099609375, 470.2349853515625], "Rotation": [0, -16400, 0], "Scale": 1.0, "Scale3D": [1.0, 1.0, 1.0], "Materials": ["Aster_Lootables.Materials.Mati_TreasureChest_Green"]}}, {"GD_Aster_Lootables.Balance.ObjectGrade_Urn": {"Rename": "", "Tags": [], "Metadata": "", "Location": [-7030.60888671875, 3854.843994140625, 472.18499755859375], "Rotation": [0, 18000, 0], "Scale": 1.0, "Scale3D": [1.0, 1.0, 1.0], "Materials": []}}, {"GD_Aster_Lootables.Balance.ObjectGrade_Urn": {"Rename": "", "Tags": [], "Metadata": "", "Location": [-6941.60888671875, 3898.843994140625, 472.18499755859375], "Rotation": [0, 10700, 0], "Scale": 1.0, "Scale3D": [1.0, 1.0, 1.0], "Materials": []}}, {"GD_Aster_Lootables.Balance.ObjectGrade_AmmoChest": {"Rename": "", "Tags": [], "Metadata": "", "Location": [-5506.0322265625, 2563.652099609375, 472.2349853515625], "Rotation": [0, -32800, 0], "Scale": 1.0, "Scale3D": [1.0, 1.0, 1.0], "Materials": ["Aster_Lootables.Materials.Mati_TreasureChest_Green"]}}, {"GD_Aster_Lootables.Balance.ObjectGrade_Urn": {"Rename": "", "Tags": [], "Metadata": "", "Location": [-8891.357421875, 2278.35498046875, 811.4099731445312], "Rotation": [0, -25000, 0], "Scale": 1.0, "Scale3D": [1.0, 1.0, 1.0], "Materials": []}}, {"GD_Aster_Lootables.Balance.ObjectGrade_Urn": {"Rename": "", "Tags": [], "Metadata": "", "Location": [-8801.357421875, 2288.35498046875, 811.4099731445312], "Rotation": [0, -18000, 0], "Scale": 1.0, "Scale3D": [1.0, 1.0, 1.0], "Materials": []}}, {"GD_Aster_Lootables.Balance.ObjectGrade_Urn": {"Rename": "", "Tags": [], "Metadata": "", "Location": [-8981.357421875, 2278.35498046875, 811.4099731445312], "Rotation": [0, -32000, 0], "Scale": 1.0, "Scale3D": [1.0, 1.0, 1.0], "Materials": []}}, {"GD_Aster_Lootables.Balance.ObjectGrade_AmmoChest": {"Rename": "", "Tags": [], "Metadata": "", "Location": [-9946.1923828125, 2086.819091796875, 818.0], "Rotation": [0, -16400, 0], "Scale": 1.0, "Scale3D": [1.0, 1.0, 1.0], "Materials": ["Aster_Lootables.Materials.Mati_TreasureChest_Green"]}}, {"GD_Aster_Lootables.Balance.ObjectGrade_Urn": {"Rename": "", "Tags": [], "Metadata": "", "Location": [-18211.861328125, 3317.5, 475.260009765625], "Rotation": [0, 18000, 0], "Scale": 1.0, "Scale3D": [1.0, 1.0, 1.0], "Materials": []}}, {"GD_Aster_Lootables.Balance.ObjectGrade_Urn": {"Rename": "", "Tags": [], "Metadata": "", "Location": [-18211.861328125, 3237.5, 475.260009765625], "Rotation": [0, 18000, 0], "Scale": 1.0, "Scale3D": [1.0, 1.0, 1.0], "Materials": []}}, {"GD_Aster_Lootables.Balance.ObjectGrade_Urn": {"Rename": "", "Tags": [], "Metadata": "", "Location": [-18261.861328125, 3167.5, 475.260009765625], "Rotation": [0, 23000, 0], "Scale": 1.0, "Scale3D": [1.0, 1.0, 1.0], "Materials": []}}, {"GD_Aster_Lootables.Balance.ObjectGrade_Urn": {"Rename": "", "Tags": [], "Metadata": "", "Location": [-18341.861328125, 3147.5, 475.260009765625], "Rotation": [0, 13000, 0], "Scale": 1.0, "Scale3D": [1.0, 1.0, 1.0], "Materials": []}}, {"GD_Aster_Lootables.Balance.ObjectGrade_Urn": {"Rename": "", "Tags": [], "Metadata": "", "Location": [-18431.861328125, 3117.5, 475.260009765625], "Rotation": [0, 21000, 0], "Scale": 1.0, "Scale3D": [1.0, 1.0, 1.0], "Materials": []}}, {"GD_Aster_Lootables.Balance.ObjectGrade_AmmoChest": {"Rename": "", "Tags": [], "Metadata": "", "Location": [-18305.05078125, 160.4219970703125, 477.2099914550781], "Rotation": [0, 0, 0], "Scale": 1.0, "Scale3D": [1.0, 1.0, 1.0], "Materials": ["Aster_Lootables.Materials.Mati_TreasureChest_Green"]}}, {"GD_Aster_Lootables.Balance.ObjectGrade_AmmoChest": {"Rename": "", "Tags": [], "Metadata": "", "Location": [-18305.05078125, -12.57800006866455, 477.2099914550781], "Rotation": [0, 0, 0], "Scale": 1.0, "Scale3D": [1.0, 1.0, 1.0], "Materials": ["Aster_Lootables.Materials.Mati_TreasureChest_Green"]}}, {"GD_Aster_Lootables.Balance.ObjectGrade_AmmoChest": {"Rename": "", "Tags": [], "Metadata": "", "Location": [-13805.822265625, 802.7670288085938, 479.1440124511719], "Rotation": [0, 16400, 0], "Scale": 1.0, "Scale3D": [1.0, 1.0, 1.0], "Materials": ["Aster_Lootables.Materials.Mati_TreasureChest_Green"]}}, {"GD_Aster_Lootables.Balance.ObjectGrade_AmmoChest": {"Rename": "", "Tags": [], "Metadata": "", "Location": [-13625.822265625, 802.7670288085938, 479.1440124511719], "Rotation": [0, 16400, 0], "Scale": 1.0, "Scale3D": [1.0, 1.0, 1.0], "Materials": ["Aster_Lootables.Materials.Mati_TreasureChest_Green"]}}, {"GD_Aster_Lootables.Balance.ObjectGrade_Urn": {"Rename": "", "Tags": [], "Metadata": "", "Location": [-12618.0732421875, 2114.092041015625, 454.84600830078125], "Rotation": [0, 17000, 0], "Scale": 1.0, "Scale3D": [1.0, 1.0, 1.0], "Materials": []}}, {"GD_Aster_Lootables.Balance.ObjectGrade_AmmoChest": {"Rename": "", "Tags": [], "Metadata": "", "Location": [-9024.88671875, 3667.554931640625, 811.5089721679688], "Rotation": [0, -16400, 0], "Scale": 1.0, "Scale3D": [1.0, 1.0, 1.0], "Materials": ["Aster_Lootables.Materials.Mati_TreasureChest_Green"]}}, {"GD_Aster_Lootables.Balance.ObjectGrade_AmmoChest": {"Rename": "", "Tags": [], "Metadata": "", "Location": [-9194.88671875, 3667.554931640625, 811.5089721679688], "Rotation": [0, -11400, 0], "Scale": 1.0, "Scale3D": [1.0, 1.0, 1.0], "Materials": ["Aster_Lootables.Materials.Mati_TreasureChest_Green"]}}]}}}