{"iris_dl2_p": {"Create": {"StaticMesh": [{"EngineMeshes.Cube": {"Rename": "Floor 1", "Tags": ["Floor 1"], "Metadata": "", "Location": [24549.111328125, -8664.623046875, -4192.7548828125], "Rotation": [0, 0, 0], "Scale": 2.5, "Scale3D": [1.0, 1.0, 0.009999999776482582], "Materials": ["Char_Crystalisk.Materials.Mati_CrystalsLeg_Explosive"]}}, {"EngineMeshes.Cube": {"Rename": "Floor 2", "Tags": ["Floor 2"], "Metadata": "", "Location": [23781.111328125, -8664.623046875, -4192.7548828125], "Rotation": [0, 0, 0], "Scale": 2.5, "Scale3D": [1.0, 1.0, 0.009999999776482582], "Materials": ["Char_Crystalisk.Materials.Mati_CrystalsLeg_Explosive"]}}, {"EngineMeshes.Cube": {"Rename": "Floor 3", "Tags": ["Floor 3"], "Metadata": "", "Location": [23013.111328125, -8664.623046875, -4192.7548828125], "Rotation": [0, 0, 0], "Scale": 2.5, "Scale3D": [1.0, 1.0, 0.009999999776482582], "Materials": ["Char_Crystalisk.Materials.Mati_CrystalsLeg_Explosive"]}}, {"EngineMeshes.Cube": {"Rename": "Floor 4", "Tags": ["Floor 4"], "Metadata": "", "Location": [22245.111328125, -8664.623046875, -4192.7548828125], "Rotation": [0, 0, 0], "Scale": 2.5, "Scale3D": [1.0, 1.0, 0.009999999776482582], "Materials": ["Char_Crystalisk.Materials.Mati_CrystalsLeg_Explosive"]}}, {"EngineMeshes.Cube": {"Rename": "Floor 5", "Tags": ["Floor 5"], "Metadata": "", "Location": [21477.111328125, -8664.623046875, -4192.7548828125], "Rotation": [0, 0, 0], "Scale": 2.5, "Scale3D": [1.0, 1.0, 0.009999999776482582], "Materials": ["Char_Crystalisk.Materials.Mati_CrystalsLeg_Explosive"]}}, {"EngineMeshes.Cube": {"Rename": "Floor 6", "Tags": ["Floor 6"], "Metadata": "", "Location": [24549.111328125, -7896.623046875, -4192.7548828125], "Rotation": [0, 0, 0], "Scale": 2.5, "Scale3D": [1.0, 1.0, 0.009999999776482582], "Materials": ["Char_Crystalisk.Materials.Mati_CrystalsLeg_Explosive"]}}, {"EngineMeshes.Cube": {"Rename": "Floor 7", "Tags": ["Floor 7"], "Metadata": "", "Location": [23781.111328125, -7896.623046875, -4192.7548828125], "Rotation": [0, 0, 0], "Scale": 2.5, "Scale3D": [1.0, 1.0, 0.009999999776482582], "Materials": ["Char_Crystalisk.Materials.Mati_CrystalsLeg_Explosive"]}}, {"EngineMeshes.Cube": {"Rename": "Floor 8", "Tags": ["Floor 8"], "Metadata": "", "Location": [23013.111328125, -7896.623046875, -4192.7548828125], "Rotation": [0, 0, 0], "Scale": 2.5, "Scale3D": [1.0, 1.0, 0.009999999776482582], "Materials": ["Char_Crystalisk.Materials.Mati_CrystalsLeg_Explosive"]}}, {"EngineMeshes.Cube": {"Rename": "Floor 9", "Tags": ["Floor 9"], "Metadata": "", "Location": [22245.111328125, -7896.623046875, -4192.7548828125], "Rotation": [0, 0, 0], "Scale": 2.5, "Scale3D": [1.0, 1.0, 0.009999999776482582], "Materials": ["Char_Crystalisk.Materials.Mati_CrystalsLeg_Explosive"]}}, {"EngineMeshes.Cube": {"Rename": "Floor 10", "Tags": ["Floor 10"], "Metadata": "", "Location": [21477.111328125, -7896.623046875, -4192.7548828125], "Rotation": [0, 0, 0], "Scale": 2.5, "Scale3D": [1.0, 1.0, 0.009999999776482582], "Materials": ["Char_Crystalisk.Materials.Mati_CrystalsLeg_Explosive"]}}, {"EngineMeshes.Cube": {"Rename": "Floor 11", "Tags": ["Floor 11"], "Metadata": "", "Location": [24549.111328125, -7128.623046875, -4192.7548828125], "Rotation": [0, 0, 0], "Scale": 2.5, "Scale3D": [1.0, 1.0, 0.009999999776482582], "Materials": ["Char_Crystalisk.Materials.Mati_CrystalsLeg_Explosive"]}}, {"EngineMeshes.Cube": {"Rename": "Floor 12", "Tags": ["Floor 12"], "Metadata": "", "Location": [23781.111328125, -7128.623046875, -4192.7548828125], "Rotation": [0, 0, 0], "Scale": 2.5, "Scale3D": [1.0, 1.0, 0.009999999776482582], "Materials": ["Char_Crystalisk.Materials.Mati_CrystalsLeg_Explosive"]}}, {"EngineMeshes.Cube": {"Rename": "Floor 13", "Tags": ["Floor 13"], "Metadata": "", "Location": [23013.111328125, -7128.623046875, -4192.7548828125], "Rotation": [0, 0, 0], "Scale": 2.5, "Scale3D": [1.0, 1.0, 0.009999999776482582], "Materials": ["Char_Crystalisk.Materials.Mati_CrystalsLeg_Explosive"]}}, {"EngineMeshes.Cube": {"Rename": "Floor 14", "Tags": ["Floor 14"], "Metadata": "", "Location": [22245.111328125, -7128.623046875, -4192.7548828125], "Rotation": [0, 0, 0], "Scale": 2.5, "Scale3D": [1.0, 1.0, 0.009999999776482582], "Materials": ["Char_Crystalisk.Materials.Mati_CrystalsLeg_Explosive"]}}, {"EngineMeshes.Cube": {"Rename": "Floor 15", "Tags": ["Floor 15"], "Metadata": "", "Location": [21477.111328125, -7128.623046875, -4192.7548828125], "Rotation": [0, 0, 0], "Scale": 2.5, "Scale3D": [1.0, 1.0, 0.009999999776482582], "Materials": ["Char_Crystalisk.Materials.Mati_CrystalsLeg_Explosive"]}}, {"EngineMeshes.Cube": {"Rename": "Floor 16", "Tags": ["Floor 16"], "Metadata": "", "Location": [24549.111328125, -6360.623046875, -4192.7548828125], "Rotation": [0, 0, 0], "Scale": 2.5, "Scale3D": [1.0, 1.0, 0.009999999776482582], "Materials": ["Char_Crystalisk.Materials.Mati_CrystalsLeg_Explosive"]}}, {"EngineMeshes.Cube": {"Rename": "Floor 17", "Tags": ["Floor 17"], "Metadata": "", "Location": [23781.111328125, -6360.623046875, -4192.7548828125], "Rotation": [0, 0, 0], "Scale": 2.5, "Scale3D": [1.0, 1.0, 0.009999999776482582], "Materials": ["Char_Crystalisk.Materials.Mati_CrystalsLeg_Explosive"]}}, {"EngineMeshes.Cube": {"Rename": "Floor 18", "Tags": ["Floor 18"], "Metadata": "", "Location": [23013.111328125, -6360.623046875, -4192.7548828125], "Rotation": [0, 0, 0], "Scale": 2.5, "Scale3D": [1.0, 1.0, 0.009999999776482582], "Materials": ["Char_Crystalisk.Materials.Mati_CrystalsLeg_Explosive"]}}, {"EngineMeshes.Cube": {"Rename": "Floor 19", "Tags": ["Floor 19"], "Metadata": "", "Location": [22245.111328125, -6360.623046875, -4192.7548828125], "Rotation": [0, 0, 0], "Scale": 2.5, "Scale3D": [1.0, 1.0, 0.009999999776482582], "Materials": ["Char_Crystalisk.Materials.Mati_CrystalsLeg_Explosive"]}}, {"EngineMeshes.Cube": {"Rename": "Floor 20", "Tags": ["Floor 20"], "Metadata": "", "Location": [21477.111328125, -6360.623046875, -4192.7548828125], "Rotation": [0, 0, 0], "Scale": 2.5, "Scale3D": [1.0, 1.0, 0.009999999776482582], "Materials": ["Char_Crystalisk.Materials.Mati_CrystalsLeg_Explosive"]}}, {"EngineMeshes.Cube": {"Rename": "Floor 21", "Tags": ["Floor 21"], "Metadata": "", "Location": [24549.111328125, -5592.623046875, -4192.7548828125], "Rotation": [0, 0, 0], "Scale": 2.5, "Scale3D": [1.0, 1.0, 0.009999999776482582], "Materials": ["Char_Crystalisk.Materials.Mati_CrystalsLeg_Explosive"]}}, {"EngineMeshes.Cube": {"Rename": "Floor 22", "Tags": ["Floor 22"], "Metadata": "", "Location": [23781.111328125, -5592.623046875, -4192.7548828125], "Rotation": [0, 0, 0], "Scale": 2.5, "Scale3D": [1.0, 1.0, 0.009999999776482582], "Materials": ["Char_Crystalisk.Materials.Mati_CrystalsLeg_Explosive"]}}, {"EngineMeshes.Cube": {"Rename": "Floor 23", "Tags": ["Floor 23"], "Metadata": "", "Location": [23013.111328125, -5592.623046875, -4192.7548828125], "Rotation": [0, 0, 0], "Scale": 2.5, "Scale3D": [1.0, 1.0, 0.009999999776482582], "Materials": ["Char_Crystalisk.Materials.Mati_CrystalsLeg_Explosive"]}}, {"EngineMeshes.Cube": {"Rename": "Floor 24", "Tags": ["Floor 24"], "Metadata": "", "Location": [22245.111328125, -5592.623046875, -4192.7548828125], "Rotation": [0, 0, 0], "Scale": 2.5, "Scale3D": [1.0, 1.0, 0.009999999776482582], "Materials": ["Char_Crystalisk.Materials.Mati_CrystalsLeg_Explosive"]}}, {"EngineMeshes.Cube": {"Rename": "Floor 25", "Tags": ["Floor 25"], "Metadata": "", "Location": [21477.111328125, -5592.623046875, -4192.7548828125], "Rotation": [0, 0, 0], "Scale": 2.5, "Scale3D": [1.0, 1.0, 0.009999999776482582], "Materials": ["Char_Crystalisk.Materials.Mati_CrystalsLeg_Explosive"]}}, {"EngineMeshes.Cube": {"Rename": "Floor Start", "Tags": [], "Metadata": "", "Location": [23013.111328125, -9432.623046875, -4192.7548828125], "Rotation": [0, 0, 0], "Scale": 2.5, "Scale3D": [1.0, 1.0, 0.009999999776482582], "Materials": ["Env_GaiusSanctuary.Materials.Eridium_Pickups_Bar"]}}, {"EngineMeshes.Cube": {"Rename": "Floor End", "Tags": [], "Metadata": "", "Location": [23013.111328125, -4824.623046875, -4192.7548828125], "Rotation": [0, 0, 0], "Scale": 2.5, "Scale3D": [1.0, 1.0, 0.009999999776482582], "Materials": ["Prop_Pickups.Materials.Eridium_Pickups_Bar"]}}, {"Char_Anem_ButtStallion.Mesh.ButtStallion": {"Rename": "", "Tags": [], "Metadata": "", "Location": [23033.8046875, -4874.02587890625, -4189.0], "Rotation": [0, -12000, 0], "Scale": 1.0, "Scale3D": [1.0, 1.0, 1.0], "Materials": []}}, {"FX_CHAR_Damage_Matrix.Mesh.DamageType_Sphere": {"Rename": "Wall 1", "Tags": [], "Metadata": "", "Location": [23325.623046875, -7160.83203125, -7272.76904296875], "Rotation": [16400, 0, 0], "Scale": 100.0, "Scale3D": [1.0, 1.0, 1.0], "Materials": ["FX_IO_Digistruct.Materials.Mati_DigiPaneSolidBar"]}}, {"FX_CHAR_Damage_Matrix.Mesh.DamageType_Sphere": {"Rename": "Wall 2", "Tags": [], "Metadata": "", "Location": [23325.623046875, -7160.83203125, -1222.76904296875], "Rotation": [16400, 0, 0], "Scale": 100.0, "Scale3D": [1.0, 1.0, 1.0], "Materials": ["FX_IO_Digistruct.Materials.Mati_DigiPaneSolidBar"]}}]}}}