{"dam_p": {"Create": {"StaticMesh": [{"Env_Caverns.Meshes.Dahl_ConcWalk": {"Rename": "", "Tags": [], "Metadata": "", "Location": [-28146.0, 19094.478515625, 2025.2886962890625], "Rotation": [0, 0, 0], "Scale": 2.0, "Scale3D": [0.9900000095367432, 1.0, 0.0010000000474974513], "Materials": []}}, {"Prop_Walls.Meshes.CellWall_01": {"Rename": "", "Tags": [], "Metadata": "", "Location": [-28905.388671875, 19089.12109375, 2026.0489501953125], "Rotation": [0, 0, 0], "Scale": 1.0, "Scale3D": [1.0, 1.0, 1.0], "Materials": []}}, {"Prop_Walls.Meshes.CellWall_01": {"Rename": "", "Tags": [], "Metadata": "", "Location": [-28393.388671875, 19089.12109375, 2026.0489501953125], "Rotation": [0, 0, 0], "Scale": 1.0, "Scale3D": [1.0, 1.0, 1.0], "Materials": []}}, {"Prop_Walls.Meshes.CellWall_01": {"Rename": "", "Tags": [], "Metadata": "", "Location": [-27882.388671875, 19089.12109375, 2026.0489501953125], "Rotation": [0, 0, 0], "Scale": 1.0, "Scale3D": [1.0, 1.0, 1.0], "Materials": []}}, {"Prop_Walls.Meshes.CellWall_01": {"Rename": "Unbroken Wall 2", "Tags": ["Unbroken Wall 2"], "Metadata": "", "Location": [-27371.388671875, 19089.12109375, 2026.0489501953125], "Rotation": [0, 0, 0], "Scale": 1.0, "Scale3D": [1.0, 1.0, 1.0], "Materials": []}}, {"Prop_Walls.Meshes.CellWall_01": {"Rename": "", "Tags": [], "Metadata": "", "Location": [-28139.388671875, 18834.12109375, 2026.0489501953125], "Rotation": [0, 16400, 0], "Scale": 1.0, "Scale3D": [1.0, 1.0, 1.0], "Materials": []}}, {"Prop_Walls.Meshes.CellWall_01": {"Rename": "Unbroken Wall 1", "Tags": ["Unbroken Wall 1"], "Metadata": "", "Location": [-28139.388671875, 18324.12109375, 2026.0489501953125], "Rotation": [0, 16400, 0], "Scale": 1.0, "Scale3D": [1.0, 1.0, 1.0], "Materials": []}}, {"Prop_Walls.Meshes.CellWall_01": {"Rename": "", "Tags": [], "Metadata": "", "Location": [-28139.388671875, 19347.12109375, 2026.0489501953125], "Rotation": [0, 16400, 0], "Scale": 1.0, "Scale3D": [1.0, 1.0, 1.0], "Materials": []}}, {"Prop_Walls.Meshes.CellWall_01": {"Rename": "Unbroken Wall 3", "Tags": ["Unbroken Wall 3"], "Metadata": "", "Location": [-28139.388671875, 19857.12109375, 2026.0489501953125], "Rotation": [0, 16400, 0], "Scale": 1.0, "Scale3D": [1.0, 1.0, 1.0], "Materials": []}}, {"Prop_Walls.Meshes.CellWall_01": {"Rename": "", "Tags": [], "Metadata": "", "Location": [-27149.388671875, 18834.12109375, 2026.0489501953125], "Rotation": [0, 16400, 0], "Scale": 1.0, "Scale3D": [1.0, 1.0, 1.0], "Materials": []}}, {"Prop_Walls.Meshes.CellWall_01": {"Rename": "", "Tags": [], "Metadata": "", "Location": [-27149.388671875, 18324.12109375, 2026.0489501953125], "Rotation": [0, 16400, 0], "Scale": 1.0, "Scale3D": [1.0, 1.0, 1.0], "Materials": []}}, {"Prop_Walls.Meshes.CellWall_01": {"Rename": "", "Tags": [], "Metadata": "", "Location": [-29129.388671875, 18834.12109375, 2026.0489501953125], "Rotation": [0, 16400, 0], "Scale": 1.0, "Scale3D": [1.0, 1.0, 1.0], "Materials": []}}, {"Prop_Walls.Meshes.CellWall_01": {"Rename": "", "Tags": [], "Metadata": "", "Location": [-29129.388671875, 18324.12109375, 2026.0489501953125], "Rotation": [0, 16400, 0], "Scale": 1.0, "Scale3D": [1.0, 1.0, 1.0], "Materials": []}}, {"Prop_Walls.Meshes.CellWall_01": {"Rename": "", "Tags": [], "Metadata": "", "Location": [-29129.388671875, 19347.12109375, 2026.0489501953125], "Rotation": [0, 16400, 0], "Scale": 1.0, "Scale3D": [1.0, 1.0, 1.0], "Materials": []}}, {"Prop_Walls.Meshes.CellWall_01": {"Rename": "", "Tags": [], "Metadata": "", "Location": [-29129.388671875, 19857.12109375, 2026.0489501953125], "Rotation": [0, 16400, 0], "Scale": 1.0, "Scale3D": [1.0, 1.0, 1.0], "Materials": []}}, {"Prop_Walls.Meshes.CellWall_01": {"Rename": "", "Tags": [], "Metadata": "", "Location": [-27149.388671875, 19347.12109375, 2026.0489501953125], "Rotation": [0, 16400, 0], "Scale": 1.0, "Scale3D": [1.0, 1.0, 1.0], "Materials": []}}, {"Prop_Walls.Meshes.CellWall_01": {"Rename": "", "Tags": [], "Metadata": "", "Location": [-27149.388671875, 19857.12109375, 2026.0489501953125], "Rotation": [0, 16400, 0], "Scale": 1.0, "Scale3D": [1.0, 1.0, 1.0], "Materials": []}}, {"Prop_Walls.Meshes.CellWall_01": {"Rename": "", "Tags": [], "Metadata": "", "Location": [-28905.388671875, 18099.12109375, 2026.0489501953125], "Rotation": [0, 0, 0], "Scale": 1.0, "Scale3D": [1.0, 1.0, 1.0], "Materials": []}}, {"Prop_Walls.Meshes.CellWall_01": {"Rename": "", "Tags": [], "Metadata": "", "Location": [-28393.388671875, 18099.12109375, 2026.0489501953125], "Rotation": [0, 0, 0], "Scale": 1.0, "Scale3D": [1.0, 1.0, 1.0], "Materials": []}}, {"Prop_Walls.Meshes.CellWall_01": {"Rename": "", "Tags": [], "Metadata": "", "Location": [-27882.388671875, 18099.12109375, 2026.0489501953125], "Rotation": [0, 0, 0], "Scale": 1.0, "Scale3D": [1.0, 1.0, 1.0], "Materials": []}}, {"Prop_Walls.Meshes.CellWall_01": {"Rename": "", "Tags": [], "Metadata": "", "Location": [-27371.388671875, 18099.12109375, 2026.0489501953125], "Rotation": [0, 0, 0], "Scale": 1.0, "Scale3D": [1.0, 1.0, 1.0], "Materials": []}}, {"Prop_Walls.Meshes.CellWall_01": {"Rename": "", "Tags": [], "Metadata": "", "Location": [-28905.388671875, 20089.12109375, 2026.0489501953125], "Rotation": [0, 0, 0], "Scale": 1.0, "Scale3D": [1.0, 1.0, 1.0], "Materials": []}}, {"Prop_Walls.Meshes.CellWall_01": {"Rename": "", "Tags": [], "Metadata": "", "Location": [-28393.388671875, 20089.12109375, 2026.0489501953125], "Rotation": [0, 0, 0], "Scale": 1.0, "Scale3D": [1.0, 1.0, 1.0], "Materials": []}}, {"Prop_Walls.Meshes.CellWall_01": {"Rename": "", "Tags": [], "Metadata": "", "Location": [-27882.388671875, 20089.12109375, 2026.0489501953125], "Rotation": [0, 0, 0], "Scale": 1.0, "Scale3D": [1.0, 1.0, 1.0], "Materials": []}}, {"Prop_Walls.Meshes.CellWall_01": {"Rename": "", "Tags": [], "Metadata": "", "Location": [-27371.388671875, 20089.12109375, 2026.0489501953125], "Rotation": [0, 0, 0], "Scale": 1.0, "Scale3D": [1.0, 1.0, 1.0], "Materials": []}}, {"Char_Anem_ButtStallion.Mesh.ButtStallion": {"Rename": "", "Tags": [], "Metadata": "", "Location": [-28880.251953125, 19599.658203125, 2025.0], "Rotation": [0, 0, 0], "Scale": 1.0, "Scale3D": [1.0, 1.0, 1.0], "Materials": []}}, {"FX_ENV_Fire.Meshes.Smesh_CyclinderFire": {"Rename": "", "Tags": [], "Metadata": "", "Location": [-28947.662109375, 19334.486328125, 2025.0], "Rotation": [0, 0, 0], "Scale": 1.7000000476837158, "Scale3D": [1.0, 1.0, 1.0], "Materials": []}}, {"FX_ENV_Fire.Meshes.Smesh_CyclinderFire": {"Rename": "", "Tags": [], "Metadata": "", "Location": [-28927.662109375, 19864.486328125, 2025.0], "Rotation": [0, 0, 0], "Scale": 1.7000000476837158, "Scale3D": [1.0, 1.0, 1.0], "Materials": []}}, {"GD_Rat_Lee.Mesh.LeeSword": {"Rename": "", "Tags": [], "Metadata": "", "Location": [-28731.57421875, 19557.982421875, 2029.0], "Rotation": [16400, -21000, 0], "Scale": 2.0, "Scale3D": [1.0, 1.0, 1.0], "Materials": []}}, {"Prop_Furniture.RedCarpet": {"Rename": "", "Tags": [], "Metadata": "", "Location": [-28688.427734375, 19604.16015625, 2026.0], "Rotation": [0, 0, 0], "Scale": 1.0, "Scale3D": [1.0, 1.0, 0.10000000149011612], "Materials": []}}, {"Prop_Pickups.Meshes.AshPile": {"Rename": "", "Tags": [], "Metadata": "", "Location": [-28931.1484375, 19866.703125, 2026.0], "Rotation": [0, 0, 0], "Scale": 2.0, "Scale3D": [1.0, 1.0, 0.4000000059604645], "Materials": []}}, {"Prop_Pickups.Meshes.AshPile": {"Rename": "", "Tags": [], "Metadata": "", "Location": [-28931.1484375, 19336.703125, 2026.0], "Rotation": [0, 0, 0], "Scale": 2.0, "Scale3D": [1.0, 1.0, 0.4000000059604645], "Materials": []}}, {"Prop_Walls.Meshes.CellWallHole_01": {"Rename": "Broken Wall 1", "Tags": ["Broken Wall 1"], "Metadata": "", "Location": [-28139.388671875, 18324.12109375, 1700.0489501953125], "Rotation": [0, 16400, 0], "Scale": 1.0, "Scale3D": [1.0, 1.0, 1.0], "Materials": []}}, {"Prop_Walls.Meshes.CellWallHole_01": {"Rename": "Broken Wall 2", "Tags": ["Broken Wall 2"], "Metadata": "", "Location": [-27371.388671875, 19089.12109375, 1700.0489501953125], "Rotation": [0, 0, 0], "Scale": 1.0, "Scale3D": [1.0, 1.0, 1.0], "Materials": []}}, {"Prop_Walls.Meshes.CellWallHole_01": {"Rename": "Broken Wall 3", "Tags": ["Broken Wall 3"], "Metadata": "", "Location": [-28139.388671875, 19857.12109375, 1700.0489501953125], "Rotation": [0, 16400, 0], "Scale": 1.0, "Scale3D": [1.0, 1.0, 1.0], "Materials": []}}, {"FX_Shared_Mesh_px.Meshes.RockShard_01": {"Rename": "", "Tags": [], "Metadata": "", "Location": [-28245.18359375, 18939.064453125, 2072.0], "Rotation": [16400, -15400, 0], "Scale": 2.0, "Scale3D": [0.5, 1.0, 1.0], "Materials": []}}, {"FX_Shared_Mesh_px.Meshes.RockShard_01": {"Rename": "", "Tags": [], "Metadata": "", "Location": [-28245.18359375, 18810.064453125, 2072.0], "Rotation": [16400, -15400, 0], "Scale": 2.0, "Scale3D": [0.5, 1.0, 1.0], "Materials": []}}, {"FX_Shared_Mesh_px.Meshes.RockShard_01": {"Rename": "", "Tags": [], "Metadata": "", "Location": [-28389.18359375, 18939.064453125, 2072.0], "Rotation": [16400, -15400, 0], "Scale": 2.0, "Scale3D": [0.5, 1.0, 1.0], "Materials": []}}, {"FX_Shared_Mesh_px.Meshes.RockShard_01": {"Rename": "", "Tags": [], "Metadata": "", "Location": [-29023.18359375, 18243.064453125, 2072.0], "Rotation": [16400, 16400, 0], "Scale": 2.0, "Scale3D": [0.5, 1.0, 1.0], "Materials": []}}, {"FX_Shared_Mesh_px.Meshes.RockShard_01": {"Rename": "", "Tags": [], "Metadata": "", "Location": [-29023.18359375, 18362.064453125, 2072.0], "Rotation": [16400, 16400, 0], "Scale": 2.0, "Scale3D": [0.5, 1.0, 1.0], "Materials": []}}, {"FX_Shared_Mesh_px.Meshes.RockShard_01": {"Rename": "", "Tags": [], "Metadata": "", "Location": [-28876.18359375, 18243.064453125, 2072.0], "Rotation": [16400, 16400, 0], "Scale": 2.0, "Scale3D": [0.5, 1.0, 1.0], "Materials": []}}, {"Prop_Iris_Pickups.Meshes.Torgue_Token": {"Rename": "", "Tags": [], "Metadata": "", "Location": [-28395.671875, 18849.435546875, 2026.300048828125], "Rotation": [0, -27600, 0], "Scale": 2.0, "Scale3D": [1.0, 1.0, 1.0], "Materials": []}}, {"Prop_BanditTeeth.Meshes.Teeth_01": {"Rename": "", "Tags": [], "Metadata": "", "Location": [-27240.611328125, 18160.0234375, 1899.5570068359375], "Rotation": [0, 16400, 0], "Scale": 0.3799999952316284, "Scale3D": [0.6100000143051147, 0.25, 1.2200000286102295], "Materials": []}}, {"Prop_BanditTeeth.Meshes.Teeth_01": {"Rename": "", "Tags": [], "Metadata": "", "Location": [-27240.611328125, 18196.0234375, 1899.5570068359375], "Rotation": [0, 16400, 0], "Scale": 0.3799999952316284, "Scale3D": [0.6100000143051147, 0.25, 1.2200000286102295], "Materials": []}}, {"Prop_BanditTeeth.Meshes.Teeth_01": {"Rename": "", "Tags": [], "Metadata": "", "Location": [-27240.611328125, 18227.0234375, 1899.5570068359375], "Rotation": [0, 16400, 0], "Scale": 0.3799999952316284, "Scale3D": [0.6100000143051147, 0.25, 1.2200000286102295], "Materials": []}}, {"Prop_BanditTeeth.Meshes.Teeth_01": {"Rename": "", "Tags": [], "Metadata": "", "Location": [-27240.611328125, 18260.0234375, 1899.5570068359375], "Rotation": [0, 16400, 0], "Scale": 0.3799999952316284, "Scale3D": [0.6100000143051147, 0.25, 1.2200000286102295], "Materials": []}}, {"Prop_BanditTeeth.Meshes.Teeth_01": {"Rename": "", "Tags": [], "Metadata": "", "Location": [-27281.611328125, 18182.0234375, 1899.5570068359375], "Rotation": [0, 16400, 0], "Scale": 0.3799999952316284, "Scale3D": [0.6100000143051147, 0.25, 1.2200000286102295], "Materials": []}}, {"Prop_BanditTeeth.Meshes.Teeth_01": {"Rename": "", "Tags": [], "Metadata": "", "Location": [-27281.611328125, 18216.0234375, 1899.5570068359375], "Rotation": [0, 16400, 0], "Scale": 0.3799999952316284, "Scale3D": [0.6100000143051147, 0.25, 1.2200000286102295], "Materials": []}}, {"Prop_BanditTeeth.Meshes.Teeth_01": {"Rename": "", "Tags": [], "Metadata": "", "Location": [-27281.611328125, 18251.0234375, 1899.5570068359375], "Rotation": [0, 16400, 0], "Scale": 0.3799999952316284, "Scale3D": [0.6100000143051147, 0.25, 1.2200000286102295], "Materials": []}}, {"Prop_BanditTeeth.Meshes.Teeth_01": {"Rename": "", "Tags": [], "Metadata": "", "Location": [-27313.611328125, 18160.0234375, 1899.5570068359375], "Rotation": [0, 16400, 0], "Scale": 0.3799999952316284, "Scale3D": [0.6100000143051147, 0.25, 1.2200000286102295], "Materials": []}}, {"Prop_BanditTeeth.Meshes.Teeth_01": {"Rename": "", "Tags": [], "Metadata": "", "Location": [-27313.611328125, 18196.0234375, 1899.5570068359375], "Rotation": [0, 16400, 0], "Scale": 0.3799999952316284, "Scale3D": [0.6100000143051147, 0.25, 1.2200000286102295], "Materials": []}}, {"Prop_BanditTeeth.Meshes.Teeth_01": {"Rename": "", "Tags": [], "Metadata": "", "Location": [-27313.611328125, 18230.0234375, 1899.5570068359375], "Rotation": [0, 16400, 0], "Scale": 0.3799999952316284, "Scale3D": [0.6100000143051147, 0.25, 1.2200000286102295], "Materials": []}}, {"Prop_BanditTeeth.Meshes.Teeth_01": {"Rename": "", "Tags": [], "Metadata": "", "Location": [-27313.611328125, 18263.0234375, 1899.5570068359375], "Rotation": [0, 16400, 0], "Scale": 0.3799999952316284, "Scale3D": [0.6100000143051147, 0.25, 1.2200000286102295], "Materials": []}}, {"Prop_BanditTeeth.Meshes.Teeth_01": {"Rename": "", "Tags": [], "Metadata": "", "Location": [-28057.611328125, 19002.0234375, 1899.5570068359375], "Rotation": [0, -32800, 0], "Scale": 0.3799999952316284, "Scale3D": [0.6100000143051147, 0.25, 1.2200000286102295], "Materials": []}}, {"Prop_BanditTeeth.Meshes.Teeth_01": {"Rename": "", "Tags": [], "Metadata": "", "Location": [-28023.611328125, 19002.0234375, 1899.5570068359375], "Rotation": [0, -32800, 0], "Scale": 0.3799999952316284, "Scale3D": [0.6100000143051147, 0.25, 1.2200000286102295], "Materials": []}}, {"Prop_BanditTeeth.Meshes.Teeth_01": {"Rename": "", "Tags": [], "Metadata": "", "Location": [-27989.611328125, 19002.0234375, 1899.5570068359375], "Rotation": [0, -32800, 0], "Scale": 0.3799999952316284, "Scale3D": [0.6100000143051147, 0.25, 1.2200000286102295], "Materials": []}}, {"Prop_BanditTeeth.Meshes.Teeth_01": {"Rename": "", "Tags": [], "Metadata": "", "Location": [-27954.611328125, 19002.0234375, 1899.5570068359375], "Rotation": [0, -32800, 0], "Scale": 0.3799999952316284, "Scale3D": [0.6100000143051147, 0.25, 1.2200000286102295], "Materials": []}}, {"Prop_BanditTeeth.Meshes.Teeth_01": {"Rename": "", "Tags": [], "Metadata": "", "Location": [-27971.611328125, 18968.0234375, 1899.5570068359375], "Rotation": [0, -32800, 0], "Scale": 0.3799999952316284, "Scale3D": [0.6100000143051147, 0.25, 1.2200000286102295], "Materials": []}}, {"Prop_BanditTeeth.Meshes.Teeth_01": {"Rename": "", "Tags": [], "Metadata": "", "Location": [-28010.611328125, 18968.0234375, 1899.5570068359375], "Rotation": [0, -32800, 0], "Scale": 0.3799999952316284, "Scale3D": [0.6100000143051147, 0.25, 1.2200000286102295], "Materials": []}}, {"Prop_BanditTeeth.Meshes.Teeth_01": {"Rename": "", "Tags": [], "Metadata": "", "Location": [-28044.611328125, 18968.0234375, 1899.5570068359375], "Rotation": [0, -32800, 0], "Scale": 0.3799999952316284, "Scale3D": [0.6100000143051147, 0.25, 1.2200000286102295], "Materials": []}}, {"Prop_BanditTeeth.Meshes.Teeth_01": {"Rename": "", "Tags": [], "Metadata": "", "Location": [-27954.611328125, 18933.0234375, 1899.5570068359375], "Rotation": [0, -32800, 0], "Scale": 0.3799999952316284, "Scale3D": [0.6100000143051147, 0.25, 1.2200000286102295], "Materials": []}}, {"Prop_BanditTeeth.Meshes.Teeth_01": {"Rename": "", "Tags": [], "Metadata": "", "Location": [-27987.611328125, 18933.0234375, 1899.5570068359375], "Rotation": [0, -32800, 0], "Scale": 0.3799999952316284, "Scale3D": [0.6100000143051147, 0.25, 1.2200000286102295], "Materials": []}}, {"Prop_BanditTeeth.Meshes.Teeth_01": {"Rename": "", "Tags": [], "Metadata": "", "Location": [-28021.611328125, 18933.0234375, 1899.5570068359375], "Rotation": [0, -32800, 0], "Scale": 0.3799999952316284, "Scale3D": [0.6100000143051147, 0.25, 1.2200000286102295], "Materials": []}}, {"Prop_BanditTeeth.Meshes.Teeth_01": {"Rename": "", "Tags": [], "Metadata": "", "Location": [-28055.611328125, 18933.0234375, 1899.5570068359375], "Rotation": [0, -32800, 0], "Scale": 0.3799999952316284, "Scale3D": [0.6100000143051147, 0.25, 1.2200000286102295], "Materials": []}}, {"FX_ENV_Fire.Meshes.Smesh_CyclinderFire": {"Rename": "", "Tags": [], "Metadata": "", "Location": [-27724.85546875, 19213.3359375, 2022.5369873046875], "Rotation": [0, 0, 0], "Scale": 2.0, "Scale3D": [1.0, 1.0, 1.0], "Materials": []}}, {"GD_Anemone_Plot_Mission040.Meshes.SM_Dragon_Miniature": {"Rename": "", "Tags": [], "Metadata": "", "Location": [-27452.015625, 19730.943359375, 2024.7960205078125], "Rotation": [0, -14200, 0], "Scale": 4.0, "Scale3D": [1.0, 1.0, 1.0], "Materials": []}}, {"FX_GOR_Mesh.Meshes.Props.SkullSingle": {"Rename": "", "Tags": [], "Metadata": "", "Location": [-28071.208984375, 19146.34375, 2054.68896484375], "Rotation": [0, 16400, 0], "Scale": 2.0, "Scale3D": [1.0, 1.0, 1.0], "Materials": []}}, {"FX_GOR_Mesh.Meshes.Props.SkullSingle": {"Rename": "", "Tags": [], "Metadata": "", "Location": [-28071.208984375, 19196.34375, 2054.68896484375], "Rotation": [0, 16400, 0], "Scale": 2.0, "Scale3D": [1.0, 1.0, 1.0], "Materials": []}}, {"FX_GOR_Mesh.Meshes.Props.SkullSingle": {"Rename": "", "Tags": [], "Metadata": "", "Location": [-28071.208984375, 19245.34375, 2054.68896484375], "Rotation": [0, 16400, 0], "Scale": 2.0, "Scale3D": [1.0, 1.0, 1.0], "Materials": []}}, {"FX_GOR_Mesh.Meshes.Props.SkullSingle": {"Rename": "", "Tags": [], "Metadata": "", "Location": [-28071.208984375, 19291.34375, 2054.68896484375], "Rotation": [0, 16400, 0], "Scale": 2.0, "Scale3D": [1.0, 1.0, 1.0], "Materials": []}}, {"Prop_Pickups.Meshes.HealthVial": {"Rename": "", "Tags": [], "Metadata": "", "Location": [-27711.130859375, 18580.396484375, 2035.27099609375], "Rotation": [0, 16400, 0], "Scale": 2.0, "Scale3D": [1.0, 1.0, 1.0], "Materials": []}}, {"Prop_Barrels.Meshes.BarrelEmbers": {"Rename": "", "Tags": [], "Metadata": "", "Location": [-27716.080078125, 19199.466796875, 2025.0980224609375], "Rotation": [0, 0, 0], "Scale": 2.0, "Scale3D": [1.0, 1.0, 1.0], "Materials": []}}, {"FX_BOSS_FinalBoss.Geo.Fire_Breath": {"Rename": "", "Tags": [], "Metadata": "", "Location": [-27412.75390625, 19553.49609375, 2064.965087890625], "Rotation": [0, -14400, 0], "Scale": 2.180000066757202, "Scale3D": [1.0, 1.0, 1.0], "Materials": []}}, {"Prop_Trim.FloorGrateEdge": {"Rename": "", "Tags": [], "Metadata": "", "Location": [-27165.26953125, 19112.982421875, 2025.4000244140625], "Rotation": [0, 0, 0], "Scale": 3.0, "Scale3D": [1.0, 1.0, 1.0], "Materials": []}}, {"Prop_Plants.Mushrooms": {"Rename": "", "Tags": [], "Metadata": "", "Location": [-27229.001953125, 18616.5703125, 2032.5419921875], "Rotation": [0, 0, 0], "Scale": 1.0, "Scale3D": [1.0, 1.0, 1.0], "Materials": []}}, {"Prop_Iris_Pickups.Meshes.Torgue_Token": {"Rename": "", "Tags": [], "Metadata": "", "Location": [-27884.671875, 18993.435546875, 2026.300048828125], "Rotation": [0, -16400, 0], "Scale": 2.0, "Scale3D": [1.0, 1.0, 1.0], "Materials": []}}, {"Prop_Iris_Pickups.Meshes.Torgue_Token": {"Rename": "", "Tags": [], "Metadata": "", "Location": [-27785.671875, 18993.435546875, 2026.300048828125], "Rotation": [0, -16400, 0], "Scale": 2.0, "Scale3D": [1.0, 1.0, 1.0], "Materials": []}}, {"Prop_Iris_Pickups.Meshes.Torgue_Token": {"Rename": "", "Tags": [], "Metadata": "", "Location": [-27748.671875, 19459.435546875, 2026.300048828125], "Rotation": [0, -16400, 0], "Scale": 2.0, "Scale3D": [1.0, 1.0, 1.0], "Materials": []}}, {"Prop_Iris_Pickups.Meshes.Torgue_Token": {"Rename": "", "Tags": [], "Metadata": "", "Location": [-27658.671875, 19544.435546875, 2026.300048828125], "Rotation": [0, -16400, 0], "Scale": 2.0, "Scale3D": [1.0, 1.0, 1.0], "Materials": []}}, {"Env_Caverns.Meshes.Dahl_ConcWalk": {"Rename": "", "Tags": [], "Metadata": "", "Location": [-28146.0, 19094.478515625, 2345.2890625], "Rotation": [32800, 0, 0], "Scale": 2.0, "Scale3D": [0.9900000095367432, 1.0, 0.0010000000474974513], "Materials": []}}, {"Common_Meshes.BasePlane_256x128": {"Rename": "Wall Cracks 1", "Tags": ["Wall Cracks 1"], "Metadata": "", "Location": [-28171.873046875, 18229.982421875, 2010.199951171875], "Rotation": [0, 16400, 0], "Scale": 2.4700000286102295, "Scale3D": [0.5, 1.0, 1.0], "Materials": ["FX_Shared_Explosions.Decals.Mati_EXP_Barrel_Shock_Decal"]}}, {"Common_Meshes.BasePlane_256x128": {"Rename": "Wall Cracks 2", "Tags": ["Wall Cracks 2"], "Metadata": "", "Location": [-27181.73828125, 19057.0, 2025.824951171875], "Rotation": [0, 32800, 0], "Scale": 2.4700000286102295, "Scale3D": [0.5, 1.0, 1.0], "Materials": ["FX_Shared_Explosions.Decals.Mati_EXP_Barrel_Shock_Decal"]}}, {"Common_Meshes.BasePlane_256x128": {"Rename": "Wall Cracks 3", "Tags": ["Wall Cracks 3"], "Metadata": "", "Location": [-28106.0, 20026.369140625, 2025.177734375], "Rotation": [0, -16400, 0], "Scale": 2.4700000286102295, "Scale3D": [0.5, 1.0, 1.0], "Materials": ["FX_Shared_Explosions.Decals.Mati_EXP_Barrel_Shock_Decal"]}}]}}}