{
    "orchid_wormbelly_p": {
        "Create": {
            "StaticMesh": [
                {
                    "Prop_Rocks_03.Meshes.VolcanicRock_01_Curved": {
                        "Rename": "",
                        "Tags": [],
                        "Metadata": "",
                        "Location": [
                            6041.712890625,
                            -42274.51171875,
                            -5007.44091796875
                        ],
                        "Rotation": [
                            0,
                            0,
                            0
                        ],
                        "Scale": 1.5,
                        "Scale3D": [
                            1,
                            1,
                            1
                        ],
                        "Materials": []
                    }
                },
                {
                    "Prop_Rocks_03.Meshes.VolcanicRock_01_Curved": {
                        "Rename": "",
                        "Tags": [],
                        "Metadata": "",
                        "Location": [
                            7610.9912109375,
                            -44675.71484375,
                            -5503.03076171875
                        ],
                        "Rotation": [
                            0,
                            -16400,
                            0
                        ],
                        "Scale": 1.5,
                        "Scale3D": [
                            1,
                            1,
                            1
                        ],
                        "Materials": []
                    }
                },
                {
                    "Prop_Rocks_03.Meshes.VolcanicRock_03": {
                        "Rename": "",
                        "Tags": [],
                        "Metadata": "",
                        "Location": [
                            5853.62890625,
                            -46330.66796875,
                            -5690.40087890625
                        ],
                        "Rotation": [
                            0,
                            3000,
                            0
                        ],
                        "Scale": 1.5,
                        "Scale3D": [
                            1,
                            1,
                            1
                        ],
                        "Materials": []
                    }
                },
                {
                    "Prop_Rocks_03.Meshes.VolcanicRock_01_Curved": {
                        "Rename": "",
                        "Tags": [],
                        "Metadata": "",
                        "Location": [
                            4005.990966796875,
                            -43531.71484375,
                            -5503.03076171875
                        ],
                        "Rotation": [
                            0,
                            13400,
                            0
                        ],
                        "Scale": 1.5,
                        "Scale3D": [
                            1,
                            1,
                            1
                        ],
                        "Materials": []
                    }
                },
                {
                    "Prop_Rocks_03.Meshes.VolcanicRock_01_Curved": {
                        "Rename": "",
                        "Tags": [],
                        "Metadata": "",
                        "Location": [
                            4126.712890625,
                            -45196.51171875,
                            -5007.44091796875
                        ],
                        "Rotation": [
                            0,
                            24300,
                            0
                        ],
                        "Scale": 1.5,
                        "Scale3D": [
                            1,
                            1,
                            1
                        ],
                        "Materials": []
                    }
                },
                {
                    "Orchid_Prop_Worm_Belly.Mesh.WormBellyRockColumn_02": {
                        "Rename": "",
                        "Tags": [],
                        "Metadata": "",
                        "Location": [
                            4487.06005859375,
                            -48184.171875,
                            -4820.671875
                        ],
                        "Rotation": [
                            0,
                            -7100,
                            0
                        ],
                        "Scale": 1,
                        "Scale3D": [
                            1,
                            1,
                            1
                        ],
                        "Materials": []
                    }
                },
                {
                    "Orchid_Prop_Worm_Belly.Mesh.WormBellyRockColumn_02": {
                        "Rename": "",
                        "Tags": [],
                        "Metadata": "",
                        "Location": [
                            6735.06005859375,
                            -48493.171875,
                            -4820.671875
                        ],
                        "Rotation": [
                            0,
                            3900,
                            0
                        ],
                        "Scale": 1,
                        "Scale3D": [
                            1,
                            1,
                            1
                        ],
                        "Materials": []
                    }
                },
                {
                    "Orchid_Prop_Worm_Belly.Mesh.WormBellyRockColumn_02": {
                        "Rename": "",
                        "Tags": [],
                        "Metadata": "",
                        "Location": [
                            9518.060546875,
                            -46239.171875,
                            -4820.671875
                        ],
                        "Rotation": [
                            0,
                            13900,
                            0
                        ],
                        "Scale": 1,
                        "Scale3D": [
                            1,
                            1,
                            1
                        ],
                        "Materials": []
                    }
                },
                {
                    "Orchid_Prop_Worm_Belly.Mesh.WormBellyRockColumn_02": {
                        "Rename": "",
                        "Tags": [],
                        "Metadata": "",
                        "Location": [
                            9374.060546875,
                            -42077.171875,
                            -4820.671875
                        ],
                        "Rotation": [
                            0,
                            22300,
                            0
                        ],
                        "Scale": 1,
                        "Scale3D": [
                            1,
                            1,
                            1
                        ],
                        "Materials": []
                    }
                },
                {
                    "Orchid_Prop_Worm_Belly.Mesh.WormBellyRockColumn_02": {
                        "Rename": "",
                        "Tags": [],
                        "Metadata": "",
                        "Location": [
                            7425.06103515625,
                            -40515.171875,
                            -4820.671875
                        ],
                        "Rotation": [
                            0,
                            29600,
                            0
                        ],
                        "Scale": 1,
                        "Scale3D": [
                            1,
                            1,
                            1
                        ],
                        "Materials": []
                    }
                },
                {
                    "Orchid_Prop_Worm_Belly.Mesh.WormBellyRockColumn_02": {
                        "Rename": "",
                        "Tags": [],
                        "Metadata": "",
                        "Location": [
                            3500.06103515625,
                            -40957.171875,
                            -4820.671875
                        ],
                        "Rotation": [
                            0,
                            40400,
                            0
                        ],
                        "Scale": 1,
                        "Scale3D": [
                            1,
                            1,
                            1
                        ],
                        "Materials": []
                    }
                },
                {
                    "Orchid_Prop_Worm_Belly.Mesh.WormBellyRockColumn_02": {
                        "Rename": "",
                        "Tags": [],
                        "Metadata": "",
                        "Location": [
                            1870.06103515625,
                            -42188.171875,
                            -4820.671875
                        ],
                        "Rotation": [
                            0,
                            47800,
                            0
                        ],
                        "Scale": 1,
                        "Scale3D": [
                            1,
                            1,
                            1
                        ],
                        "Materials": []
                    }
                },
                {
                    "Env_Boss_Volcano.Meshes.GuardianStatueC1": {
                        "Rename": "",
                        "Tags": [],
                        "Metadata": "",
                        "Location": [
                            6564.3330078125,
                            -47351.90625,
                            -5493.3271484375
                        ],
                        "Rotation": [
                            -2200,
                            19700,
                            -1000
                        ],
                        "Scale": 18.75,
                        "Scale3D": [
                            1,
                            1,
                            1
                        ],
                        "Materials": []
                    }
                },
                {
                    "Env_Boss_Volcano.Meshes.GuardianStatue": {
                        "Rename": "",
                        "Tags": [],
                        "Metadata": "",
                        "Location": [
                            2659.22900390625,
                            -43460.07421875,
                            -4413.455078125
                        ],
                        "Rotation": [
                            -5200,
                            -4400,
                            2000
                        ],
                        "Scale": 15,
                        "Scale3D": [
                            1,
                            1,
                            1
                        ],
                        "Materials": []
                    }
                },
                {
                    "Orchid_Prop_Worm_Belly.Mesh.AlienTempleRuins_09_NewCollision": {
                        "Rename": "",
                        "Tags": [],
                        "Metadata": "",
                        "Location": [
                            5685.10791015625,
                            -47563.328125,
                            -557.0960083007812
                        ],
                        "Rotation": [
                            0,
                            0,
                            16400
                        ],
                        "Scale": 8.25,
                        "Scale3D": [
                            1,
                            0.25,
                            1.25
                        ],
                        "Materials": []
                    }
                },
                {
                    "Orchid_Prop_Worm_Belly.Mesh.AlienTempleRuins_09_NewCollision": {
                        "Rename": "",
                        "Tags": [],
                        "Metadata": "",
                        "Location": [
                            5685.10791015625,
                            -47574.328125,
                            -337.09600830078125
                        ],
                        "Rotation": [
                            0,
                            2200,
                            16400
                        ],
                        "Scale": 8.25,
                        "Scale3D": [
                            1,
                            0.25,
                            1.25
                        ],
                        "Materials": []
                    }
                },
                {
                    "Orchid_Prop_Worm_Belly.Mesh.AlienTempleRuins_09_NewCollision": {
                        "Rename": "",
                        "Tags": [],
                        "Metadata": "",
                        "Location": [
                            5685.10791015625,
                            -47577.328125,
                            -154.0959930419922
                        ],
                        "Rotation": [
                            0,
                            -4700,
                            16400
                        ],
                        "Scale": 8.25,
                        "Scale3D": [
                            1,
                            0.25,
                            1.25
                        ],
                        "Materials": []
                    }
                },
                {
                    "Aster_Prop_SeraphVendor.Mesh.SeraphCrystal": {
                        "Rename": "",
                        "Tags": [],
                        "Metadata": "",
                        "Location": [
                            5308.07080078125,
                            -46684.59375,
                            -1960.1829833984375
                        ],
                        "Rotation": [
                            20000,
                            -15000,
                            0
                        ],
                        "Scale": 5,
                        "Scale3D": [
                            1,
                            1,
                            1
                        ],
                        "Materials": []
                    }
                },
                {
                    "Aster_Prop_SeraphVendor.Mesh.SeraphCrystal": {
                        "Rename": "",
                        "Tags": [],
                        "Metadata": "",
                        "Location": [
                            3312.071044921875,
                            -45752.59375,
                            -1400.1829833984375
                        ],
                        "Rotation": [
                            23200,
                            -18500,
                            8000
                        ],
                        "Scale": 5,
                        "Scale3D": [
                            1,
                            1,
                            1
                        ],
                        "Materials": []
                    }
                },
                {
                    "Aster_Prop_SeraphVendor.Mesh.SeraphCrystal": {
                        "Rename": "",
                        "Tags": [],
                        "Metadata": "",
                        "Location": [
                            3638.071044921875,
                            -42624.59375,
                            -2370.18310546875
                        ],
                        "Rotation": [
                            40000,
                            -16000,
                            6000
                        ],
                        "Scale": 5,
                        "Scale3D": [
                            1,
                            1,
                            1
                        ],
                        "Materials": []
                    }
                },
                {
                    "Aster_Prop_SeraphVendor.Mesh.SeraphCrystal": {
                        "Rename": "",
                        "Tags": [],
                        "Metadata": "",
                        "Location": [
                            5618.07080078125,
                            -41540.59375,
                            -2330.18310546875
                        ],
                        "Rotation": [
                            8000,
                            13000,
                            0
                        ],
                        "Scale": 5,
                        "Scale3D": [
                            1,
                            1,
                            1
                        ],
                        "Materials": []
                    }
                },
                {
                    "Aster_Prop_SeraphVendor.Mesh.SeraphCrystal": {
                        "Rename": "",
                        "Tags": [],
                        "Metadata": "",
                        "Location": [
                            7808.07080078125,
                            -42282.59375,
                            -1820.1829833984375
                        ],
                        "Rotation": [
                            19000,
                            13000,
                            0
                        ],
                        "Scale": 5,
                        "Scale3D": [
                            1,
                            1,
                            1
                        ],
                        "Materials": []
                    }
                },
                {
                    "Aster_Prop_SeraphVendor.Mesh.SeraphCrystal": {
                        "Rename": "",
                        "Tags": [],
                        "Metadata": "",
                        "Location": [
                            8688.0703125,
                            -44546.59375,
                            -1030.1829833984375
                        ],
                        "Rotation": [
                            23000,
                            1000,
                            3000
                        ],
                        "Scale": 5,
                        "Scale3D": [
                            1,
                            1,
                            1
                        ],
                        "Materials": []
                    }
                },
                {
                    "Aster_Prop_SeraphVendor.Mesh.SeraphCrystal": {
                        "Rename": "",
                        "Tags": [],
                        "Metadata": "",
                        "Location": [
                            7538.06982421875,
                            -46312.59375,
                            -1830.1829833984375
                        ],
                        "Rotation": [
                            20000,
                            -7000,
                            7000
                        ],
                        "Scale": 5,
                        "Scale3D": [
                            1,
                            1,
                            1
                        ],
                        "Materials": []
                    }
                },
                {
                    "Prop_Aliens.Meshes.AlienRuins_04": {
                        "Rename": "",
                        "Tags": [],
                        "Metadata": "",
                        "Location": [
                            5761.61376953125,
                            -43415.46484375,
                            -4990.51123046875
                        ],
                        "Rotation": [
                            0,
                            0,
                            0
                        ],
                        "Scale": 1,
                        "Scale3D": [
                            1,
                            1,
                            1.5800000429153442
                        ],
                        "Materials": []
                    }
                },
                {
                    "Prop_Aliens.Meshes.AlienFloorRuins": {
                        "Rename": "",
                        "Tags": [],
                        "Metadata": "",
                        "Location": [
                            5643.2705078125,
                            -45223.4453125,
                            -4934.85400390625
                        ],
                        "Rotation": [
                            0,
                            0,
                            0
                        ],
                        "Scale": 1,
                        "Scale3D": [
                            1,
                            1,
                            1
                        ],
                        "Materials": []
                    }
                },
                {
                    "Prop_Aliens.Meshes.AlienFloorRuins": {
                        "Rename": "",
                        "Tags": [],
                        "Metadata": "",
                        "Location": [
                            5643.27099609375,
                            -44474.4453125,
                            -4934.85400390625
                        ],
                        "Rotation": [
                            0,
                            -16000,
                            0
                        ],
                        "Scale": 1,
                        "Scale3D": [
                            1,
                            1,
                            1
                        ],
                        "Materials": []
                    }
                },
                {
                    "Prop_Aliens.Meshes.AlienFloorRuins": {
                        "Rename": "",
                        "Tags": [],
                        "Metadata": "",
                        "Location": [
                            5643.27099609375,
                            -43735.4453125,
                            -4934.85400390625
                        ],
                        "Rotation": [
                            0,
                            0,
                            0
                        ],
                        "Scale": 1,
                        "Scale3D": [
                            1,
                            1,
                            1
                        ],
                        "Materials": []
                    }
                },
                {
                    "Prop_Aliens.Meshes.AlienFloorRuins": {
                        "Rename": "",
                        "Tags": [],
                        "Metadata": "",
                        "Location": [
                            5643.27099609375,
                            -42995.4453125,
                            -4934.85400390625
                        ],
                        "Rotation": [
                            0,
                            16000,
                            0
                        ],
                        "Scale": 1,
                        "Scale3D": [
                            1,
                            1,
                            1
                        ],
                        "Materials": []
                    }
                },
                {
                    "Prop_Aliens.Meshes.AlienFloorRuins": {
                        "Rename": "",
                        "Tags": [],
                        "Metadata": "",
                        "Location": [
                            4893.27099609375,
                            -42990.4453125,
                            -4934.85400390625
                        ],
                        "Rotation": [
                            0,
                            1000,
                            0
                        ],
                        "Scale": 1,
                        "Scale3D": [
                            1,
                            1,
                            1
                        ],
                        "Materials": []
                    }
                },
                {
                    "Prop_Aliens.Meshes.AlienFloorRuins": {
                        "Rename": "",
                        "Tags": [],
                        "Metadata": "",
                        "Location": [
                            4873.27099609375,
                            -43732.4453125,
                            -4934.85400390625
                        ],
                        "Rotation": [
                            0,
                            17000,
                            0
                        ],
                        "Scale": 1,
                        "Scale3D": [
                            1,
                            1,
                            1
                        ],
                        "Materials": []
                    }
                },
                {
                    "Prop_Aliens.Meshes.AlienFloorRuins": {
                        "Rename": "",
                        "Tags": [],
                        "Metadata": "",
                        "Location": [
                            4883.27099609375,
                            -44474.4453125,
                            -4934.85400390625
                        ],
                        "Rotation": [
                            0,
                            -49000,
                            0
                        ],
                        "Scale": 1,
                        "Scale3D": [
                            1,
                            1,
                            1
                        ],
                        "Materials": []
                    }
                },
                {
                    "Prop_Aliens.Meshes.AlienFloorRuins": {
                        "Rename": "",
                        "Tags": [],
                        "Metadata": "",
                        "Location": [
                            4923.27099609375,
                            -45227.4453125,
                            -4934.85400390625
                        ],
                        "Rotation": [
                            0,
                            -16000,
                            0
                        ],
                        "Scale": 1,
                        "Scale3D": [
                            1,
                            1,
                            1
                        ],
                        "Materials": []
                    }
                },
                {
                    "Prop_Aliens.Meshes.AlienFloorRuins": {
                        "Rename": "",
                        "Tags": [],
                        "Metadata": "",
                        "Location": [
                            4153.27099609375,
                            -44475.4453125,
                            -4934.85400390625
                        ],
                        "Rotation": [
                            0,
                            -49000,
                            0
                        ],
                        "Scale": 1,
                        "Scale3D": [
                            1,
                            1,
                            1
                        ],
                        "Materials": []
                    }
                },
                {
                    "Prop_Aliens.Meshes.AlienFloorRuins": {
                        "Rename": "",
                        "Tags": [],
                        "Metadata": "",
                        "Location": [
                            6433.27099609375,
                            -45222.4453125,
                            -4934.85400390625
                        ],
                        "Rotation": [
                            0,
                            -17000,
                            0
                        ],
                        "Scale": 1,
                        "Scale3D": [
                            1,
                            1,
                            1
                        ],
                        "Materials": []
                    }
                },
                {
                    "Prop_Aliens.Meshes.AlienFloorRuins": {
                        "Rename": "",
                        "Tags": [],
                        "Metadata": "",
                        "Location": [
                            6433.27099609375,
                            -44486.4453125,
                            -4934.85400390625
                        ],
                        "Rotation": [
                            0,
                            -17000,
                            0
                        ],
                        "Scale": 1,
                        "Scale3D": [
                            1,
                            1,
                            1
                        ],
                        "Materials": []
                    }
                },
                {
                    "Prop_Aliens.Meshes.AlienTempleRuins_10A": {
                        "Rename": "",
                        "Tags": [],
                        "Metadata": "",
                        "Location": [
                            6417.85888671875,
                            -45439.7265625,
                            -4925.22900390625
                        ],
                        "Rotation": [
                            0,
                            3100,
                            0
                        ],
                        "Scale": 1,
                        "Scale3D": [
                            1,
                            1.2000000476837158,
                            1.600000023841858
                        ],
                        "Materials": []
                    }
                },
                {
                    "Prop_Aliens.Meshes.AlienTempleRuins_10A": {
                        "Rename": "",
                        "Tags": [],
                        "Metadata": "",
                        "Location": [
                            4385.666015625,
                            -44964.6484375,
                            -5009.39599609375
                        ],
                        "Rotation": [
                            0,
                            0,
                            0
                        ],
                        "Scale": 1,
                        "Scale3D": [
                            1,
                            1,
                            1
                        ],
                        "Materials": []
                    }
                },
                {
                    "Prop_Aliens.Meshes.AlienTempleRubble": {
                        "Rename": "",
                        "Tags": [],
                        "Metadata": "",
                        "Location": [
                            7067.34423828125,
                            -44747.29296875,
                            -4912.30810546875
                        ],
                        "Rotation": [
                            0,
                            -3500,
                            0
                        ],
                        "Scale": 1.8600000143051147,
                        "Scale3D": [
                            1,
                            1,
                            1
                        ],
                        "Materials": []
                    }
                },
                {
                    "Prop_Aliens.Meshes.AlienTempleRuins": {
                        "Rename": "",
                        "Tags": [],
                        "Metadata": "",
                        "Location": [
                            5506.47900390625,
                            -45530.23828125,
                            -4968.6337890625
                        ],
                        "Rotation": [
                            0,
                            27000,
                            0
                        ],
                        "Scale": 1,
                        "Scale3D": [
                            1,
                            1,
                            1
                        ],
                        "Materials": []
                    }
                },
                {
                    "Prop_Aliens.Meshes.AlienTempleRuins_10A": {
                        "Rename": "",
                        "Tags": [],
                        "Metadata": "",
                        "Location": [
                            4250.70703125,
                            -44633.21875,
                            -4945.31884765625
                        ],
                        "Rotation": [
                            0,
                            0,
                            0
                        ],
                        "Scale": 1.2999999523162842,
                        "Scale3D": [
                            1,
                            1,
                            1
                        ],
                        "Materials": []
                    }
                },
                {
                    "Prop_Aliens.Meshes.AlienFloorRuins_02": {
                        "Rename": "",
                        "Tags": [],
                        "Metadata": "",
                        "Location": [
                            6298.35791015625,
                            -43854.62890625,
                            -4934.52685546875
                        ],
                        "Rotation": [
                            0,
                            -3000,
                            0
                        ],
                        "Scale": 1,
                        "Scale3D": [
                            1,
                            1,
                            1
                        ],
                        "Materials": []
                    }
                },
                {
                    "Prop_Aliens.Meshes.AlienFloorRuins_02": {
                        "Rename": "",
                        "Tags": [],
                        "Metadata": "",
                        "Location": [
                            7008.35791015625,
                            -44435.62890625,
                            -4934.52685546875
                        ],
                        "Rotation": [
                            0,
                            13000,
                            0
                        ],
                        "Scale": 1,
                        "Scale3D": [
                            1,
                            1,
                            1
                        ],
                        "Materials": []
                    }
                },
                {
                    "Prop_Aliens.Meshes.AlienFloorRuins_02": {
                        "Rename": "",
                        "Tags": [],
                        "Metadata": "",
                        "Location": [
                            6248.35791015625,
                            -42775.62890625,
                            -4934.52685546875
                        ],
                        "Rotation": [
                            0,
                            -14000,
                            0
                        ],
                        "Scale": 1,
                        "Scale3D": [
                            1,
                            1,
                            1
                        ],
                        "Materials": []
                    }
                },
                {
                    "Prop_Aliens.Meshes.AlienFloorRuins": {
                        "Rename": "",
                        "Tags": [],
                        "Metadata": "",
                        "Location": [
                            6853.27099609375,
                            -43355.4453125,
                            -4934.85400390625
                        ],
                        "Rotation": [
                            0,
                            14000,
                            0
                        ],
                        "Scale": 1,
                        "Scale3D": [
                            1,
                            1,
                            1
                        ],
                        "Materials": []
                    }
                },
                {
                    "Prop_Aliens.Meshes.AlienAltar": {
                        "Rename": "",
                        "Tags": [],
                        "Metadata": "",
                        "Location": [
                            5780.658203125,
                            -43391.44921875,
                            -4935.5029296875
                        ],
                        "Rotation": [
                            0,
                            16400,
                            0
                        ],
                        "Scale": 2,
                        "Scale3D": [
                            1,
                            1,
                            1.2799999713897705
                        ],
                        "Materials": []
                    }
                },
                {
                    "Common_Meshes.Blocking.Blocking_Cylinder": {
                        "Rename": "",
                        "Tags": [],
                        "Metadata": "",
                        "Location": [
                            5779.9228515625,
                            -43388.21875,
                            -4605.4658203125
                        ],
                        "Rotation": [
                            0,
                            0,
                            0
                        ],
                        "Scale": 2.9700000286102295,
                        "Scale3D": [
                            1,
                            1,
                            0.009999999776482582
                        ],
                        "Materials": [
                            "FX_ENV_VOG.Materials.Angel_Echo_INST"
                        ]
                    }
                },
                {
                    "Orchid_Prop_Worm_Belly.Mesh.AlienTempleRuins_09_NewCollision": {
                        "Rename": "",
                        "Tags": [],
                        "Metadata": "",
                        "Location": [
                            5786.47802734375,
                            -43757.61328125,
                            -4698.85986328125
                        ],
                        "Rotation": [
                            0,
                            0,
                            0
                        ],
                        "Scale": 0.5,
                        "Scale3D": [
                            1,
                            1,
                            0.30000001192092896
                        ],
                        "Materials": []
                    }
                },
                {
                    "Orchid_Prop_Worm_Belly.Mesh.AlienTempleRuins_09_NewCollision": {
                        "Rename": "",
                        "Tags": [],
                        "Metadata": "",
                        "Location": [
                            5786.47802734375,
                            -43907.61328125,
                            -4768.85986328125
                        ],
                        "Rotation": [
                            0,
                            0,
                            0
                        ],
                        "Scale": 0.5,
                        "Scale3D": [
                            1,
                            1,
                            0.30000001192092896
                        ],
                        "Materials": []
                    }
                },
                {
                    "Orchid_Prop_Worm_Belly.Mesh.AlienTempleRuins_09_NewCollision": {
                        "Rename": "",
                        "Tags": [],
                        "Metadata": "",
                        "Location": [
                            5786.47802734375,
                            -44057.61328125,
                            -4838.85986328125
                        ],
                        "Rotation": [
                            0,
                            0,
                            0
                        ],
                        "Scale": 0.5,
                        "Scale3D": [
                            1,
                            1,
                            0.30000001192092896
                        ],
                        "Materials": []
                    }
                },
                {
                    "Orchid_Prop_Worm_Belly.Mesh.AlienTempleRuins_09_NewCollision": {
                        "Rename": "",
                        "Tags": [],
                        "Metadata": "",
                        "Location": [
                            5786.47802734375,
                            -44209.61328125,
                            -4907.85986328125
                        ],
                        "Rotation": [
                            0,
                            0,
                            0
                        ],
                        "Scale": 0.5,
                        "Scale3D": [
                            1,
                            1,
                            0.30000001192092896
                        ],
                        "Materials": []
                    }
                },
                {
                    "Orchid_Prop_Worm_Belly.Mesh.AlienTempleRuins_09_NewCollision": {
                        "Rename": "",
                        "Tags": [],
                        "Metadata": "",
                        "Location": [
                            5785.47802734375,
                            -44344.61328125,
                            -4971.85986328125
                        ],
                        "Rotation": [
                            0,
                            0,
                            0
                        ],
                        "Scale": 0.5,
                        "Scale3D": [
                            1,
                            1,
                            0.30000001192092896
                        ],
                        "Materials": []
                    }
                },
                {
                    "EngineMeshes.Cube": {
                        "Rename": "",
                        "Tags": [],
                        "Metadata": "",
                        "Location": [
                            5782.283203125,
                            -44102.359375,
                            -4780
                        ],
                        "Rotation": [
                            0,
                            0,
                            -4500
                        ],
                        "Scale": 1,
                        "Scale3D": [
                            1.4900000095367432,
                            3.2300000190734863,
                            0.10000000149011612
                        ],
                        "Materials": [
                            "FX_ENV_VOG.Materials.Angel_Echo_INST"
                        ]
                    }
                },
                {
                    "Prop_Aliens.Meshes.AlienTempleRuins_10A": {
                        "Rename": "",
                        "Tags": [],
                        "Metadata": "",
                        "Location": [
                            5788.9150390625,
                            -43401.9140625,
                            -4938.3779296875
                        ],
                        "Rotation": [
                            0,
                            0,
                            0
                        ],
                        "Scale": 1.1200000047683716,
                        "Scale3D": [
                            1.5700000524520874,
                            1.340000033378601,
                            1
                        ],
                        "Materials": []
                    }
                },
                {
                    "Prop_Aliens.Meshes.AlienTempleRuins_10A": {
                        "Rename": "",
                        "Tags": [],
                        "Metadata": "",
                        "Location": [
                            5790.9150390625,
                            -43665.9140625,
                            -4986.3779296875
                        ],
                        "Rotation": [
                            0,
                            0,
                            0
                        ],
                        "Scale": 1.0299999713897705,
                        "Scale3D": [
                            1.0800000429153442,
                            1.340000033378601,
                            1
                        ],
                        "Materials": []
                    }
                },
                {
                    "Prop_Aliens.Meshes.AlienTempleRuins_10A": {
                        "Rename": "",
                        "Tags": [],
                        "Metadata": "",
                        "Location": [
                            5789.9150390625,
                            -43938.9140625,
                            -5062.3779296875
                        ],
                        "Rotation": [
                            0,
                            0,
                            0
                        ],
                        "Scale": 1.0299999713897705,
                        "Scale3D": [
                            1.0800000429153442,
                            0.5799999833106995,
                            1
                        ],
                        "Materials": []
                    }
                },
                {
                    "Prop_Aliens.Meshes.AlienTempleRuins_10A": {
                        "Rename": "",
                        "Tags": [],
                        "Metadata": "",
                        "Location": [
                            5789.9150390625,
                            -44102.9140625,
                            -5129.3779296875
                        ],
                        "Rotation": [
                            0,
                            0,
                            0
                        ],
                        "Scale": 1.0299999713897705,
                        "Scale3D": [
                            1.0800000429153442,
                            0.5799999833106995,
                            1
                        ],
                        "Materials": []
                    }
                },
                {
                    "Prop_Aliens.Meshes.AlienTempleRuins_10A": {
                        "Rename": "",
                        "Tags": [],
                        "Metadata": "",
                        "Location": [
                            5789.9150390625,
                            -44257.9140625,
                            -5196.3779296875
                        ],
                        "Rotation": [
                            0,
                            0,
                            0
                        ],
                        "Scale": 1.0299999713897705,
                        "Scale3D": [
                            1.0800000429153442,
                            0.5799999833106995,
                            1
                        ],
                        "Materials": []
                    }
                },
                {
                    "Prop_Aliens.Meshes.AlienTempleRubble": {
                        "Rename": "",
                        "Tags": [],
                        "Metadata": "",
                        "Location": [
                            5279.34912109375,
                            -43144.48046875,
                            -4915.38916015625
                        ],
                        "Rotation": [
                            0,
                            -4200,
                            0
                        ],
                        "Scale": 1.1200000047683716,
                        "Scale3D": [
                            1,
                            1,
                            1
                        ],
                        "Materials": []
                    }
                },
                {
                    "Prop_Aliens.Meshes.AlienTempleRuins_10A": {
                        "Rename": "",
                        "Tags": [],
                        "Metadata": "",
                        "Location": [
                            6472.57177734375,
                            -42966.12890625,
                            -4955.31201171875
                        ],
                        "Rotation": [
                            0,
                            -3900,
                            0
                        ],
                        "Scale": 1,
                        "Scale3D": [
                            1,
                            1,
                            1
                        ],
                        "Materials": []
                    }
                },
                {
                    "Prop_Aliens.Meshes.AlienTempleRuins_11": {
                        "Rename": "",
                        "Tags": [],
                        "Metadata": "",
                        "Location": [
                            4252.953125,
                            -44703.92578125,
                            -4943.86083984375
                        ],
                        "Rotation": [
                            600,
                            -16800,
                            800
                        ],
                        "Scale": 1,
                        "Scale3D": [
                            1,
                            1,
                            1
                        ],
                        "Materials": []
                    }
                },
                {
                    "FX_Shared_Mesh_px.Meshes.Crystalisk_Crystal_Leg_Px": {
                        "Rename": "",
                        "Tags": [],
                        "Metadata": "",
                        "Location": [
                            4360.05419921875,
                            -44898.4921875,
                            -3825.144775390625
                        ],
                        "Rotation": [
                            -3600,
                            0,
                            0
                        ],
                        "Scale": 2,
                        "Scale3D": [
                            1,
                            1,
                            1.3600000143051147
                        ],
                        "Materials": [
                            "Orchid_Prop_Pickups.Materials.Mati_CrystaliskPink"
                        ]
                    }
                },
                {
                    "FX_Shared_Mesh_px.Meshes.Crystalisk_Crystal_Leg_Px": {
                        "Rename": "",
                        "Tags": [],
                        "Metadata": "",
                        "Location": [
                            7420.22412109375,
                            -43950.91796875,
                            -4033.35400390625
                        ],
                        "Rotation": [
                            13300,
                            0,
                            0
                        ],
                        "Scale": 2,
                        "Scale3D": [
                            1,
                            1,
                            1.3600000143051147
                        ],
                        "Materials": [
                            "Orchid_Prop_Pickups.Materials.Mati_CrystaliskPink"
                        ]
                    }
                },
                {
                    "FX_Shared_Mesh_px.Meshes.Crystalisk_Crystal_Leg_Px": {
                        "Rename": "",
                        "Tags": [],
                        "Metadata": "",
                        "Location": [
                            5793.60693359375,
                            -45813.69921875,
                            -4665.5810546875
                        ],
                        "Rotation": [
                            13300,
                            0,
                            0
                        ],
                        "Scale": 2,
                        "Scale3D": [
                            1,
                            1,
                            1.3600000143051147
                        ],
                        "Materials": [
                            "Orchid_Prop_Pickups.Materials.Mati_CrystaliskPink"
                        ]
                    }
                },
                {
                    "FX_Shared_Mesh_px.Meshes.Crystalisk_Crystal_Leg_Px": {
                        "Rename": "",
                        "Tags": [],
                        "Metadata": "",
                        "Location": [
                            5650.85400390625,
                            -42579.328125,
                            -4261.91845703125
                        ],
                        "Rotation": [
                            18800,
                            0,
                            -900
                        ],
                        "Scale": 2,
                        "Scale3D": [
                            1,
                            1,
                            1.3600000143051147
                        ],
                        "Materials": [
                            "Orchid_Prop_Pickups.Materials.Mati_CrystaliskPink"
                        ]
                    }
                },
                {
                    "Prop_Corpses.Meshes.DeadBandit_03": {
                        "Rename": "",
                        "Tags": [],
                        "Metadata": "",
                        "Location": [
                            6637.71923828125,
                            -44016.23046875,
                            -4942
                        ],
                        "Rotation": [
                            0,
                            9000,
                            0
                        ],
                        "Scale": 1,
                        "Scale3D": [
                            1,
                            1,
                            1
                        ],
                        "Materials": []
                    }
                },
                {
                    "FX_Shared_Mesh.Meshes.Nuke_Ring_FX_Smesh": {
                        "Rename": "",
                        "Tags": [],
                        "Metadata": "",
                        "Location": [
                            5791.291015625,
                            -43378.75390625,
                            -4601.4951171875
                        ],
                        "Rotation": [
                            0,
                            0,
                            0
                        ],
                        "Scale": 0.20000000298023224,
                        "Scale3D": [
                            1,
                            1,
                            1
                        ],
                        "Materials": [
                            "FX_WEP_Trails_Alien.Materials.Mat_BlasterTrail_INST_Purple"
                        ]
                    }
                },
                {
                    "FX_Shared_Mesh.Meshes.Nuke_Ring_FX_Smesh": {
                        "Rename": "",
                        "Tags": [],
                        "Metadata": "",
                        "Location": [
                            5791.291015625,
                            -43378.75390625,
                            -4601.4951171875
                        ],
                        "Rotation": [
                            0,
                            37400,
                            0
                        ],
                        "Scale": 0.15000000596046448,
                        "Scale3D": [
                            1,
                            1,
                            1
                        ],
                        "Materials": [
                            "FX_WEP_Trails_Alien.Materials.Mat_BlasterTrail_INST_Purple"
                        ]
                    }
                },
                {
                    "FX_Shared_Mesh.Meshes.Nuke_Ring_FX_Smesh": {
                        "Rename": "",
                        "Tags": [],
                        "Metadata": "",
                        "Location": [
                            5791.291015625,
                            -43378.75390625,
                            -4601.4951171875
                        ],
                        "Rotation": [
                            0,
                            0,
                            0
                        ],
                        "Scale": 0.10000000149011612,
                        "Scale3D": [
                            1,
                            1,
                            1
                        ],
                        "Materials": [
                            "FX_WEP_Trails_Alien.Materials.Mat_BlasterTrail_INST_Purple"
                        ]
                    }
                },
                {
                    "FX_Shared_Mesh.Meshes.Nuke_Ring_FX_Smesh": {
                        "Rename": "",
                        "Tags": [],
                        "Metadata": "",
                        "Location": [
                            5791.291015625,
                            -43378.75390625,
                            -4601.4951171875
                        ],
                        "Rotation": [
                            0,
                            36400,
                            0
                        ],
                        "Scale": 0.05000000074505806,
                        "Scale3D": [
                            1,
                            1,
                            1
                        ],
                        "Materials": [
                            "FX_WEP_Trails_Alien.Materials.Mat_BlasterTrail_INST_Purple"
                        ]
                    }
                },
                {
                    "Prop_Aliens.Meshes.VaultPiece_04": {
                        "Rename": "",
                        "Tags": [],
                        "Metadata": "",
                        "Location": [
                            5057.7958984375,
                            -45116.30078125,
                            -4868.06005859375
                        ],
                        "Rotation": [
                            0,
                            12000,
                            16400
                        ],
                        "Scale": 0.4000000059604645,
                        "Scale3D": [
                            1,
                            1,
                            1
                        ],
                        "Materials": []
                    }
                },
                {
                    "FX_CharacterAbilities.Smesh.DigistructCube_Group_Smesh": {
                        "Rename": "",
                        "Tags": [],
                        "Metadata": "",
                        "Location": [
                            5758.57080078125,
                            -43400.484375,
                            -4657.3681640625
                        ],
                        "Rotation": [
                            -16400,
                            0,
                            0
                        ],
                        "Scale": 1.600000023841858,
                        "Scale3D": [
                            1.7000000476837158,
                            1,
                            1
                        ],
                        "Materials": []
                    }
                },
                {
                    "FX_CharacterAbilities.Smesh.DigistructCube_Group_Smesh": {
                        "Rename": "",
                        "Tags": [],
                        "Metadata": "",
                        "Location": [
                            5818.57080078125,
                            -43400.484375,
                            -4207.3681640625
                        ],
                        "Rotation": [
                            16400,
                            0,
                            0
                        ],
                        "Scale": 1.600000023841858,
                        "Scale3D": [
                            1.7000000476837158,
                            1,
                            1
                        ],
                        "Materials": []
                    }
                },
                {
                    "Aster_Prop_SeraphVendor.Mesh.SeraphCrystal": {
                        "Rename": "",
                        "Tags": [],
                        "Metadata": "",
                        "Location": [
                            5464.501953125,
                            -43393.80859375,
                            -4299.64013671875
                        ],
                        "Rotation": [
                            -22700,
                            0,
                            0
                        ],
                        "Scale": 0.5,
                        "Scale3D": [
                            1,
                            1,
                            1
                        ],
                        "Materials": []
                    }
                },
                {
                    "Aster_Prop_SeraphVendor.Mesh.SeraphCrystal": {
                        "Rename": "",
                        "Tags": [],
                        "Metadata": "",
                        "Location": [
                            6091.501953125,
                            -43393.80859375,
                            -4299.64013671875
                        ],
                        "Rotation": [
                            -22700,
                            32800,
                            0
                        ],
                        "Scale": 0.5,
                        "Scale3D": [
                            1,
                            1,
                            1
                        ],
                        "Materials": []
                    }
                },
                {
                    "Prop_Rocks.Meshes.SlateBoulder": {
                        "Rename": "",
                        "Tags": [],
                        "Metadata": "",
                        "Location": [
                            4181.2099609375,
                            -44171.23828125,
                            916.18701171875
                        ],
                        "Rotation": [
                            32800,
                            0,
                            0
                        ],
                        "Scale": 3.9000000953674316,
                        "Scale3D": [
                            1,
                            1,
                            1
                        ],
                        "Materials": []
                    }
                },
                {
                    "Prop_Rocks.Meshes.SlateBoulder": {
                        "Rename": "",
                        "Tags": [],
                        "Metadata": "",
                        "Location": [
                            7781.2099609375,
                            -45281.23828125,
                            916.18701171875
                        ],
                        "Rotation": [
                            32800,
                            -26000,
                            0
                        ],
                        "Scale": 3.9000000953674316,
                        "Scale3D": [
                            1,
                            1,
                            1
                        ],
                        "Materials": []
                    }
                },
                {
                    "Prop_Rocks.Meshes.SlateBoulder": {
                        "Rename": "",
                        "Tags": [],
                        "Metadata": "",
                        "Location": [
                            6171.2099609375,
                            -42651.23828125,
                            1036.18701171875
                        ],
                        "Rotation": [
                            32800,
                            -26000,
                            0
                        ],
                        "Scale": 3.9000000953674316,
                        "Scale3D": [
                            1,
                            1,
                            1
                        ],
                        "Materials": []
                    }
                },
                {
                    "Prop_Electrical.Meshes.Fuse_Box_01": {
                        "Rename": "",
                        "Tags": [],
                        "Metadata": "",
                        "Location": [
                            5457.755859375,
                            -43486.9921875,
                            -4448.091796875
                        ],
                        "Rotation": [
                            0,
                            3000,
                            0
                        ],
                        "Scale": 1,
                        "Scale3D": [
                            1,
                            1,
                            1
                        ],
                        "Materials": []
                    }
                },
                {
                    "Prop_CesiumCharge.Meshes.CesiumCharge": {
                        "Rename": "",
                        "Tags": [],
                        "Metadata": "",
                        "Location": [
                            6045.6240234375,
                            -43606.046875,
                            -4589
                        ],
                        "Rotation": [
                            16400,
                            -12000,
                            0
                        ],
                        "Scale": 2,
                        "Scale3D": [
                            1,
                            1,
                            1
                        ],
                        "Materials": []
                    }
                },
                {
                    "GD_Anemone_Side_Sirentology.Meshes.MainConsoleDestroy_State1": {
                        "Rename": "",
                        "Tags": [],
                        "Metadata": "",
                        "Location": [
                            5534.39990234375,
                            -43879.75,
                            -4923
                        ],
                        "Rotation": [
                            0,
                            32800,
                            0
                        ],
                        "Scale": 1,
                        "Scale3D": [
                            1,
                            1,
                            1
                        ],
                        "Materials": []
                    }
                },
                {
                    "FX_WEP_Trails.Meshes.Mesh_Alien_Tracer": {
                        "Rename": "",
                        "Tags": [],
                        "Metadata": "",
                        "Location": [
                            5456.84814453125,
                            -43478.89453125,
                            -4455.5830078125
                        ],
                        "Rotation": [
                            24400,
                            -14400,
                            0
                        ],
                        "Scale": 1,
                        "Scale3D": [
                            6.099999904632568,
                            0.30000001192092896,
                            0.30000001192092896
                        ],
                        "Materials": [
                            "Common_GunMaterials.MasterMaterials.Tediore.MasterMati_TedioreEpic"
                        ]
                    }
                },
                {
                    "Char_Anem_ButtStallion.Mesh.ButtStallion": {
                        "Rename": "",
                        "Tags": ["ButtStallion"],
                        "Metadata": "",
                        "Location": [
                            5504.2919921875,
                            -44281.2421875,
                            -4928
                        ],
                        "Rotation": [
                            0,
                            -12800,
                            0
                        ],
                        "Scale": 1,
                        "Scale3D": [
                            1,
                            1,
                            1
                        ],
                        "Materials": []
                    }
                },
                {
                    "EngineMeshes.Cube": {
                        "Rename": "Tannis Note 1",
                        "Tags": [],
                        "Metadata": "",
                        "Location": [
                            6033.84521484375,
                            -44887.6015625,
                            -4939.62109375
                        ],
                        "Rotation": [
                            0,
                            12300,
                            0
                        ],
                        "Scale": 0.15000000596046448,
                        "Scale3D": [
                            1.4500000476837158,
                            1,
                            0.009999999776482582
                        ],
                        "Materials": [
                            "FX_IO_Digistruct.Materials.Mati_DigiPaneSolidBar"
                        ]
                    }
                },
                {
                    "EngineMeshes.Cube": {
                        "Rename": "Tannis Note 2",
                        "Tags": [],
                        "Metadata": "",
                        "Location": [
                            6042.84521484375,
                            -44867.6015625,
                            -4939
                        ],
                        "Rotation": [
                            0,
                            12300,
                            0
                        ],
                        "Scale": 0.15000000596046448,
                        "Scale3D": [
                            0.009999999776482582,
                            0.44999998807907104,
                            0.009999999776482582
                        ],
                        "Materials": [
                            "Common_GunMaterials.MasterMaterials.Tediore.MasterMati_TedioreEpic"
                        ]
                    }
                },
                {
                    "EngineMeshes.Cube": {
                        "Rename": "Tannis Note 3",
                        "Tags": [],
                        "Metadata": "",
                        "Location": [
                            6037.84521484375,
                            -44873.6015625,
                            -4939
                        ],
                        "Rotation": [
                            0,
                            12300,
                            0
                        ],
                        "Scale": 0.15000000596046448,
                        "Scale3D": [
                            0.009999999776482582,
                            0.7400000095367432,
                            0.009999999776482582
                        ],
                        "Materials": [
                            "Common_GunMaterials.MasterMaterials.Tediore.MasterMati_TedioreEpic"
                        ]
                    }
                },
                {
                    "EngineMeshes.Cube": {
                        "Rename": "Tannis Note 4",
                        "Tags": [],
                        "Metadata": "",
                        "Location": [
                            6037.84521484375,
                            -44878.6015625,
                            -4939
                        ],
                        "Rotation": [
                            0,
                            12300,
                            0
                        ],
                        "Scale": 0.15000000596046448,
                        "Scale3D": [
                            0.009999999776482582,
                            0.8399999737739563,
                            0.009999999776482582
                        ],
                        "Materials": [
                            "Common_GunMaterials.MasterMaterials.Tediore.MasterMati_TedioreEpic"
                        ]
                    }
                },
                {
                    "EngineMeshes.Cube": {
                        "Rename": "Tannis Note 5",
                        "Tags": [],
                        "Metadata": "",
                        "Location": [
                            6035.84521484375,
                            -44882.6015625,
                            -4939
                        ],
                        "Rotation": [
                            0,
                            12300,
                            0
                        ],
                        "Scale": 0.15000000596046448,
                        "Scale3D": [
                            0.009999999776482582,
                            0.8399999737739563,
                            0.009999999776482582
                        ],
                        "Materials": [
                            "Common_GunMaterials.MasterMaterials.Tediore.MasterMati_TedioreEpic"
                        ]
                    }
                },
                {
                    "EngineMeshes.Cube": {
                        "Rename": "Tannis Note 6",
                        "Tags": [],
                        "Metadata": "",
                        "Location": [
                            6041.84521484375,
                            -44890.6015625,
                            -4939
                        ],
                        "Rotation": [
                            0,
                            12300,
                            0
                        ],
                        "Scale": 0.15000000596046448,
                        "Scale3D": [
                            0.009999999776482582,
                            0.38999998569488525,
                            0.009999999776482582
                        ],
                        "Materials": [
                            "Common_GunMaterials.MasterMaterials.Tediore.MasterMati_TedioreEpic"
                        ]
                    }
                },
                {
                    "EngineMeshes.Cube": {
                        "Rename": "Tannis Note 7",
                        "Tags": [],
                        "Metadata": "",
                        "Location": [
                            6029.84521484375,
                            -44901.6015625,
                            -4939
                        ],
                        "Rotation": [
                            0,
                            10100,
                            0
                        ],
                        "Scale": 0.15000000596046448,
                        "Scale3D": [
                            0.009999999776482582,
                            0.15000000596046448,
                            0.009999999776482582
                        ],
                        "Materials": [
                            "Common_GunMaterials.MasterMaterials.Tediore.MasterMati_TedioreEpic"
                        ]
                    }
                },
                {
                    "EngineMeshes.Cube": {
                        "Rename": "Tannis Note 8",
                        "Tags": [],
                        "Metadata": "",
                        "Location": [
                            6027.84521484375,
                            -44904.6015625,
                            -4939
                        ],
                        "Rotation": [
                            0,
                            26400,
                            0
                        ],
                        "Scale": 0.15000000596046448,
                        "Scale3D": [
                            0.009999999776482582,
                            0.18000000715255737,
                            0.009999999776482582
                        ],
                        "Materials": [
                            "Common_GunMaterials.MasterMaterials.Tediore.MasterMati_TedioreEpic"
                        ]
                    }
                },
                {
                    "EngineMeshes.Cube": {
                        "Rename": "Tannis Note 9",
                        "Tags": [],
                        "Metadata": "",
                        "Location": [
                            6024.84521484375,
                            -44902.6015625,
                            -4939
                        ],
                        "Rotation": [
                            0,
                            28500,
                            0
                        ],
                        "Scale": 0.15000000596046448,
                        "Scale3D": [
                            0.009999999776482582,
                            0.18000000715255737,
                            0.009999999776482582
                        ],
                        "Materials": [
                            "Common_GunMaterials.MasterMaterials.Tediore.MasterMati_TedioreEpic"
                        ]
                    }
                },
                {
                    "EngineMeshes.Cube": {
                        "Rename": "Tannis Note 10",
                        "Tags": [],
                        "Metadata": "",
                        "Location": [
                            6023.84521484375,
                            -44900.6015625,
                            -4939
                        ],
                        "Rotation": [
                            0,
                            22000,
                            0
                        ],
                        "Scale": 0.15000000596046448,
                        "Scale3D": [
                            0.009999999776482582,
                            0.15000000596046448,
                            0.009999999776482582
                        ],
                        "Materials": [
                            "Common_GunMaterials.MasterMaterials.Tediore.MasterMati_TedioreEpic"
                        ]
                    }
                },
                {
                    "EngineMeshes.Cube": {
                        "Rename": "Tannis Note 11",
                        "Tags": [],
                        "Metadata": "",
                        "Location": [
                            6023.84521484375,
                            -44901.6015625,
                            -4939
                        ],
                        "Rotation": [
                            0,
                            6700,
                            0
                        ],
                        "Scale": 0.15000000596046448,
                        "Scale3D": [
                            0.009999999776482582,
                            0.07999999821186066,
                            0.009999999776482582
                        ],
                        "Materials": [
                            "Common_GunMaterials.MasterMaterials.Tediore.MasterMati_TedioreEpic"
                        ]
                    }
                },
                {
                    "EngineMeshes.Cube": {
                        "Rename": "Tannis Note 12",
                        "Tags": [],
                        "Metadata": "",
                        "Location": [
                            6021.84521484375,
                            -44899.6015625,
                            -4939
                        ],
                        "Rotation": [
                            0,
                            -6700,
                            0
                        ],
                        "Scale": 0.15000000596046448,
                        "Scale3D": [
                            0.009999999776482582,
                            0.1599999964237213,
                            0.009999999776482582
                        ],
                        "Materials": [
                            "Common_GunMaterials.MasterMaterials.Tediore.MasterMati_TedioreEpic"
                        ]
                    }
                },
                {
                    "EngineMeshes.Cube": {
                        "Rename": "Tannis Note 13",
                        "Tags": [],
                        "Metadata": "",
                        "Location": [
                            6020.84521484375,
                            -44898.6015625,
                            -4939
                        ],
                        "Rotation": [
                            0,
                            -11500,
                            0
                        ],
                        "Scale": 0.15000000596046448,
                        "Scale3D": [
                            0.009999999776482582,
                            0.1599999964237213,
                            0.009999999776482582
                        ],
                        "Materials": [
                            "Common_GunMaterials.MasterMaterials.Tediore.MasterMati_TedioreEpic"
                        ]
                    }
                },
                {
                    "EngineMeshes.Cube": {
                        "Rename": "Tannis Note 14",
                        "Tags": [],
                        "Metadata": "",
                        "Location": [
                            6019.84521484375,
                            -44897.6015625,
                            -4939
                        ],
                        "Rotation": [
                            0,
                            -6800,
                            0
                        ],
                        "Scale": 0.15000000596046448,
                        "Scale3D": [
                            0.009999999776482582,
                            0.1599999964237213,
                            0.009999999776482582
                        ],
                        "Materials": [
                            "Common_GunMaterials.MasterMaterials.Tediore.MasterMati_TedioreEpic"
                        ]
                    }
                },
                {
                    "EngineMeshes.Cube": {
                        "Rename": "Tannis Note 15",
                        "Tags": [],
                        "Metadata": "",
                        "Location": [
                            6018.84521484375,
                            -44896.6015625,
                            -4939
                        ],
                        "Rotation": [
                            0,
                            -6800,
                            0
                        ],
                        "Scale": 0.15000000596046448,
                        "Scale3D": [
                            0.009999999776482582,
                            0.1599999964237213,
                            0.009999999776482582
                        ],
                        "Materials": [
                            "Common_GunMaterials.MasterMaterials.Tediore.MasterMati_TedioreEpic"
                        ]
                    }
                },
                {
                    "EngineMeshes.Cube": {
                        "Rename": "Tannis Note 16",
                        "Tags": [],
                        "Metadata": "",
                        "Location": [
                            6017.84521484375,
                            -44895.80078125,
                            -4939
                        ],
                        "Rotation": [
                            0,
                            -10200,
                            0
                        ],
                        "Scale": 0.15000000596046448,
                        "Scale3D": [
                            0.009999999776482582,
                            0.17000000178813934,
                            0.009999999776482582
                        ],
                        "Materials": [
                            "Common_GunMaterials.MasterMaterials.Tediore.MasterMati_TedioreEpic"
                        ]
                    }
                },
                {
                    "EngineMeshes.Cube": {
                        "Rename": "Tannis Note 17",
                        "Tags": [],
                        "Metadata": "",
                        "Location": [
                            6017.39990234375,
                            -44894.80078125,
                            -4939
                        ],
                        "Rotation": [
                            0,
                            -6900,
                            0
                        ],
                        "Scale": 0.15000000596046448,
                        "Scale3D": [
                            0.009999999776482582,
                            0.17000000178813934,
                            0.009999999776482582
                        ],
                        "Materials": [
                            "Common_GunMaterials.MasterMaterials.Tediore.MasterMati_TedioreEpic"
                        ]
                    }
                },
                {
                    "EngineMeshes.Cube": {
                        "Rename": "Tannis Note 18",
                        "Tags": [],
                        "Metadata": "",
                        "Location": [
                            6015.7001953125,
                            -44894,
                            -4939
                        ],
                        "Rotation": [
                            0,
                            -6900,
                            0
                        ],
                        "Scale": 0.15000000596046448,
                        "Scale3D": [
                            0.009999999776482582,
                            0.17000000178813934,
                            0.009999999776482582
                        ],
                        "Materials": [
                            "Common_GunMaterials.MasterMaterials.Tediore.MasterMati_TedioreEpic"
                        ]
                    }
                },
                {
                    "EngineMeshes.Cube": {
                        "Rename": "Tannis Note 19",
                        "Tags": [],
                        "Metadata": "",
                        "Location": [
                            6014.7001953125,
                            -44891,
                            -4939
                        ],
                        "Rotation": [
                            0,
                            800,
                            0
                        ],
                        "Scale": 0.15000000596046448,
                        "Scale3D": [
                            0.009999999776482582,
                            0.09000000357627869,
                            0.009999999776482582
                        ],
                        "Materials": [
                            "Common_GunMaterials.MasterMaterials.Tediore.MasterMati_TedioreEpic"
                        ]
                    }
                },
                {
                    "EngineMeshes.Cube": {
                        "Rename": "Tannis Note 20",
                        "Tags": [],
                        "Metadata": "",
                        "Location": [
                            6013.7001953125,
                            -44893,
                            -4939
                        ],
                        "Rotation": [
                            0,
                            18000,
                            0
                        ],
                        "Scale": 0.15000000596046448,
                        "Scale3D": [
                            0.009999999776482582,
                            0.05999999865889549,
                            0.009999999776482582
                        ],
                        "Materials": [
                            "Common_GunMaterials.MasterMaterials.Tediore.MasterMati_TedioreEpic"
                        ]
                    }
                },
                {
                    "EngineMeshes.Cube": {
                        "Rename": "Tannis Note 21",
                        "Tags": [],
                        "Metadata": "",
                        "Location": [
                            6012.7001953125,
                            -44895,
                            -4939
                        ],
                        "Rotation": [
                            0,
                            800,
                            0
                        ],
                        "Scale": 0.15000000596046448,
                        "Scale3D": [
                            0.009999999776482582,
                            0.09000000357627869,
                            0.009999999776482582
                        ],
                        "Materials": [
                            "Common_GunMaterials.MasterMaterials.Tediore.MasterMati_TedioreEpic"
                        ]
                    }
                }
            ],
            "InteractiveObjectDefinition": [
                {
                    "GD_Orchid_TreasureChests.InteractiveObjects.ObjectGrade_PirateChest_Epic": {
                        "Rename": "",
                        "Tags": [],
                        "Metadata": "",
                        "Location": [
                            5107.2490234375,
                            -45020.6171875,
                            -4935
                        ],
                        "Rotation": [
                            0,
                            -14400,
                            0
                        ],
                        "Scale": 1,
                        "Scale3D": [
                            1,
                            1,
                            1
                        ],
                        "Materials": [
                            "Orchid_WormBelly_P.TheWorld:PersistentLevel.WillowInteractiveObject_100.SkeletalMeshComponent_541.MaterialInstanceConstant_599"
                        ]
                    }
                },
                {
                    "GD_Orchid_TreasureChests.InteractiveObjects.ObjectGrade_PirateChest_Epic": {
                        "Rename": "",
                        "Tags": [],
                        "Metadata": "",
                        "Location": [
                            4750.10498046875,
                            -43966.9375,
                            -4932
                        ],
                        "Rotation": [
                            -500,
                            -29000,
                            -200
                        ],
                        "Scale": 1,
                        "Scale3D": [
                            1,
                            1,
                            1
                        ],
                        "Materials": [
                            "Orchid_WormBelly_P.TheWorld:PersistentLevel.WillowInteractiveObject_101.SkeletalMeshComponent_542.MaterialInstanceConstant_600"
                        ]
                    }
                },
                {
                    "GD_Orchid_TreasureChests.InteractiveObjects.ObjectGrade_PirateChest_Epic": {
                        "Rename": "",
                        "Tags": [],
                        "Metadata": "",
                        "Location": [
                            6383.0419921875,
                            -43199.1015625,
                            -4941
                        ],
                        "Rotation": [
                            0,
                            29800,
                            0
                        ],
                        "Scale": 1,
                        "Scale3D": [
                            1,
                            1,
                            1
                        ],
                        "Materials": [
                            "Orchid_WormBelly_P.TheWorld:PersistentLevel.WillowInteractiveObject_102.SkeletalMeshComponent_543.MaterialInstanceConstant_601"
                        ]
                    }
                },
                {
                    "GD_Orchid_LeviathanCorpse.InteractiveObject.InteractiveObj_Orchid_LeviathanCorpse": {
                        "Rename": "",
                        "Tags": [],
                        "Metadata": "",
                        "Location": [
                            5771.60986328125,
                            -43104.5078125,
                            -4883.89501953125
                        ],
                        "Rotation": [
                            -2200,
                            9200,
                            -5600
                        ],
                        "Scale": 0.009999999776482582,
                        "Scale3D": [
                            1,
                            1,
                            1
                        ],
                        "Materials": []
                    }
                }
            ]
        }
    }
}